"Ref_ID","Brand","Model","Type","Document_status","H_mm","W_mm","D_mm","Antenna_mass_kg","Mass_basis","Kit_mass_kg","Kit_mass_basis","Mounting_kit","Mounting_pipe_min_mm","Mounting_pipe_max_mm","EPA_front_m2","EPA_side_m2","RF_ports","Connector_basis","Frequency","Wind_front_N","Wind_side_N","Wind_rear_N","Wind_max_N","Wind_reference_kmh","Survival_speed_kmh","Revision","Checked","Spec_PDF_URL","Unreviewed_public_PDF_URL","Mechanical_PDF_page","Wind_PDF_page","Source_URL","Source_SHA256","Field_locators","Notes","Australian_operator_evidence","Length_mm","Diameter_mm","Size_description","Published_survival_speed","Field_issues","Form_factor","Product_page_URL","Published_EFPA_m2","Published_Cd","Published_Cd_basis","Derived_Cd","Derived_Cd_basis","Equivalent_force_coefficient_front","Equivalent_force_coefficient_side","Equivalent_force_coefficient_rear","Coefficient_assumed_density_kg_m3","Coefficient_reference_front_m2","Coefficient_reference_side_m2","Coefficient_reference_rear_m2","Coefficient_reference_speed_kmh","Coefficient_status","Coefficient_assumptions","Coefficient_unavailable_reasons"
"PANEL-CAT-001","CommScope / ANDREW","RV4-65D-R5-V6","Passive","datasheet","2688","350","208","33.5","Without mounting kit","","","","","","","","10","4.3-10 Female","694-960 MHz / 1695-2690 MHz","477","409","506","1010","150","241","March 12, 2025","2026-10-01","https://www.andrew.com/globalassets/digizuite/263340-p360-rv4-65d-r5-v6-comprehensiveexternal.pdf","","2","4","https://www.andrew.com/globalassets/digizuite/263340-p360-rv4-65d-r5-v6-comprehensiveexternal.pdf","9ff2dee00bbff86e22d440b474be9838ec0a12628a33a2764a14749da035c5d6","dimensions: PDF p. 2, Dimensions; mass: PDF p. 2, Without mounting kit; rf: PDF pp. 1-3, Electrical specifications / array layout; wind: PDF p. 4, Mechanical specifications","","","","","","","","","https://www.andrew.com/products/base-station-antennas/antennas/itemrv4-65d-r5-v6/","","","","","","0.47680133277800923","0.6879345144651268","0.5057892544773012","1.225","0.9408","0.559104","0.9408","150","Equivalent estimate only","Assumed ρ = 1.225 kg/m³; nominal envelope H × W for front/rear and H × D for side. Manufacturer test density, drag versus resultant force, pole/bracket contribution and true projected area are not confirmed. C = F / (0.5 × ρ × V² × A), V in m/s. This is not manufacturer Cd, EPA/EFPA or a site-design coefficient.","{""max"":""Maximum-force direction and matching reference area are not established; no maximum coefficient is inferred.""}"
"PANEL-CAT-002","CommScope / ANDREW","RRV4-65D-R6","Passive","datasheet","2688","498","197","44.5","Without mounting kit","","","","","","","","12","4.3-10 Female","694-960 MHz / 1695-2690 MHz","1070","375","880","1385","150","241","July 7, 2025","2026-10-01","https://www.andrew.com/globalassets/digizuite/263227-p360-rrv4-65d-r6-comprehensiveexternal.pdf","","2","4","https://www.andrew.com/globalassets/digizuite/263227-p360-rrv4-65d-r6-comprehensiveexternal.pdf","88fb043b43b2f1f5d8fbfb1203ffd6b8b324091f77a35dd2a7f70d81f0736f0a","dimensions: PDF p. 2, Dimensions; mass: PDF p. 2, Without mounting kit; rf: PDF pp. 1-3, Electrical specifications / array layout; wind: PDF p. 4, Mechanical specifications","","","","","","","","","https://www.andrew.com/products/base-station-antennas/antennas/itemrrv4-65d-r6/","","","","","","0.7516948259510345","0.665966168918619","0.6182163054550565","1.225","1.338624","0.529536","1.338624","150","Equivalent estimate only","Assumed ρ = 1.225 kg/m³; nominal envelope H × W for front/rear and H × D for side. Manufacturer test density, drag versus resultant force, pole/bracket contribution and true projected area are not confirmed. C = F / (0.5 × ρ × V² × A), V in m/s. This is not manufacturer Cd, EPA/EFPA or a site-design coefficient.","{""max"":""Maximum-force direction and matching reference area are not established; no maximum coefficient is inferred.""}"
"PANEL-CAT-003","CommScope / ANDREW","RRZZ-65B-R4","Passive","datasheet","1828","498","197","30.8","Antenna only","","","","","","","","8","4.3-10 Female","694-960 MHz / 1427-2690 MHz","685","232","564","889","150","241","July 22, 2025","2026-10-01","https://www.andrew.com/globalassets/digizuite/263254-p360-rrzz-65b-r4-comprehensiveexternal.pdf","","2","3","https://www.andrew.com/globalassets/digizuite/263254-p360-rrzz-65b-r4-comprehensiveexternal.pdf","0f4db0bf552ff69726df42f1cb1f66932e4d3f753bbeb359dca4cd088715b014","dimensions: PDF p. 2, Dimensions; mass: PDF p. 2, Antenna only; rf: PDF pp. 1-3, Electrical specifications / array layout; wind: PDF p. 3, Mechanical specifications","","","","","","","","","https://www.andrew.com/products/base-station-antennas/antennas/itemrrzz-65b-r4/","","","","","","0.7076221646286841","0.6058455994111649","0.5826261326285808","1.225","0.910344","0.360116","0.910344","150","Equivalent estimate only","Assumed ρ = 1.225 kg/m³; nominal envelope H × W for front/rear and H × D for side. Manufacturer test density, drag versus resultant force, pole/bracket contribution and true projected area are not confirmed. C = F / (0.5 × ρ × V² × A), V in m/s. This is not manufacturer Cd, EPA/EFPA or a site-design coefficient.","{""max"":""Maximum-force direction and matching reference area are not established; no maximum coefficient is inferred.""}"
"PANEL-CAT-004","CommScope / ANDREW","RVV-65D-R3VB","Passive","datasheet","2547","397","157","28.5","Antenna only","","","","","","","","6","4.3-10 Female","694-960 MHz / 1695-2690 MHz","669","366","1080","","150","200","July 22, 2025","2026-10-01","https://www.andrew.com/globalassets/digizuite/952123-p360-rvv-65d-r3vb-comprehensiveexternal.pdf","","2","3","https://www.andrew.com/globalassets/digizuite/952123-p360-rvv-65d-r3vb-comprehensiveexternal.pdf","fa7e2da2a58e5193f4f4e43fe1a2e00968b1caa24e61c89324b0132337021d20","dimensions: PDF p. 2, Dimensions; mass: PDF p. 2, Antenna only; rf: PDF pp. 1-3, Electrical specifications / array layout; wind: PDF p. 3, Mechanical specifications","","","","","","","","","","","","","","","0.6221900425397884","0.8607338413747712","1.0044323556696135","1.225","1.011159","0.399879","1.011159","150","Equivalent estimate only","Assumed ρ = 1.225 kg/m³; nominal envelope H × W for front/rear and H × D for side. Manufacturer test density, drag versus resultant force, pole/bracket contribution and true projected area are not confirmed. C = F / (0.5 × ρ × V² × A), V in m/s. This is not manufacturer Cd, EPA/EFPA or a site-design coefficient.","{""max"":""Maximum-force direction and matching reference area are not established; no maximum coefficient is inferred.""}"
"PANEL-CAT-005","CommScope / ANDREW","V3-65A-R3","Passive","datasheet","1397","377","87","15.5","Without mounting kit","","","","","","","","6","4.3-10 Female","1695-2690 MHz","524","58","482","","150","241","July 22, 2025","2026-10-01","https://www.andrew.com/globalassets/digizuite/267522-p360-6p-6m-a3-external.pdf","","2","4","https://www.andrew.com/globalassets/digizuite/267522-p360-6p-6m-a3-external.pdf","8a733745171e1246850cf7cea6b463143af3bd6ed44e3b28c0802469c9f278f3","dimensions: PDF p. 2, Dimensions; mass: PDF p. 2, Without mounting kit; rf: PDF pp. 1-3, Electrical specifications / array layout; wind: PDF p. 4, Mechanical specifications","Also named 6P-6M-A3 in the document.","","","","","","","","","","","","","","0.9356424576935807","0.44877507194717553","0.8606482149013471","1.225","0.526669","0.121539","0.526669","150","Equivalent estimate only","Assumed ρ = 1.225 kg/m³; nominal envelope H × W for front/rear and H × D for side. Manufacturer test density, drag versus resultant force, pole/bracket contribution and true projected area are not confirmed. C = F / (0.5 × ρ × V² × A), V in m/s. This is not manufacturer Cd, EPA/EFPA or a site-design coefficient.","{""max"":""Maximum-force direction and matching reference area are not established; no maximum coefficient is inferred.""}"
"PANEL-CAT-006","CommScope / ANDREW","RV4PX310R-V2H","Passive","datasheet","2533","350","208","38.3","Weight, net; mounting-kit inclusion not stated in this row","","","","","","","","10","4.3-10 Female","694-960 MHz / 1695-2690 MHz","445","379","472","942","150","241","May 25, 2026","2026-10-01","https://www.andrew.com/globalassets/digizuite/907379-p360-rv4px310r-v2h-comprehensiveexternal.pdf","","2","3","https://www.andrew.com/globalassets/digizuite/907379-p360-rv4px310r-v2h-comprehensiveexternal.pdf","d9085ad50d56d6bc9599dfefea2c760318c2eb69a7a77108d7b0fd476796a1e3","dimensions: PDF p. 2, Dimensions; mass: PDF p. 3, Weight, net; mounting-kit inclusion not stated in this row; rf: PDF pp. 1-3, Electrical specifications / array layout; wind: PDF p. 3, Mechanical specifications","Weight is the packaging net-weight row. Confirm mounting-kit inclusion before adopting the mass.","","","","","","","","","","","","","","0.47203387587057843","0.676483293368974","0.5006741335076696","1.225","0.88655","0.526864","0.88655","150","Equivalent estimate only","Assumed ρ = 1.225 kg/m³; nominal envelope H × W for front/rear and H × D for side. Manufacturer test density, drag versus resultant force, pole/bracket contribution and true projected area are not confirmed. C = F / (0.5 × ρ × V² × A), V in m/s. This is not manufacturer Cd, EPA/EFPA or a site-design coefficient.","{""max"":""Maximum-force direction and matching reference area are not established; no maximum coefficient is inferred.""}"
"PANEL-CAT-007","CommScope / ANDREW","CNNPX310R-6P","Passive","datasheet","2630","370","120","36.5","Without mounting kit","","","","","","","","6","7-16 DIN Female","824-960 MHz / 1710-2170 MHz","","","","1430","160","200","March 12, 2025","2026-10-01","https://www.andrew.com/globalassets/digizuite/262171-p360-cnnpx310r-6p-comprehensiveexternal.pdf","","2","2","https://www.andrew.com/globalassets/digizuite/262171-p360-cnnpx310r-6p-comprehensiveexternal.pdf","a8524ec119e83217fed7d38f9109d93565fd9b4b519da702b433ed17facbc972","dimensions: PDF p. 2, Dimensions; mass: PDF p. 2, Without mounting kit; rf: PDF pp. 1-2, Electrical specifications / array layout; wind: PDF p. 2, Mechanical specifications","Discontinued 2023-11-30; retained for existing-site identification. The stated replacement is RVV-65D-R3VB; substitution requires project review.","","","","","","","","","","","","","","","","","","","","","","Unavailable","","{""front"":""No positive published front wind force."",""side"":""No positive published side wind force."",""rear"":""No positive published rear wind force."",""max"":""Maximum-force direction and matching reference area are not established; no maximum coefficient is inferred.""}"
"PANEL-CAT-008","CommScope / ANDREW","RRZZVVT4S4-65D-R8","Passive","datasheet","2688","498","197","59.4","Antenna only","","","","","","","","28","4.3-10 Female / M-LOC; 2 separate calibration connections","694-960 MHz / 1427-2690 MHz / 1695-2690 MHz / 2300-2690 MHz / 3300-3800 MHz","1070","375","880","1385","150","241","July 22, 2025","2026-10-01","https://www.andrew.com/globalassets/digizuite/279967-p360-rrzzvvt4s4-65d-r8-external.pdf","","2","5","https://www.andrew.com/globalassets/digizuite/279967-p360-rrzzvvt4s4-65d-r8-external.pdf","af6c1d14a0dc630223ae282d1ad98c4ce98dc8ce25f4bba1f9da7c18fee74bf6","dimensions: PDF p. 2, Dimensions; mass: PDF p. 2, Antenna only; rf: PDF pp. 1-3, Electrical specifications / array layout; wind: PDF p. 5, Mechanical specifications","Passive FDD / TDD beamforming antenna; beamforming arrays do not establish an integrated active radio. The 2025-07-22 sheet announces discontinuation on 2025-12-31. Current supply status is not verified. Connector ports and calibration ports are distinct.","","","","","","","","https://www.andrew.com/products/base-station-antennas/antennas/itemrrzzvvt4s4-65d-r8/","","","","","","0.7516948259510345","0.665966168918619","0.6182163054550565","1.225","1.338624","0.529536","1.338624","150","Equivalent estimate only","Assumed ρ = 1.225 kg/m³; nominal envelope H × W for front/rear and H × D for side. Manufacturer test density, drag versus resultant force, pole/bracket contribution and true projected area are not confirmed. C = F / (0.5 × ρ × V² × A), V in m/s. This is not manufacturer Cd, EPA/EFPA or a site-design coefficient.","{""max"":""Maximum-force direction and matching reference area are not established; no maximum coefficient is inferred.""}"
"PANEL-CAT-009","Tongyu","T2008L6R022","Passive","datasheet","2680","499","198","51","Antenna weight; kit stated separately","8.4","Separate mounting kit (manufacturer stated)","","","","","","","FDD: 12 x 4.3-10 Female; TDD: 1 x (MQ4+MQ5) Male","698-960 MHz / 1427-2690 MHz / 1710-2690 MHz / 3300-3800 MHz","1485","435","1670","","150","216","A0820220506A100035343069069","2026-10-01","https://www.tycc.cn/file/851e449573604904a9494a12c44ba9a5.pdf","","3","3","https://www.tycc.cn/file/851e449573604904a9494a12c44ba9a5.pdf","b388a387747d4df0cc504caab837d5f4d72c93b52cc7635ce7e4763fa4fb1a1e","dimensions: PDF p. 3, Mechanical specifications; mass: PDF p. 3, Antenna weight; kit stated separately; rf: PDF pp. 1-2, Electrical specifications / beam modes; wind: PDF p. 3, Mechanical specifications; kitMass: PDF p. 3, Mechanical specifications: mounting kit weight","Passive FDD / TDD beamforming antenna; beamforming arrays do not establish an integrated active radio. Cluster connectors are not counted as individual RF ports. Gain and HPBW depend on FDD array / TDD beam mode; use the PDF.","","","","","","","","","","","","","","1.0442572626214965","0.7709135214465707","1.1743499182342756","1.225","1.33732","0.53064","1.33732","150","Equivalent estimate only","Assumed ρ = 1.225 kg/m³; nominal envelope H × W for front/rear and H × D for side. Manufacturer test density, drag versus resultant force, pole/bracket contribution and true projected area are not confirmed. C = F / (0.5 × ρ × V² × A), V in m/s. This is not manufacturer Cd, EPA/EFPA or a site-design coefficient.","{""max"":""Maximum-force direction and matching reference area are not established; no maximum coefficient is inferred.""}"
"PANEL-CAT-010","Tongyu","T2006M6R021","Passive","datasheet","2080","499","178","39.8","Antenna weight; kit stated separately","5.4","Separate mounting kit (manufacturer stated)","","","","","","","17 x 4.3-10 Female; RF/calibration allocation: see PDF","698-960 MHz / 1710-2690 MHz / 3300-3800 MHz","1162","225","1177","","150","216","A0920220506A100012843069028","2026-10-01","https://www.tycc.cn/file/dedad8a0c84541699fd89aba7d0b4fdd.pdf","","3","3","https://www.tycc.cn/file/dedad8a0c84541699fd89aba7d0b4fdd.pdf","e483a6b902cc331950f5847c896cd26be2385064288a73e1d8cb0ecd2196acce","dimensions: PDF p. 3, Mechanical specifications; mass: PDF p. 3, Antenna weight; kit stated separately; rf: PDF pp. 1-2, Electrical specifications / beam modes; wind: PDF p. 3, Mechanical specifications; kitMass: PDF p. 3, Mechanical specifications: mounting kit weight","Passive FDD / TDD beamforming antenna; beamforming arrays do not establish an integrated active radio. Physical connector count includes connections whose RF/calibration allocation needs the source diagram; not converted to a port count.","","","","","","","","","","","","","","1.052830936598472","0.571499126876334","1.066421697397936","1.225","1.03792","0.37024","1.03792","150","Equivalent estimate only","Assumed ρ = 1.225 kg/m³; nominal envelope H × W for front/rear and H × D for side. Manufacturer test density, drag versus resultant force, pole/bracket contribution and true projected area are not confirmed. C = F / (0.5 × ρ × V² × A), V in m/s. This is not manufacturer Cd, EPA/EFPA or a site-design coefficient.","{""max"":""Maximum-force direction and matching reference area are not established; no maximum coefficient is inferred.""}"
"PANEL-DISC-001","Ericsson","AIR 6419","Active","family","","","","","Exact variant not verified","","","","","","","","","","TDD mid-band","","","","","","","See dated source / portfolio","2026-10-01","","","","","https://www.ericsson.com/en/ran/massive-mimo/solutions","","identity: Official portfolio, Ultralight TDD range","Exact band suffix/order code and mechanical PDF required. Listed in the official portfolio; no family mechanical value adopted.","Optus | planned | 2024-08-26 | Kings Langley West, NSW | Active antenna; band not assigned in plan note | PDF p. 2, 1673-G2, new Optus active antennas | https://www.blacktown.nsw.gov.au/files/assets/public/v/1/planning-neighbour-notifications-2024/da-24-00164/amended-design-plans-14-june-rfi-morgan-power-reserve-kings-langley_2.pdf","","","","","","","","","","","","","","","","","","","","","Unavailable","","{""front"":""Exact wind and dimension source pages are not verified."",""side"":""Exact wind and dimension source pages are not verified."",""rear"":""Exact wind and dimension source pages are not verified."",""max"":""Maximum-force direction and matching reference area are not established; no maximum coefficient is inferred.""}"
"PANEL-DISC-002","Ericsson","AIR 6488","Active","site-record","","","","","Exact variant not verified","","","","","","","","","","Variant required","","","","","","","See dated source / portfolio","2026-10-01","","","","","https://www.publications.qld.gov.au/dataset/a030b6bb-c068-43de-ba48-481b6d1c68ee/resource/4ba3e401-c5ba-4d4d-b198-f88105df93f0/download/ash-eme-guide-28.08.24.pdf","56c2684957fd5dbb5faf7fe3b49cdae8e69127d9251a9ad75bd916a19816ab40","identity: PDF p. 17, Telstra AIR6488 rows","Telstra and Optus site records confirm AIR6488. Published planning dimensions differ between sources; no family mechanical value is adopted.","Telstra | existing | 2024-08-28 | Ashmore, RFNSA 4214001 | NR3500 | PDF p. 17, A103-A105 | https://www.publications.qld.gov.au/dataset/a030b6bb-c068-43de-ba48-481b6d1c68ee/resource/4ba3e401-c5ba-4d4d-b198-f88105df93f0/download/ash-eme-guide-28.08.24.pdf; Optus | existing | 2021-01-13 | 39 Herbert Street, RFNSA 2065015 | NR3500 | PDF pp. 25-26, 12-O / 22-O / 32-O | https://mirvacam-auth.mirvac.com/-/media/project/mirvac/oandi/mirvacam/contractors/resources/risk-docs/nsw---39-herbert-st/eme_guide-2065015.pdf","","","","","","","","","","","","","","","","","","","","","Unavailable","","{""front"":""Exact wind and dimension source pages are not verified."",""side"":""Exact wind and dimension source pages are not verified."",""rear"":""Exact wind and dimension source pages are not verified."",""max"":""Maximum-force direction and matching reference area are not established; no maximum coefficient is inferred.""}"
"PANEL-DISC-003","Ericsson","AIR 1641","Active","family","","","","","Exact variant not verified","","","","","","","","","","1800 / 2100 MHz FDD (deployment spectrum)","","","","","","","See dated source / portfolio","2026-10-01","","","","","https://www.ericsson.com/en/press-releases/7/2022/optus-switches-on-5g-in-tasmania-for-the-first-time","","identity: 2022-03-10 news, Hobart deployment paragraph","Official Australian deployment evidence; exact operating ranges, dimensions, mass and wind forces remain unavailable.","Optus | deployed | 2022-03-10 | Hobart, Tasmania | 4G/5G dual-band FDD 1800/2100 MHz | Opening deployment paragraphs | https://www.ericsson.com/en/press-releases/7/2022/optus-switches-on-5g-in-tasmania-for-the-first-time","","","","","","","","","","","","","","","","","","","","","Unavailable","","{""front"":""Exact wind and dimension source pages are not verified."",""side"":""Exact wind and dimension source pages are not verified."",""rear"":""Exact wind and dimension source pages are not verified."",""max"":""Maximum-force direction and matching reference area are not established; no maximum coefficient is inferred.""}"
"PANEL-DISC-004","Ericsson","AIR 3284","Active","family","","","","","Exact variant not verified","","","","","","","","","","Triple-band FDD","","","","","","","See dated source / portfolio","2026-10-01","","","","","https://www.ericsson.com/en/ran/massive-mimo/solutions","","identity: Multi-band TDD and FDD range; Telstra customer story","Portfolio states 47 kg for the family; mass is suppressed in the comparison until the exact variant/order code and mounting basis are verified.","Telstra | deployed | 2025-06-02 | Telstra network, Australia | 5G triple-band FDD Massive MIMO | Opening commercial deployment paragraph | https://www.ericsson.com/en/press-releases/7/2025/driving-5g-innovation-ericsson-and-telstra-unveil-triple-band-fdd-massive-mimo-radio","","","","","","","","","","","","","","","","","","","","","Unavailable","","{""front"":""Exact wind and dimension source pages are not verified."",""side"":""Exact wind and dimension source pages are not verified."",""rear"":""Exact wind and dimension source pages are not verified."",""max"":""Maximum-force direction and matching reference area are not established; no maximum coefficient is inferred.""}"
"PANEL-DISC-005","Ericsson","AIR 3268","Active","conflict","","","","","Exact variant not verified","","","","","","","","","","5G mid-band","","","","","","","See dated source / portfolio","2026-10-01","","","","","https://www.ericsson.com/en/news/2021/9/ericsson-launches-ultra-lightweight-air-3268-radio","","identity: 2021-09-21 announcement; compare 2022-10-27 EE release","Source conflict/variant ambiguity: 2021 announcement states 12 kg, while the 2022 EE deployment release states 14 kg. Neither is adopted as exact-model mass.","","","","","","","","","","","","","","","","","","","","","","Unavailable","","{""front"":""Exact wind and dimension source pages are not verified."",""side"":""Exact wind and dimension source pages are not verified."",""rear"":""Exact wind and dimension source pages are not verified."",""max"":""Maximum-force direction and matching reference area are not established; no maximum coefficient is inferred.""}"
"PANEL-DISC-006","Nokia","Habrok 64","Active","family","","","","","Exact variant not verified","","","","","","","","","","n78 (initial family announcement)","","","","","","","See dated source / portfolio","2026-10-01","","","","","https://www.nokia.com/newsroom/nokia-redefines-massive-mimo-radio-performance-with-the-launch-of-habrok-its-latest-generation-of-airscale-5g-radios-powered-by-reefshark-mwc23/","","identity: 2023-02-26 release, product introduction / spectrum paragraphs","Family announcement states 64 TRX and 24 kg; exact order code, enclosure dimensions, mounting basis and wind forces require the model datasheet. Rechecked manufacturer portfolio on 2 October 2026; exact order-code mechanical PDF remains unavailable. Confidential-marked copies on third-party sites are excluded.","","","","","","","","","","","","","","","","","","","","","","Unavailable","","{""front"":""Exact wind and dimension source pages are not verified."",""side"":""Exact wind and dimension source pages are not verified."",""rear"":""Exact wind and dimension source pages are not verified."",""max"":""Maximum-force direction and matching reference area are not established; no maximum coefficient is inferred.""}"
"PANEL-DISC-007","Nokia","Habrok 32","Active","family","","","","","Exact variant not verified","","","","","","","","","","n78 (initial family announcement)","","","","","","","See dated source / portfolio","2026-10-01","","","","","https://www.nokia.com/newsroom/nokia-redefines-massive-mimo-radio-performance-with-the-launch-of-habrok-its-latest-generation-of-airscale-5g-radios-powered-by-reefshark-mwc23/","","identity: 2023-02-26 release, product introduction / spectrum paragraphs","Family announcement states 32 TRX; no exact mechanical data is adopted. Obtain the band-specific order code and datasheet. Rechecked manufacturer portfolio on 2 October 2026; exact order-code mechanical PDF remains unavailable. Confidential-marked copies on third-party sites are excluded.","","","","","","","","","","","","","","","","","","","","","","Unavailable","","{""front"":""Exact wind and dimension source pages are not verified."",""side"":""Exact wind and dimension source pages are not verified."",""rear"":""Exact wind and dimension source pages are not verified."",""max"":""Maximum-force direction and matching reference area are not established; no maximum coefficient is inferred.""}"
"PANEL-EXT-001","CommScope / ANDREW","RVVPX310.11B-T2H","Passive","datasheet","2533","350","208","33.2","Without mounting kit","6","Net weight, separate kit","T-029-GL-E","60","115","","","6","4.3-10 Female","694-960 MHz / 1695-2690 MHz","445","379","472","942","150","241","March 12, 2025","2026-10-01","https://www.andrew.com/globalassets/digizuite/703591-p360-rvvpx310-11b-t2h-comprehensiveexternal.pdf","","2","4","https://www.andrew.com/globalassets/digizuite/703591-p360-rvvpx310-11b-t2h-comprehensiveexternal.pdf","08bc5c546310295bae7accee4590ce2531cb75ceee792fb07068000d071fde68","identity: PDF model title; dimensions: PDF p. 2, Dimensions; mass: PDF p. 2, Net Weight, without mounting kit; rf: PDF pp. 1-3, Electrical specifications / array layout; wind: PDF p. 4, Mechanical specifications; kitMass: PDF p. 5, T-029-GL-E Weight, net; kit revised March 14, 2025; mounting: PDF p. 5, T-029-GL-E Compatible Diameter","","Telstra | planned | 2024-09-15 | Dalmeny, NSW, RFNSA 2546029 | LTE700/NR850 | PDF p. 5, NSW100692 S3-1 issue 1 | https://www.esc.nsw.gov.au/__data/assets/pdf_file/0007/263761/DA0187-25-Telecommunications-Tower-Attachment-4-Plans.pdf","","","","","","","","","","","","","0.47203387587057843","0.676483293368974","0.5006741335076696","1.225","0.88655","0.526864","0.88655","150","Equivalent estimate only","Assumed ρ = 1.225 kg/m³; nominal envelope H × W for front/rear and H × D for side. Manufacturer test density, drag versus resultant force, pole/bracket contribution and true projected area are not confirmed. C = F / (0.5 × ρ × V² × A), V in m/s. This is not manufacturer Cd, EPA/EFPA or a site-design coefficient.","{""max"":""Maximum-force direction and matching reference area are not established; no maximum coefficient is inferred.""}"
"PANEL-EXT-002","CommScope / ANDREW","RPX310B-T2","Passive","datasheet","2533","350","208","27","Without mounting kit","","","","","","","","2","7-16 DIN Female","694-960 MHz","445","379","472","942","150","200","March 12, 2025","2026-10-01","https://www.andrew.com/globalassets/digizuite/263189-p360-rpx310b-t2-external.pdf","","2","3","https://www.andrew.com/globalassets/digizuite/263189-p360-rpx310b-t2-external.pdf","7453981a7b47542edd6e3a228027c66ea5af06ed1e01527cbecc327d42b5637b","identity: PDF model title; dimensions: PDF p. 2, Dimensions; mass: PDF p. 2, Net Weight, without mounting kit; rf: PDF pp. 1-2, Electrical specifications; wind: PDF p. 3, Mechanical specifications","","Telstra | planned | 2018-05-31 | Palana CMTS, site 318423, Tasmania | LTE700 | PDF p. 64, V113237 S3-1 issue 1, A1-A4 INSTALL | https://www.flinders.tas.gov.au/client-assets/images/Development/Downloads/DA%20Application%20-%20ACQ%20Flinders%20Island%20Palana.pdf","","","","","","","","","","","","","0.47203387587057843","0.676483293368974","0.5006741335076696","1.225","0.88655","0.526864","0.88655","150","Equivalent estimate only","Assumed ρ = 1.225 kg/m³; nominal envelope H × W for front/rear and H × D for side. Manufacturer test density, drag versus resultant force, pole/bracket contribution and true projected area are not confirmed. C = F / (0.5 × ρ × V² × A), V in m/s. This is not manufacturer Cd, EPA/EFPA or a site-design coefficient.","{""max"":""Maximum-force direction and matching reference area are not established; no maximum coefficient is inferred.""}"
"PANEL-EXT-003","CommScope / ANDREW","RV4PX308R-V2","Passive","datasheet","2065","350","208","31.8","Without mounting kit","","","","","","","","10","7-16 DIN Female","694-960 MHz / 1695-2690 MHz","348","294","369","737","150","241","March 12, 2025","2026-10-01","https://www.andrew.com/globalassets/digizuite/263362-p360-rv4px308r-v2-external.pdf","","2","4","https://www.andrew.com/globalassets/digizuite/263362-p360-rv4px308r-v2-external.pdf","2d06862af3998634f8ecd5ffb8ebea24cb8c1e232230bb8c99c4e3c75c1eebe8","identity: PDF model title; dimensions: PDF p. 2, Dimensions; mass: PDF p. 2, Net Weight, without mounting kit; rf: PDF pp. 1-3, Electrical specifications / array layout; wind: PDF p. 4, Mechanical specifications","","Telstra | existing | 2024-08-28 | Ashmore, RFNSA 4214001 | LTE700/1800/2600 | PDF p. 17, A23 / A24 | https://www.publications.qld.gov.au/dataset/a030b6bb-c068-43de-ba48-481b6d1c68ee/resource/4ba3e401-c5ba-4d4d-b198-f88105df93f0/download/ash-eme-guide-28.08.24.pdf","","","","","","","","","","","","","0.4528011633570758","0.6436952877630845","0.48012537149069245","1.225","0.72275","0.42952","0.72275","150","Equivalent estimate only","Assumed ρ = 1.225 kg/m³; nominal envelope H × W for front/rear and H × D for side. Manufacturer test density, drag versus resultant force, pole/bracket contribution and true projected area are not confirmed. C = F / (0.5 × ρ × V² × A), V in m/s. This is not manufacturer Cd, EPA/EFPA or a site-design coefficient.","{""max"":""Maximum-force direction and matching reference area are not established; no maximum coefficient is inferred.""}"
"PANEL-EXT-004","CommScope / ANDREW","R2V4PX306R-V2","Passive","datasheet","1607","641","244","48.2","Without mounting kit","","","","","","","","12","4.3-10 Female","698-960 MHz / 1710-2690 MHz","1296","274","1367","","150","250","March 12, 2025","2026-10-01","https://www.andrew.com/globalassets/digizuite/263155-p360-r2v4px306r-v2-external.pdf","","2","3","https://www.andrew.com/globalassets/digizuite/263155-p360-r2v4px306r-v2-external.pdf","cbe517824d081e8337e45b8d7b7d177401723e4daaebccb2e72c0ee1bbfb0234","identity: PDF model title; dimensions: PDF p. 2, Dimensions; mass: PDF p. 2, Net Weight, without mounting kit; rf: PDF pp. 1-3, Electrical specifications; wind: PDF p. 3, Mechanical specifications","","","","","","","","","","","","","","","1.1831709162350723","0.6571450639484374","1.2479896932819012","1.225","1.030087","0.392108","1.030087","150","Equivalent estimate only","Assumed ρ = 1.225 kg/m³; nominal envelope H × W for front/rear and H × D for side. Manufacturer test density, drag versus resultant force, pole/bracket contribution and true projected area are not confirmed. C = F / (0.5 × ρ × V² × A), V in m/s. This is not manufacturer Cd, EPA/EFPA or a site-design coefficient.","{""max"":""Maximum-force direction and matching reference area are not established; no maximum coefficient is inferred.""}"
"PANEL-EXT-005","Huawei","ASI4517R1","Passive","site-record","","","","","Exact variant not verified","","","","","","","","","","See exact variant sheet","","","","","","","Issue 13, 28 August 2024","2026-10-01","","","","","https://www.publications.qld.gov.au/dataset/a030b6bb-c068-43de-ba48-481b6d1c68ee/resource/4ba3e401-c5ba-4d4d-b198-f88105df93f0/download/ash-eme-guide-28.08.24.pdf","56c2684957fd5dbb5faf7fe3b49cdae8e69127d9251a9ad75bd916a19816ab40","identity: PDF pp. 15-16, Optus equipment rows","Documented Australian site equipment. Obtain the exact manufacturer model / order code and revision before using mechanical or RF values. Site technology is not the product frequency envelope.","Optus | existing | 2024-08-28 | Ashmore, RFNSA 4214001 | LTE700/1800/2600; NR/LTE900/2100 | PDF pp. 15-16, 11-O / 21-O / 31-O | https://www.publications.qld.gov.au/dataset/a030b6bb-c068-43de-ba48-481b6d1c68ee/resource/4ba3e401-c5ba-4d4d-b198-f88105df93f0/download/ash-eme-guide-28.08.24.pdf","","","","","","","","","","","","","","","","","","","","","Unavailable","","{""front"":""Exact wind and dimension source pages are not verified."",""side"":""Exact wind and dimension source pages are not verified."",""rear"":""Exact wind and dimension source pages are not verified."",""max"":""Maximum-force direction and matching reference area are not established; no maximum coefficient is inferred.""}"
"PANEL-EXT-006","Tongyu","T2040L3R011","Passive","site-record","","","","","Exact variant not verified","","","","","","","","","","See exact variant sheet","","","","","","","Issue 13, 28 August 2024","2026-10-01","","","","","https://www.publications.qld.gov.au/dataset/a030b6bb-c068-43de-ba48-481b6d1c68ee/resource/4ba3e401-c5ba-4d4d-b198-f88105df93f0/download/ash-eme-guide-28.08.24.pdf","56c2684957fd5dbb5faf7fe3b49cdae8e69127d9251a9ad75bd916a19816ab40","identity: PDF pp. 15-16, Vodafone equipment rows","Documented Australian site equipment. Obtain the exact manufacturer model / order code and revision before using mechanical or RF values. Site technology is not the product frequency envelope.","Vodafone / TPG | existing | 2024-08-28 | Ashmore, RFNSA 4214001 | LTE850; NR700; NR/LTE1800/2100 | PDF pp. 15-16, 11-V / 21-V / 31-V | https://www.publications.qld.gov.au/dataset/a030b6bb-c068-43de-ba48-481b6d1c68ee/resource/4ba3e401-c5ba-4d4d-b198-f88105df93f0/download/ash-eme-guide-28.08.24.pdf","","","","","","","","","","","","","","","","","","","","","Unavailable","","{""front"":""Exact wind and dimension source pages are not verified."",""side"":""Exact wind and dimension source pages are not verified."",""rear"":""Exact wind and dimension source pages are not verified."",""max"":""Maximum-force direction and matching reference area are not established; no maximum coefficient is inferred.""}"
"PANEL-EXT-007","Nokia","AEQP","Active","site-record","","","","","Exact variant not verified","","","","","","","","","","See exact variant sheet","","","","","","","Issue 13, 28 August 2024","2026-10-01","","","","","https://www.publications.qld.gov.au/dataset/a030b6bb-c068-43de-ba48-481b6d1c68ee/resource/4ba3e401-c5ba-4d4d-b198-f88105df93f0/download/ash-eme-guide-28.08.24.pdf","56c2684957fd5dbb5faf7fe3b49cdae8e69127d9251a9ad75bd916a19816ab40","identity: PDF pp. 15-16, NR3500 rows","Documented Australian site equipment. Obtain the exact manufacturer model / order code and revision before using mechanical or RF values. Site technology is not the product frequency envelope.","Optus | existing | 2024-08-28 | Ashmore, RFNSA 4214001 | NR3500 | PDF pp. 15-16, 12-O / 22-O / 32-O | https://www.publications.qld.gov.au/dataset/a030b6bb-c068-43de-ba48-481b6d1c68ee/resource/4ba3e401-c5ba-4d4d-b198-f88105df93f0/download/ash-eme-guide-28.08.24.pdf; Vodafone / TPG | existing | 2024-08-28 | Ashmore, RFNSA 4214001 | NR3500 | PDF p. 16, 22-V | https://www.publications.qld.gov.au/dataset/a030b6bb-c068-43de-ba48-481b6d1c68ee/resource/4ba3e401-c5ba-4d4d-b198-f88105df93f0/download/ash-eme-guide-28.08.24.pdf","","","","","","","","","","","","","","","","","","","","","Unavailable","","{""front"":""Exact wind and dimension source pages are not verified."",""side"":""Exact wind and dimension source pages are not verified."",""rear"":""Exact wind and dimension source pages are not verified."",""max"":""Maximum-force direction and matching reference area are not established; no maximum coefficient is inferred.""}"
"PANEL-EXT-008","Nokia","AQQY","Active","site-record","","","","","Exact variant not verified","","","","","","","","","","See exact variant sheet","","","","","","","Issue 13, 28 August 2024","2026-10-01","","","","","https://www.publications.qld.gov.au/dataset/a030b6bb-c068-43de-ba48-481b6d1c68ee/resource/4ba3e401-c5ba-4d4d-b198-f88105df93f0/download/ash-eme-guide-28.08.24.pdf","56c2684957fd5dbb5faf7fe3b49cdae8e69127d9251a9ad75bd916a19816ab40","identity: PDF pp. 15, 17, Vodafone NR3500 rows","Documented Australian site equipment. Obtain the exact manufacturer model / order code and revision before using mechanical or RF values. Site technology is not the product frequency envelope.","Vodafone / TPG | existing | 2024-08-28 | Ashmore, RFNSA 4214001 | NR3500 | PDF pp. 15, 17, 12-V / 32-V | https://www.publications.qld.gov.au/dataset/a030b6bb-c068-43de-ba48-481b6d1c68ee/resource/4ba3e401-c5ba-4d4d-b198-f88105df93f0/download/ash-eme-guide-28.08.24.pdf","","","","","","","","","","","","","","","","","","","","","Unavailable","","{""front"":""Exact wind and dimension source pages are not verified."",""side"":""Exact wind and dimension source pages are not verified."",""rear"":""Exact wind and dimension source pages are not verified."",""max"":""Maximum-force direction and matching reference area are not established; no maximum coefficient is inferred.""}"
"PANEL-EXT-009","CommScope / ANDREW","RVVPX308.11B-T2","Passive","site-record","","","","","Exact variant not verified","","","","","","","","","","See exact variant sheet","","","","","","","Issue 13, 28 August 2024","2026-10-01","","","","","https://www.publications.qld.gov.au/dataset/a030b6bb-c068-43de-ba48-481b6d1c68ee/resource/4ba3e401-c5ba-4d4d-b198-f88105df93f0/download/ash-eme-guide-28.08.24.pdf","56c2684957fd5dbb5faf7fe3b49cdae8e69127d9251a9ad75bd916a19816ab40","identity: PDF p. 17, Telstra A26 / A27","Documented Australian site equipment. Obtain the exact manufacturer model / order code and revision before using mechanical or RF values. Site technology is not the product frequency envelope.","Telstra | existing | 2024-08-28 | Ashmore, RFNSA 4214001 | LTE700/1800/2600 | PDF p. 17, A26 / A27 | https://www.publications.qld.gov.au/dataset/a030b6bb-c068-43de-ba48-481b6d1c68ee/resource/4ba3e401-c5ba-4d4d-b198-f88105df93f0/download/ash-eme-guide-28.08.24.pdf","","","","","","","","","","","","","","","","","","","","","Unavailable","","{""front"":""Exact wind and dimension source pages are not verified."",""side"":""Exact wind and dimension source pages are not verified."",""rear"":""Exact wind and dimension source pages are not verified."",""max"":""Maximum-force direction and matching reference area are not established; no maximum coefficient is inferred.""}"
"PANEL-EXT-010","CommScope / ANDREW","R2V4PX306R","Passive","site-record","","","","","Exact variant not verified","","","","","","","","","","See exact variant sheet","","","","","","","Issue 07, 13 January 2021","2026-10-01","","","","","https://mirvacam-auth.mirvac.com/-/media/project/mirvac/oandi/mirvacam/contractors/resources/risk-docs/nsw---39-herbert-st/eme_guide-2065015.pdf","632e3ab91bb6fde664d71589edb5d8f06b701dd9d47828324a402600f5834e6c","identity: PDF pp. 25-26, Optus 11-O / 21-O / 31-O","Documented Australian site equipment. Obtain the exact manufacturer model / order code and revision before using mechanical or RF values. Site technology is not the product frequency envelope. This unsuffixed site designation is not merged with R2V4PX306R-V2.","Optus | existing | 2021-01-13 | 39 Herbert Street, RFNSA 2065015 | LTE700/1800/2100/2300/2600 | PDF pp. 25-26, Optus equipment rows | https://mirvacam-auth.mirvac.com/-/media/project/mirvac/oandi/mirvacam/contractors/resources/risk-docs/nsw---39-herbert-st/eme_guide-2065015.pdf","","","","","","","","","","","","","","","","","","","","","Unavailable","","{""front"":""Exact wind and dimension source pages are not verified."",""side"":""Exact wind and dimension source pages are not verified."",""rear"":""Exact wind and dimension source pages are not verified."",""max"":""Maximum-force direction and matching reference area are not established; no maximum coefficient is inferred.""}"
"PANEL-EXT-011","CommScope / ANDREW","RV4PX310R","Passive","site-record","","","","","Exact variant not verified","","","","","","","","","","See exact variant sheet","","","","","","","See source date / revision","2026-10-01","","","","","https://www.blacktown.nsw.gov.au/files/assets/public/v/1/planning-neighbour-notifications-2024/da-24-00164/amended-design-plans-14-june-rfi-morgan-power-reserve-kings-langley_2.pdf","","identity: PDF p. 2, drawing 1673-G2 revision 08, 26 August 2024","Unsuffixed Argus designation in existing-site plan; not merged with RV4PX310R-V2H.","Optus | existing | 2024-08-26 | Kings Langley West, NSW | Existing shared panel; technology not assigned in source note | PDF p. 2, 1673-G2, existing shared panels | https://www.blacktown.nsw.gov.au/files/assets/public/v/1/planning-neighbour-notifications-2024/da-24-00164/amended-design-plans-14-june-rfi-morgan-power-reserve-kings-langley_2.pdf; Vodafone / TPG | existing | 2024-08-26 | Kings Langley West, NSW | Existing shared panel; technology not assigned in source note | PDF p. 2, 1673-G2, existing shared panels | https://www.blacktown.nsw.gov.au/files/assets/public/v/1/planning-neighbour-notifications-2024/da-24-00164/amended-design-plans-14-june-rfi-morgan-power-reserve-kings-langley_2.pdf","","","","","","","","","","","","","","","","","","","","","Unavailable","","{""front"":""Exact wind and dimension source pages are not verified."",""side"":""Exact wind and dimension source pages are not verified."",""rear"":""Exact wind and dimension source pages are not verified."",""max"":""Maximum-force direction and matching reference area are not established; no maximum coefficient is inferred.""}"
"PANEL-EXT-012","CommScope / ANDREW","RRVV2VVT4S4-65DR10","Passive","site-record","","","","","Exact variant not verified","","","","","","","","","","See exact variant sheet","","","","","","","See source date / revision","2026-10-01","","","","","https://www.blacktown.nsw.gov.au/files/assets/public/v/1/planning-neighbour-notifications-2024/da-24-00164/amended-design-plans-14-june-rfi-morgan-power-reserve-kings-langley_2.pdf","","identity: PDF p. 2, drawing 1673-G2 revision 08, 26 August 2024","Drawing identifies shared 32-port TB/SB panel; exact manufacturer suffix, integrated components and mechanical data remain unverified.","Optus | planned | 2024-08-26 | Kings Langley West, NSW | Shared TB/SB replacement panel; technology not assigned in source note | PDF p. 2, 1673-G2, new shared panels | https://www.blacktown.nsw.gov.au/files/assets/public/v/1/planning-neighbour-notifications-2024/da-24-00164/amended-design-plans-14-june-rfi-morgan-power-reserve-kings-langley_2.pdf; Vodafone / TPG | planned | 2024-08-26 | Kings Langley West, NSW | Shared TB/SB replacement panel; technology not assigned in source note | PDF p. 2, 1673-G2, new shared panels | https://www.blacktown.nsw.gov.au/files/assets/public/v/1/planning-neighbour-notifications-2024/da-24-00164/amended-design-plans-14-june-rfi-morgan-power-reserve-kings-langley_2.pdf","","","","","","","","","","","","","","","","","","","","","Unavailable","","{""front"":""Exact wind and dimension source pages are not verified."",""side"":""Exact wind and dimension source pages are not verified."",""rear"":""Exact wind and dimension source pages are not verified."",""max"":""Maximum-force direction and matching reference area are not established; no maximum coefficient is inferred.""}"
"PANEL-EXT-013","Nokia","AEQE","Active","site-record","","","","","Exact variant not verified","","","","","","","","","","See exact variant sheet","","","","","","","See source date / revision","2026-10-01","","","","","https://www.blacktown.nsw.gov.au/files/assets/public/v/1/planning-neighbour-notifications-2024/da-24-00164/amended-design-plans-14-june-rfi-morgan-power-reserve-kings-langley_2.pdf","","identity: PDF p. 2, drawing 1673-G2 revision 08, 26 August 2024","Drawing identifies Vodafone active antenna; exact band/order code sheet needed.","Vodafone / TPG | planned | 2024-08-26 | Kings Langley West, NSW | Active antenna; band not assigned in plan note | PDF p. 2, 1673-G2, new Vodafone active antennas | https://www.blacktown.nsw.gov.au/files/assets/public/v/1/planning-neighbour-notifications-2024/da-24-00164/amended-design-plans-14-june-rfi-morgan-power-reserve-kings-langley_2.pdf","","","","","","","","","","","","","","","","","","","","","Unavailable","","{""front"":""Exact wind and dimension source pages are not verified."",""side"":""Exact wind and dimension source pages are not verified."",""rear"":""Exact wind and dimension source pages are not verified."",""max"":""Maximum-force direction and matching reference area are not established; no maximum coefficient is inferred.""}"
"PANEL-EXT-014","Ericsson","AIR 3258","Active","family","","","","","Exact variant not verified","","","","","","","","","","3600 MHz TDD (deployment description; variant range needed)","","","","","","","See source date / revision","2026-10-01","","","","","https://www.ericsson.com/en/press-releases/7/2025/ericsson-telstra-and-mediatek-achieve-major-breakthrough-with-near-10-gbps-5g-downlink-speed-benchmark","","identity: 2025-01-23 release, hardware paragraph / Notes to editors","Used in a speed demonstration at a live commercial site. This evidence does not establish fleet-wide prevalence or an exact variant specification.","Telstra | demonstration | 2025-01-23 | Telstra Innovation Centre, Gold Coast | 5G SA demonstration | Hardware paragraph / Notes to editors | https://www.ericsson.com/en/press-releases/7/2025/ericsson-telstra-and-mediatek-achieve-major-breakthrough-with-near-10-gbps-5g-downlink-speed-benchmark; Telstra | planned | 2024-09-15 | Dalmeny, NSW, RFNSA 2546029 | NR3600 | PDF p. 5, NSW100692 S3-1 issue 1 | https://www.esc.nsw.gov.au/__data/assets/pdf_file/0007/263761/DA0187-25-Telecommunications-Tower-Attachment-4-Plans.pdf","","","","","","","","","","","","","","","","","","","","","Unavailable","","{""front"":""Exact wind and dimension source pages are not verified."",""side"":""Exact wind and dimension source pages are not verified."",""rear"":""Exact wind and dimension source pages are not verified."",""max"":""Maximum-force direction and matching reference area are not established; no maximum coefficient is inferred.""}"
"PANEL-EXT-015","Ericsson","AIR 5322","Active","family","","","","","Exact variant not verified","","","","","","","","","","mmWave (deployment description; variant range needed)","","","","","","","See source date / revision","2026-10-01","","","","","https://www.ericsson.com/en/press-releases/7/2025/ericsson-telstra-and-mediatek-achieve-major-breakthrough-with-near-10-gbps-5g-downlink-speed-benchmark","","identity: 2025-01-23 release, hardware paragraph / Notes to editors","Used in a speed demonstration at a live commercial site. This evidence does not establish fleet-wide prevalence or an exact variant specification.","Telstra | demonstration | 2025-01-23 | Telstra Innovation Centre, Gold Coast | 5G SA demonstration | Hardware paragraph / Notes to editors | https://www.ericsson.com/en/press-releases/7/2025/ericsson-telstra-and-mediatek-achieve-major-breakthrough-with-near-10-gbps-5g-downlink-speed-benchmark","","","","","","","","","","","","","","","","","","","","","Unavailable","","{""front"":""Exact wind and dimension source pages are not verified."",""side"":""Exact wind and dimension source pages are not verified."",""rear"":""Exact wind and dimension source pages are not verified."",""max"":""Maximum-force direction and matching reference area are not established; no maximum coefficient is inferred.""}"
"PANEL-EXT-016","Ericsson","AIR 3255","Active","family","","","","","Exact variant not verified","","","","","","","","","","Ultralight TDD; exact variant needed","","","","","","","See source date / revision","2026-10-01","","","","","https://www.ericsson.com/en/ran/massive-mimo/solutions","","identity: Product lineup, Ultralight TDD","Manufacturer portfolio discovery. Australian operator use has not been established for this entry. Obtain band suffix / order code, mounting basis and mechanical datasheet.","","","","","","","","","","","","","","","","","","","","","","Unavailable","","{""front"":""Exact wind and dimension source pages are not verified."",""side"":""Exact wind and dimension source pages are not verified."",""rear"":""Exact wind and dimension source pages are not verified."",""max"":""Maximum-force direction and matching reference area are not established; no maximum coefficient is inferred.""}"
"PANEL-EXT-017","Ericsson","AIR 3265","Active","family","","","","","Exact variant not verified","","","","","","","","","","Ultralight TDD; exact variant needed","","","","","","","See source date / revision","2026-10-01","","","","","https://www.ericsson.com/en/ran/massive-mimo/solutions","","identity: Product lineup, Ultralight TDD","Manufacturer portfolio discovery. Australian operator use has not been established for this entry. Obtain band suffix / order code, mounting basis and mechanical datasheet.","","","","","","","","","","","","","","","","","","","","","","Unavailable","","{""front"":""Exact wind and dimension source pages are not verified."",""side"":""Exact wind and dimension source pages are not verified."",""rear"":""Exact wind and dimension source pages are not verified."",""max"":""Maximum-force direction and matching reference area are not established; no maximum coefficient is inferred.""}"
"PANEL-EXT-018","Ericsson","AIR 6492","Active","family","","","","","Exact variant not verified","","","","","","","","","","Ultralight TDD; exact variant needed","","","","","","","See source date / revision","2026-10-01","","","","","https://www.ericsson.com/en/ran/massive-mimo/solutions","","identity: Product lineup, Ultralight TDD","Manufacturer portfolio discovery. Australian operator use has not been established for this entry. Obtain band suffix / order code, mounting basis and mechanical datasheet.","","","","","","","","","","","","","","","","","","","","","","Unavailable","","{""front"":""Exact wind and dimension source pages are not verified."",""side"":""Exact wind and dimension source pages are not verified."",""rear"":""Exact wind and dimension source pages are not verified."",""max"":""Maximum-force direction and matching reference area are not established; no maximum coefficient is inferred.""}"
"PANEL-EXT-019","Ericsson","AIR 3266","Active","family","","","","","Exact variant not verified","","","","","","","","","","Wide-band TDD; exact variant needed","","","","","","","See source date / revision","2026-10-01","","","","","https://www.ericsson.com/en/ran/massive-mimo/solutions","","identity: Product lineup, Wide-band TDD","Manufacturer portfolio discovery. Australian operator use has not been established for this entry. Obtain band suffix / order code, mounting basis and mechanical datasheet.","","","","","","","","","","","","","","","","","","","","","","Unavailable","","{""front"":""Exact wind and dimension source pages are not verified."",""side"":""Exact wind and dimension source pages are not verified."",""rear"":""Exact wind and dimension source pages are not verified."",""max"":""Maximum-force direction and matching reference area are not established; no maximum coefficient is inferred.""}"
"PANEL-EXT-020","Ericsson","AIR 6476","Active","family","","","","","Exact variant not verified","","","","","","","","","","Wide-band TDD; exact variant needed","","","","","","","See source date / revision","2026-10-01","","","","","https://www.ericsson.com/en/ran/massive-mimo/solutions","","identity: Product lineup, Wide-band TDD","Manufacturer portfolio discovery. Australian operator use has not been established for this entry. Obtain band suffix / order code, mounting basis and mechanical datasheet.","","","","","","","","","","","","","","","","","","","","","","Unavailable","","{""front"":""Exact wind and dimension source pages are not verified."",""side"":""Exact wind and dimension source pages are not verified."",""rear"":""Exact wind and dimension source pages are not verified."",""max"":""Maximum-force direction and matching reference area are not established; no maximum coefficient is inferred.""}"
"PANEL-EXT-021","Ericsson","AIR 3267","Active","family","","","","","Exact variant not verified","","","","","","","","","","Wide-band TDD; exact variant needed","","","","","","","See source date / revision","2026-10-01","","","","","https://www.ericsson.com/en/ran/massive-mimo/solutions","","identity: Product lineup, Wide-band TDD","Manufacturer portfolio discovery. Australian operator use has not been established for this entry. Obtain band suffix / order code, mounting basis and mechanical datasheet.","","","","","","","","","","","","","","","","","","","","","","Unavailable","","{""front"":""Exact wind and dimension source pages are not verified."",""side"":""Exact wind and dimension source pages are not verified."",""rear"":""Exact wind and dimension source pages are not verified."",""max"":""Maximum-force direction and matching reference area are not established; no maximum coefficient is inferred.""}"
"PANEL-EXT-022","Ericsson","AIR 6428","Active","family","","","","","Exact variant not verified","","","","","","","","","","Wide-band TDD; exact variant needed","","","","","","","See source date / revision","2026-10-01","","","","","https://www.ericsson.com/en/ran/massive-mimo/solutions","","identity: Product lineup, Wide-band TDD","Manufacturer portfolio discovery. Australian operator use has not been established for this entry. Obtain band suffix / order code, mounting basis and mechanical datasheet.","","","","","","","","","","","","","","","","","","","","","","Unavailable","","{""front"":""Exact wind and dimension source pages are not verified."",""side"":""Exact wind and dimension source pages are not verified."",""rear"":""Exact wind and dimension source pages are not verified."",""max"":""Maximum-force direction and matching reference area are not established; no maximum coefficient is inferred.""}"
"PANEL-EXT-023","Ericsson","AIR 6494","Active","family","","","","","Exact variant not verified","","","","","","","","","","Wide-band TDD; exact variant needed","","","","","","","See source date / revision","2026-10-01","","","","","https://www.ericsson.com/en/ran/massive-mimo/solutions","","identity: Product lineup, Wide-band TDD","Manufacturer portfolio discovery. Australian operator use has not been established for this entry. Obtain band suffix / order code, mounting basis and mechanical datasheet.","","","","","","","","","","","","","","","","","","","","","","Unavailable","","{""front"":""Exact wind and dimension source pages are not verified."",""side"":""Exact wind and dimension source pages are not verified."",""rear"":""Exact wind and dimension source pages are not verified."",""max"":""Maximum-force direction and matching reference area are not established; no maximum coefficient is inferred.""}"
"PANEL-EXT-024","Ericsson","AIR 3229","Active","family","","","","","Exact variant not verified","","","","","","","","","","Multi-band TDD / FDD; exact variant needed","","","","","","","See source date / revision","2026-10-01","","","","","https://www.ericsson.com/en/ran/massive-mimo/solutions","","identity: Product lineup, Multi-band TDD / FDD","Manufacturer portfolio discovery. Australian operator use has not been established for this entry. Obtain band suffix / order code, mounting basis and mechanical datasheet.","","","","","","","","","","","","","","","","","","","","","","Unavailable","","{""front"":""Exact wind and dimension source pages are not verified."",""side"":""Exact wind and dimension source pages are not verified."",""rear"":""Exact wind and dimension source pages are not verified."",""max"":""Maximum-force direction and matching reference area are not established; no maximum coefficient is inferred.""}"
"PANEL-EXT-025","Ericsson","AIR 3211","Active","family","","","","","Exact variant not verified","","","","","","","","","","Multi-band TDD / FDD; exact variant needed","","","","","","","See source date / revision","2026-10-01","","","","","https://www.ericsson.com/en/ran/massive-mimo/solutions","","identity: Product lineup, Multi-band TDD / FDD","Manufacturer portfolio discovery. Australian operator use has not been established for this entry. Obtain band suffix / order code, mounting basis and mechanical datasheet.","","","","","","","","","","","","","","","","","","","","","","Unavailable","","{""front"":""Exact wind and dimension source pages are not verified."",""side"":""Exact wind and dimension source pages are not verified."",""rear"":""Exact wind and dimension source pages are not verified."",""max"":""Maximum-force direction and matching reference area are not established; no maximum coefficient is inferred.""}"
"PANEL-EXT-026","Ericsson","AIR 3283","Active","family","","","","","Exact variant not verified","","","","","","","","","","Multi-band TDD / FDD; exact variant needed","","","","","","","See source date / revision","2026-10-01","","","","","https://www.ericsson.com/en/ran/massive-mimo/solutions","","identity: Product lineup, Multi-band TDD / FDD","Manufacturer portfolio discovery. Australian operator use has not been established for this entry. Obtain band suffix / order code, mounting basis and mechanical datasheet.","","","","","","","","","","","","","","","","","","","","","","Unavailable","","{""front"":""Exact wind and dimension source pages are not verified."",""side"":""Exact wind and dimension source pages are not verified."",""rear"":""Exact wind and dimension source pages are not verified."",""max"":""Maximum-force direction and matching reference area are not established; no maximum coefficient is inferred.""}"
"PANEL-EXT-027","Ericsson","AIR 3286","Active","family","","","","","Exact variant not verified","","","","","","","","","","Multi-band TDD / FDD; exact variant needed","","","","","","","See source date / revision","2026-10-01","","","","","https://www.ericsson.com/en/ran/massive-mimo/solutions","","identity: Product lineup, Multi-band TDD / FDD","Manufacturer portfolio discovery. Australian operator use has not been established for this entry. Obtain band suffix / order code, mounting basis and mechanical datasheet.","","","","","","","","","","","","","","","","","","","","","","Unavailable","","{""front"":""Exact wind and dimension source pages are not verified."",""side"":""Exact wind and dimension source pages are not verified."",""rear"":""Exact wind and dimension source pages are not verified."",""max"":""Maximum-force direction and matching reference area are not established; no maximum coefficient is inferred.""}"
"PANEL-EXT-028","Ericsson","AIR 3285","Active","family","","","","","Exact variant not verified","","","","","","","","","","Multi-band TDD / FDD; exact variant needed","","","","","","","See source date / revision","2026-10-01","","","","","https://www.ericsson.com/en/ran/massive-mimo/solutions","","identity: Product lineup, Multi-band TDD / FDD","Manufacturer portfolio discovery. Australian operator use has not been established for this entry. Obtain band suffix / order code, mounting basis and mechanical datasheet.","","","","","","","","","","","","","","","","","","","","","","Unavailable","","{""front"":""Exact wind and dimension source pages are not verified."",""side"":""Exact wind and dimension source pages are not verified."",""rear"":""Exact wind and dimension source pages are not verified."",""max"":""Maximum-force direction and matching reference area are not established; no maximum coefficient is inferred.""}"
"PANEL-EXT-029","Nokia","Osprey 32","Active","family","","","","","Exact variant not verified","","","","","","","","","","See exact variant sheet","","","","","","","See source date / revision","2026-10-01","","","","","https://www.nokia.com/radio-access/macro-radios/massive-mimo/","b6e154262836f48f3ae0a16fced04c34832b4e0554e7fab632ae62f886af6852","identity: Habrok / Osprey portfolio paragraphs","Portfolio family; not an Australian deployment claim. Exact order code and band-specific datasheet are required. Rechecked manufacturer portfolio on 2 October 2026; exact order-code mechanical PDF remains unavailable. Confidential-marked copies on third-party sites are excluded.","","","","","","","","","","","","","","","","","","","","","","Unavailable","","{""front"":""Exact wind and dimension source pages are not verified."",""side"":""Exact wind and dimension source pages are not verified."",""rear"":""Exact wind and dimension source pages are not verified."",""max"":""Maximum-force direction and matching reference area are not established; no maximum coefficient is inferred.""}"
"PANEL-EXT-030","Nokia","Osprey 64","Active","family","","","","","Exact variant not verified","","","","","","","","","","See exact variant sheet","","","","","","","See source date / revision","2026-10-01","","","","","https://www.nokia.com/radio-access/macro-radios/massive-mimo/","b6e154262836f48f3ae0a16fced04c34832b4e0554e7fab632ae62f886af6852","identity: Habrok / Osprey portfolio paragraphs","Portfolio family; not an Australian deployment claim. Exact order code and band-specific datasheet are required. Rechecked manufacturer portfolio on 2 October 2026; exact order-code mechanical PDF remains unavailable. Confidential-marked copies on third-party sites are excluded.","","","","","","","","","","","","","","","","","","","","","","Unavailable","","{""front"":""Exact wind and dimension source pages are not verified."",""side"":""Exact wind and dimension source pages are not verified."",""rear"":""Exact wind and dimension source pages are not verified."",""max"":""Maximum-force direction and matching reference area are not established; no maximum coefficient is inferred.""}"
"PANEL-EXT-031","Nokia","Habrok Dual Band","Active","family","","","","","Exact variant not verified","","","","","","","","","","See exact variant sheet","","","","","","","See source date / revision","2026-10-01","","","","","https://www.nokia.com/radio-access/macro-radios/massive-mimo/","b6e154262836f48f3ae0a16fced04c34832b4e0554e7fab632ae62f886af6852","identity: Habrok / Osprey portfolio paragraphs","Portfolio family; not an Australian deployment claim. Exact order code and band-specific datasheet are required. Rechecked manufacturer portfolio on 2 October 2026; exact order-code mechanical PDF remains unavailable. Confidential-marked copies on third-party sites are excluded.","","","","","","","","","","","","","","","","","","","","","","Unavailable","","{""front"":""Exact wind and dimension source pages are not verified."",""side"":""Exact wind and dimension source pages are not verified."",""rear"":""Exact wind and dimension source pages are not verified."",""max"":""Maximum-force direction and matching reference area are not established; no maximum coefficient is inferred.""}"
"PANEL-EXT-032","Nokia","Habrok FDD","Active","family","","","","","Exact variant not verified","","","","","","","","","","See exact variant sheet","","","","","","","See source date / revision","2026-10-01","","","","","https://www.nokia.com/radio-access/macro-radios/massive-mimo/","b6e154262836f48f3ae0a16fced04c34832b4e0554e7fab632ae62f886af6852","identity: Habrok / Osprey portfolio paragraphs","Portfolio family; not an Australian deployment claim. Exact order code and band-specific datasheet are required. Rechecked manufacturer portfolio on 2 October 2026; exact order-code mechanical PDF remains unavailable. Confidential-marked copies on third-party sites are excluded.","","","","","","","","","","","","","","","","","","","","","","Unavailable","","{""front"":""Exact wind and dimension source pages are not verified."",""side"":""Exact wind and dimension source pages are not verified."",""rear"":""Exact wind and dimension source pages are not verified."",""max"":""Maximum-force direction and matching reference area are not established; no maximum coefficient is inferred.""}"
"PANEL-EXT-033","Nokia","Twin Beam IPAA","Hybrid","family","","","","","Exact variant not verified","","","","","","","","","","4G / 5G integrated passive-active assembly; exact components needed","","","","","","","See source date / revision","2026-10-01","","","","","https://www.nokia.com/newsroom/nokia-and-tpg-telecom-accelerate-australia-5g-deployment-using-nokias-integrated-passive-active-antenna/","5e85bcbe550d998425ae9a7b8322f4193ef6f007dd6f0f87f0b9a82c37ba7123","identity: 2021-08-05 release, Brisbane deployment paragraph","Assembly developed with CommScope. Exact active/passive combination and order code are not stated; do not borrow mass or wind data from a passive panel.","Vodafone / TPG | deployed | 2021-08-05 | Brisbane, Queensland | 4G / 5G integrated passive-active assembly | Brisbane deployment and Twin Beam paragraphs | https://www.nokia.com/newsroom/nokia-and-tpg-telecom-accelerate-australia-5g-deployment-using-nokias-integrated-passive-active-antenna/","","","","","","","","","","","","","","","","","","","","","Unavailable","","{""front"":""Exact wind and dimension source pages are not verified."",""side"":""Exact wind and dimension source pages are not verified."",""rear"":""Exact wind and dimension source pages are not verified."",""max"":""Maximum-force direction and matching reference area are not established; no maximum coefficient is inferred.""}"
"PANEL-ADD-001","CommScope / ANDREW","RV4-65B-R5-V2","Passive","datasheet","2100","350","208","27.5","Without mounting kit","6.2","Net weight, separate kit","BSAMNT-3","60","115","","","10","4.3-10 Female","694-960 MHz / 1695-2690 MHz","355","300","376","752","150","241","March 12, 2025","2026-10-01","https://www.andrew.com/globalassets/digizuite/263313-p360-rv4-65b-r5-v2-comprehensiveexternal.pdf","","2","4","https://www.andrew.com/globalassets/digizuite/263313-p360-rv4-65b-r5-v2-comprehensiveexternal.pdf","d9be54d3ade3f21eabfa7b14d8a69286720d71ee6f8c7c08d2327f68585b2a2c","dimensions: PDF p. 2, Dimensions; mass: PDF p. 2, Net weight without mounting kit; rf: PDF pp. 1-2, RF connector count / interface and array coverage; see original for band-specific tilt; wind: PDF p. 4, Mechanical specifications; kitMass: PDF p. 5, BSAMNT-3 Weight, net; mounting: PDF p. 5, BSAMNT-3 Compatible Diameter","Australian operator use is not established for this exact model entry.","","","","","","","","https://www.andrew.com/products/base-station-antennas/antennas/itemrv4-65b-r5-v2/","","","","","","0.4542107455226989","0.6458847275173807","0.48107955018742193","1.225","0.735","0.4368","0.735","150","Equivalent estimate only","Assumed ρ = 1.225 kg/m³; nominal envelope H × W for front/rear and H × D for side. Manufacturer test density, drag versus resultant force, pole/bracket contribution and true projected area are not confirmed. C = F / (0.5 × ρ × V² × A), V in m/s. This is not manufacturer Cd, EPA/EFPA or a site-design coefficient.","{""max"":""Maximum-force direction and matching reference area are not established; no maximum coefficient is inferred.""}"
"PANEL-ADD-002","CommScope / ANDREW","2P-2L-C1","Passive","datasheet","2500","320","140","21","Without mounting kit","","","BSAMNT-B95-01","61","115","","","2","4.3-10 Female","694-960 MHz","418","378","915","","150","241","March 12, 2025","2026-10-01","https://www.andrew.com/globalassets/digizuite/357898-p360-2p-2l-c1-comprehensiveexternal.pdf","","2","3","https://www.andrew.com/globalassets/digizuite/357898-p360-2p-2l-c1-comprehensiveexternal.pdf","78320f288a1d876b82ec96f6736414b4c750d0ac3e22bf87e1f4de22c3ee660f","dimensions: PDF p. 2, Dimensions; mass: PDF p. 2, Net weight without mounting kit; rf: PDF pp. 1-2, RF connectors, frequency and electrical tilt; wind: PDF p. 3, Mechanical specifications; mounting: PDF p. 4, BSAMNT-B95-01 Compatible Diameter","Australian operator use is not established for this exact model entry. Kit dimensions list a 61 mm minimum; introductory description rounds this to 60 mm. Kit gross packaging mass (3.6 kg) is not adopted as installed kit mass.","","","","","","","","","","","","","","0.4913632653061225","1.0156408163265307","1.075591836734694","1.225","0.8","0.35","0.8","150","Equivalent estimate only","Assumed ρ = 1.225 kg/m³; nominal envelope H × W for front/rear and H × D for side. Manufacturer test density, drag versus resultant force, pole/bracket contribution and true projected area are not confirmed. C = F / (0.5 × ρ × V² × A), V in m/s. This is not manufacturer Cd, EPA/EFPA or a site-design coefficient.","{""max"":""Maximum-force direction and matching reference area are not established; no maximum coefficient is inferred.""}"
"PANEL-ADD-003","CommScope / ANDREW","2P-2L-C1-V2","Passive","datasheet","2500","320","140","21.3","Without mounting kit","","","","","","","","2","4.3-10 Female","694-960 MHz","418","378","915","","150","241","July 22, 2025","2026-10-01","https://www.andrew.com/globalassets/digizuite/921305-p360-2p-2l-c1-v2-external.pdf","","2","3","https://www.andrew.com/globalassets/digizuite/921305-p360-2p-2l-c1-v2-external.pdf","94fccef8aa567fceb5c5782513f238ac3eaac40f42378ea2c65604bbd9b35524","dimensions: PDF p. 2, Dimensions; mass: PDF p. 2, Net weight without mounting kit; rf: PDF pp. 1-2, RF connectors, frequency and electrical tilt; wind: PDF p. 3, Mechanical specifications","Australian operator use is not established for this exact model entry.","","","","","","","","","","","","","","0.4913632653061225","1.0156408163265307","1.075591836734694","1.225","0.8","0.35","0.8","150","Equivalent estimate only","Assumed ρ = 1.225 kg/m³; nominal envelope H × W for front/rear and H × D for side. Manufacturer test density, drag versus resultant force, pole/bracket contribution and true projected area are not confirmed. C = F / (0.5 × ρ × V² × A), V in m/s. This is not manufacturer Cd, EPA/EFPA or a site-design coefficient.","{""max"":""Maximum-force direction and matching reference area are not established; no maximum coefficient is inferred.""}"
"PANEL-ADD-004","CommScope / ANDREW","RRV4-65A-R6","Passive","datasheet","1499","498","197","33","Without mounting kit","","","BSAMNT-3","60","115","","","12","4.3-10 Female","694-960 MHz / 1695-2690 MHz","549","183","452","712","150","241","March 12, 2025","2026-10-01","https://www.andrew.com/globalassets/digizuite/263210-p360-rrv4-65a-r6-external.pdf","","2","4","https://www.andrew.com/globalassets/digizuite/263210-p360-rrv4-65a-r6-external.pdf","d33e7ab0d0507f18f053ddc5c7da145ff78a9468ed094fef1ae85cba0c07fb6d","dimensions: PDF p. 2, Dimensions; mass: PDF p. 2, Net weight without mounting kit; rf: PDF pp. 1-2, RF connector count / interface and array coverage; see original for band-specific tilt; wind: PDF p. 4, Mechanical specifications; mounting: PDF p. 4, Included Products","Australian operator use is not established for this exact model entry.","","","","","","","","https://www.andrew.com/products/base-station-antennas/antennas/itemrrv4-65a-r6/","","","","","","0.6916044185181729","0.5827732663655671","0.5694083737162371","1.225","0.746502","0.295303","0.746502","150","Equivalent estimate only","Assumed ρ = 1.225 kg/m³; nominal envelope H × W for front/rear and H × D for side. Manufacturer test density, drag versus resultant force, pole/bracket contribution and true projected area are not confirmed. C = F / (0.5 × ρ × V² × A), V in m/s. This is not manufacturer Cd, EPA/EFPA or a site-design coefficient.","{""max"":""Maximum-force direction and matching reference area are not established; no maximum coefficient is inferred.""}"
"PANEL-ADD-005","CommScope / ANDREW","RVVPX306.11B-T2","Passive","datasheet","1584","350","208","24.7","Without mounting kit","","","T-041-GL-E","60","115","","","6","7-16 DIN Female","694-960 MHz / 1695-2690 MHz","255","214","270","540","150","241","March 12, 2025","2026-10-01","https://www.andrew.com/globalassets/digizuite/469758-p360-rvvpx306-11b-t2-external.pdf","","2","5","https://www.andrew.com/globalassets/digizuite/469758-p360-rvvpx306-11b-t2-external.pdf","04ca337e449bdc2121a12b45fa73e7df8bc21df779196397eecad9d8d9cfb647","dimensions: PDF p. 2, Dimensions; mass: PDF p. 2, Net weight without mounting kit; rf: PDF pp. 1-2, RF connector count / interface and array coverage; see original for band-specific tilt; wind: PDF p. 5, Mechanical specifications; mounting: PDF p. 5, Included Products","Australian operator use is not established for this exact model entry.","","","","","","","","","","","","","","0.43254704479194284","0.6108177536748965","0.45799098860323356","1.225","0.5544","0.329472","0.5544","150","Equivalent estimate only","Assumed ρ = 1.225 kg/m³; nominal envelope H × W for front/rear and H × D for side. Manufacturer test density, drag versus resultant force, pole/bracket contribution and true projected area are not confirmed. C = F / (0.5 × ρ × V² × A), V in m/s. This is not manufacturer Cd, EPA/EFPA or a site-design coefficient.","{""max"":""Maximum-force direction and matching reference area are not established; no maximum coefficient is inferred.""}"
"PANEL-ADD-006","CommScope / ANDREW","RVVT4-65D-R4","Passive","datasheet","2688","350","208","37.8","Without mounting kit","","","BSAMNT-4","60","115","0.45","0.38","14","4.3-10 Female","694-960 MHz / 1695-2690 MHz / 2300-2690 MHz","477","409","506","1010","150","241","March 12, 2025","2026-10-01","https://www.andrew.com/globalassets/digizuite/263488-p360-rvvt4-65d-r4-external.pdf","","2","5","https://www.andrew.com/globalassets/digizuite/263488-p360-rvvt4-65d-r4-external.pdf","919f675173bc97b93333a114f334d31348601c4acef5f5662b579d0b4830a4fb","dimensions: PDF p. 2, Dimensions; mass: PDF p. 2, Net weight without mounting kit; rf: PDF pp. 1-2, RF connector count / interface and array coverage; see original for band-specific tilt; wind: PDF p. 5, Mechanical specifications; epa: PDF p. 5, Effective Projective Area (EPA), frontal / lateral; mounting: PDF p. 6, Included Products","Australian operator use is not established for this exact model entry. Passive beamforming array with 14 RF ports and a separately listed calibration connector. EPA is the manufacturer's effective projective area, not H × W.","","","","","","","","https://www.andrew.com/products/base-station-antennas/antennas/itemrvvt4-65d-r4/","","","","","","0.47680133277800923","0.6879345144651268","0.5057892544773012","1.225","0.9408","0.559104","0.9408","150","Equivalent estimate only","Assumed ρ = 1.225 kg/m³; nominal envelope H × W for front/rear and H × D for side. Manufacturer test density, drag versus resultant force, pole/bracket contribution and true projected area are not confirmed. C = F / (0.5 × ρ × V² × A), V in m/s. This is not manufacturer Cd, EPA/EFPA or a site-design coefficient.","{""max"":""Maximum-force direction and matching reference area are not established; no maximum coefficient is inferred.""}"
"PANEL-ADD-007","CommScope / ANDREW","RVVPX308.11B-T2H","Passive","datasheet","2065","350","208","29.7","Without mounting kit","6","Net weight, separate kit","T-029-GL-E","60","115","","","6","4.3-10 Female","694-960 MHz / 1695-2690 MHz","348","294","369","737","150","241","March 12, 2025","2026-10-01","https://www.andrew.com/globalassets/digizuite/703589-p360-rvvpx308-11b-t2h-comprehensiveexternal.pdf","","2","4","https://www.andrew.com/globalassets/digizuite/703589-p360-rvvpx308-11b-t2h-comprehensiveexternal.pdf","ed552c775ae5386eec7b86c3cac0b6fb6157ebcd9fc034284bd4dac61042845c","dimensions: PDF p. 2, Dimensions; mass: PDF p. 2, Net weight without mounting kit; rf: PDF pp. 1-2, RF connector count / interface and array coverage; see original for band-specific tilt; wind: PDF p. 4, Mechanical specifications; kitMass: PDF p. 5, T-029-GL-E Weight, net; kit revised March 14, 2025; mounting: PDF p. 5, T-029-GL-E Compatible Diameter","Australian operator use is not established for this exact model entry. The T2H suffix is not merged with the Australian site designation RVVPX308.11B-T2.","","","","","","","","","","","","","","0.4528011633570758","0.6436952877630845","0.48012537149069245","1.225","0.72275","0.42952","0.72275","150","Equivalent estimate only","Assumed ρ = 1.225 kg/m³; nominal envelope H × W for front/rear and H × D for side. Manufacturer test density, drag versus resultant force, pole/bracket contribution and true projected area are not confirmed. C = F / (0.5 × ρ × V² × A), V in m/s. This is not manufacturer Cd, EPA/EFPA or a site-design coefficient.","{""max"":""Maximum-force direction and matching reference area are not established; no maximum coefficient is inferred.""}"
"PANEL-ADD-008","CommScope / ANDREW","RRV4-65A-R6-V2","Passive","datasheet","1499","498","197","28.5","Without mounting kit","6.2","Net weight, separate kit","BSAMNT-3","60","115","","","12","4.3-10 Female","694-960 MHz / 1695-2690 MHz","583","188","462","818","150","241","December 9, 2025","2026-10-01","https://www.andrew.com/globalassets/digizuite/263206-p360-rrv4-65a-r6-v2-comprehensiveexternal.pdf","","2","3","https://www.andrew.com/globalassets/digizuite/263206-p360-rrv4-65a-r6-v2-comprehensiveexternal.pdf","93684af4fad4a8051eca83d94e039838d891d2c2cdfdba4fa997189d5280606e","dimensions: PDF p. 2, Dimensions; mass: PDF p. 2, Net weight without mounting kit; rf: PDF pp. 1-3, RF connectors, array coverage and electrical tilt; wind: PDF p. 3, Mechanical specifications; kitMass: PDF p. 5, BSAMNT-3 Weight, net; kit revised June 2, 2025; mounting: PDF p. 5, BSAMNT-3 Compatible Diameter","Australian operator use is not established for this exact model entry.","","","","","","","","https://www.andrew.com/products/base-station-antennas/antennas/itemrrv4-65a-r6-v2/","","","","","","0.7344360218508101","0.5986960332061564","0.5820059041081892","1.225","0.746502","0.295303","0.746502","150","Equivalent estimate only","Assumed ρ = 1.225 kg/m³; nominal envelope H × W for front/rear and H × D for side. Manufacturer test density, drag versus resultant force, pole/bracket contribution and true projected area are not confirmed. C = F / (0.5 × ρ × V² × A), V in m/s. This is not manufacturer Cd, EPA/EFPA or a site-design coefficient.","{""max"":""Maximum-force direction and matching reference area are not established; no maximum coefficient is inferred.""}"
"PANEL-PUB-001","CommScope / ANDREW","RVV-65M-R3VB","Passive","datasheet","997","397","157","","Not stated in checked PDF","","","BSAMNT-B95-01","61","115","","","6","4.3-10 Female","698-960 MHz / 1710-2690 MHz","247","140","398","","150","241","July 22, 2025","2026-10-02","https://www.andrew.com/globalassets/digizuite/954871-p360-rvv-65m-r3vb-comprehensiveexternal.pdf","","2","4","https://www.andrew.com/globalassets/digizuite/954871-p360-rvv-65m-r3vb-comprehensiveexternal.pdf","63939ded9ddd871b8e64021a014e19857293b4a2949eac790d6244323321cb67","identity: PDF p. 1, RVV-65M-R3VB; dimensions: PDF p. 2, Dimensions; mass: PDF pp. 2, 4; antenna net mass not stated; gross packaging mass excluded; rf: PDF pp. 1-2, RF ports / array layout; wind: PDF p. 4, Mechanical specifications; mounting: PDF pp. 4-5, Included products / BSAMNT-B95-01 Dimensions","Antenna mass is not stated in the checked PDF; 20.4 kg gross packaging mass and 3.6 kg kit gross mass are excluded. Specific kit dimensions state 61–115 mm pipe OD; the introductory description rounds the minimum to 60 mm. No maximum-direction force is stated.","","","","","","","","https://www.andrew.com/products/base-station-antennas/antennas/itemrvv-65m-r3vb/","","","","","","0.5868507697564498","0.8411038392703133","0.9456137909435912","1.225","0.395809","0.156529","0.395809","150","Equivalent estimate only","Assumed ρ = 1.225 kg/m³; nominal envelope H × W for front/rear and H × D for side. Manufacturer test density, drag versus resultant force, pole/bracket contribution and true projected area are not confirmed. C = F / (0.5 × ρ × V² × A), V in m/s. This is not manufacturer Cd, EPA/EFPA or a site-design coefficient.","{""max"":""Maximum-force direction and matching reference area are not established; no maximum coefficient is inferred.""}"
"PANEL-PUB-002","CommScope / ANDREW","RVV-65D-R3VB-V2","Passive","datasheet","2547","397","157","28.9","Without mounting kit","","","BSAMNT-B95-03","60","115","","","6","7-16 DIN Female","694-960 MHz / 1695-2690 MHz","669","366","1080","","150","200","July 22, 2025","2026-10-02","https://www.andrew.com/globalassets/digizuite/965706-p360-rvv-65d-r3vb-v2-external.pdf","","2","4","https://www.andrew.com/globalassets/digizuite/965706-p360-rvv-65d-r3vb-v2-external.pdf","76af1af4b41d37e8176246e8453d187a5b9891072e312ac908b9b6cb3a064475","identity: PDF p. 1, RVV-65D-R3VB-V2; dimensions: PDF p. 2, Dimensions; mass: PDF p. 2, Without mounting kit; rf: PDF pp. 1-2, RF ports / array layout; wind: PDF p. 4, Mechanical specifications; mounting: PDF p. 4, Included products / pipe-diameter description","Retain the V2 suffix: height, antenna mass, side force and RF connector differ from V3. Kit net mass and maximum-direction force are not stated.","","","","","","","","https://www.andrew.com/products/base-station-antennas/antennas/itemrvv-65d-r3vb-v2/","","","","","","0.6221900425397884","0.8607338413747712","1.0044323556696135","1.225","1.011159","0.399879","1.011159","150","Equivalent estimate only","Assumed ρ = 1.225 kg/m³; nominal envelope H × W for front/rear and H × D for side. Manufacturer test density, drag versus resultant force, pole/bracket contribution and true projected area are not confirmed. C = F / (0.5 × ρ × V² × A), V in m/s. This is not manufacturer Cd, EPA/EFPA or a site-design coefficient.","{""max"":""Maximum-force direction and matching reference area are not established; no maximum coefficient is inferred.""}"
"PANEL-PUB-003","CommScope / ANDREW","RVV-65D-R3VB-V3","Passive","datasheet","2497","397","157","28","Without mounting kit","","","","","","","","6","4.3-10 Female","694-960 MHz / 1695-2690 MHz","669","399","1080","","150","200","July 22, 2025","2026-10-02","https://www.andrew.com/globalassets/digizuite/985014-p360-rvv-65d-r3vb-v3-external.pdf","","2","4","https://www.andrew.com/globalassets/digizuite/985014-p360-rvv-65d-r3vb-v3-external.pdf","2e128fedff8f3d2001b94ecd51c1285768d922b9e2d7323907ea632a7de2ee5b","identity: PDF p. 1, RVV-65D-R3VB-V3; dimensions: PDF p. 2, Dimensions; mass: PDF p. 2, Without mounting kit; rf: PDF pp. 1-2, RF ports / array layout; wind: PDF p. 4, Mechanical specifications","Retain the V3 suffix: do not transfer V2 dimensions, mass, connector or mounting-kit information. Maximum-direction force is not stated.","","","","","","","","","","","","","","0.6346487938922071","0.9571303580675338","1.0245451381219486","1.225","0.991309","0.392029","0.991309","150","Equivalent estimate only","Assumed ρ = 1.225 kg/m³; nominal envelope H × W for front/rear and H × D for side. Manufacturer test density, drag versus resultant force, pole/bracket contribution and true projected area are not confirmed. C = F / (0.5 × ρ × V² × A), V in m/s. This is not manufacturer Cd, EPA/EFPA or a site-design coefficient.","{""max"":""Maximum-force direction and matching reference area are not established; no maximum coefficient is inferred.""}"
"PANEL-PUB-004","Tongyu","T2008L6R011","Passive","datasheet","2680","499","198","56.8","Antenna weight; kit stated separately","8.8","Installation kit weight, separate","","50","115","","","20","4.3-10 Female","698-960 MHz / 1710-2690 MHz","1485","435","1670","","150","216","Date not stated; document code A1720210410A100023420134065","2026-10-02","https://www.tycc.cn/file/931b196358754200a841a373c05bac04.pdf","","2","2","https://www.tycc.cn/file/931b196358754200a841a373c05bac04.pdf","82016a7db6f3ea15bc2ca4030398669c6d11a5100d20d58345aa6cc11c3cab49","identity: PDF p. 1, T2008L6R011; footer document code; dimensions: PDF p. 2, Mechanical characteristics; mass: PDF p. 2, Antenna weight; kitMass: PDF p. 2, Installation kit weight; rf: PDF pp. 1-2, Electrical characteristics / 20 × 4.3-10 Female connectors; wind: PDF p. 2, Wind load at 150 km/h / maximum wind velocity; mounting: PDF p. 2, Installation pole diameter","Antenna 56.8 kg and separate installation kit 8.8 kg are not summed. Packing weight 73.6 kg is excluded. Twenty RF connections are explicitly specified; AISG connectors are separate. Maximum-direction force is not stated; document code is not treated as a revision date.","","","","","","","","","","","","","","1.0442572626214965","0.7709135214465707","1.1743499182342756","1.225","1.33732","0.53064","1.33732","150","Equivalent estimate only","Assumed ρ = 1.225 kg/m³; nominal envelope H × W for front/rear and H × D for side. Manufacturer test density, drag versus resultant force, pole/bracket contribution and true projected area are not confirmed. C = F / (0.5 × ρ × V² × A), V in m/s. This is not manufacturer Cd, EPA/EFPA or a site-design coefficient.","{""max"":""Maximum-force direction and matching reference area are not established; no maximum coefficient is inferred.""}"
"PANEL-PUB-005","CommScope / ANDREW","RVV65A-M","Passive","datasheet","1412","301","181","17.4","Without mounting kit","3.5","Net weight, separate kit","BSAMNT-OFFSET","61","114.3","","","6","7-16 DIN Female","694-960 MHz / 1695-2690 MHz","205","169","208","396","150","241","March 12, 2025","2026-10-02","https://www.andrew.com/globalassets/digizuite/263424-p360-rvv65a-m-comprehensiveexternal.pdf","","2","3","https://www.andrew.com/globalassets/digizuite/263424-p360-rvv65a-m-comprehensiveexternal.pdf","a4f572a3f29efacc953f42d7587802c97c3b7b4211cfec9d61d9193233309c0d","identity: PDF p. 1, RVV65A-M / Obsolete / replacement; dimensions: PDF p. 2, Dimensions; mass: PDF p. 2, Without mounting kit; kitMass: PDF p. 5, BSAMNT-OFFSET Weight, net; rf: PDF pp. 1-3, RF ports / array layout / electrical tilt; wind: PDF p. 3, Mechanical specifications; mounting: PDF p. 5, BSAMNT-OFFSET Dimensions","Archived model for existing-site lookup; the manufacturer marks it obsolete. Specific kit dimensions give pipe OD 61–114.3 mm. Antenna and separate kit net masses retain their own bases.","","","","","","","","","","","","","","0.4535958360455417","0.6218559920172662","0.46023382389011064","1.225","0.425012","0.255572","0.425012","150","Equivalent estimate only","Assumed ρ = 1.225 kg/m³; nominal envelope H × W for front/rear and H × D for side. Manufacturer test density, drag versus resultant force, pole/bracket contribution and true projected area are not confirmed. C = F / (0.5 × ρ × V² × A), V in m/s. This is not manufacturer Cd, EPA/EFPA or a site-design coefficient.","{""max"":""Maximum-force direction and matching reference area are not established; no maximum coefficient is inferred.""}"
"PANEL-PUB-006","Amphenol Antenna Solutions","APXVB3L26B_43-C-I20","Passive","sheet-pending","","","","","Exact PDF visual check pending","","","","","","","","8","","698-960 MHz / 1710-2690 MHz","","","","","","","PDF revision not verified","2026-10-02","","https://amphenol-antennas.com/wp-content/uploads/datasheets/APXVB3L26B_43-C-I20.pdf","","","https://amphenol-antennas.com/product/apxvb3l26b_43-c-i20/","","identity: Official product page, APXVB3L26B_43-C-I20 title and datasheet link; rf: Official product page, 8-port X-pol / operating frequencies","An exact-model public PDF is linked, but mechanical values remain unavailable until its original pages can be visually checked. RF count and ranges are from the public product page. Integrated RET controls passive antenna tilt; it does not make this an active radio.","","","","","","","","","","","","","","","","","","","","","","Unavailable","","{""front"":""Exact wind and dimension source pages are not verified."",""side"":""Exact wind and dimension source pages are not verified."",""rear"":""Exact wind and dimension source pages are not verified."",""max"":""Maximum-force direction and matching reference area are not established; no maximum coefficient is inferred.""}"
"PANEL-BRAND-001","Kaelus","F6RHEU01","Passive","datasheet","2705","470","178","37.2","Net antenna weight; mounting-kit inclusion not stated","","","","","","","","8","4.3-10 Female","694-960 MHz / 1695-2200 MHz / 2496-2690 MHz","936","281","","","150","200","23 February 2026","2026-10-02","https://www.kaelus.com/wp-content/uploads/2026/06/F6RHEU01-2026-02-23-_KAELUS.pdf","","1","1","https://www.kaelus.com/wp-content/uploads/2026/06/F6RHEU01-2026-02-23-_KAELUS.pdf","8b1bb0908e6fa650170e19ee2891562656926d23ff4fad67615253c15fe6e439","identity: PDF p. 1, exact model heading; dimensions: PDF p. 1, published dimensions; mass: PDF p. 1, antenna weight; rf: PDF p. 1, RF specifications / connector layout; wind: PDF p. 1, published directional wind forces and speed","Metric values follow the published metric column; imperial equivalents are not used. Match the full model and cited revision.","","","","","","","Panel","","","","","","","0.6923522561185563","0.5488269618840497","","1.225","1.27135","0.48149","","150","Equivalent estimate only","Assumed ρ = 1.225 kg/m³; nominal envelope H × W for front/rear and H × D for side. Manufacturer test density, drag versus resultant force, pole/bracket contribution and true projected area are not confirmed. C = F / (0.5 × ρ × V² × A), V in m/s. This is not manufacturer Cd, EPA/EFPA or a site-design coefficient.","{""rear"":""No positive published rear wind force."",""max"":""Maximum-force direction and matching reference area are not established; no maximum coefficient is inferred.""}"
"PANEL-BRAND-002","Kaelus","M0RQMU01","Passive","datasheet","","","","27","Net antenna weight; mounting-kit inclusion not stated","","","","","","","","8","4.3-10; connector gender not stated","617-894 MHz / 1695-2690 MHz","","","","381","150","240","20 May 2026","2026-10-02","https://www.kaelus.com/wp-content/uploads/2026/06/M0RQMU01.pdf","","1","1","https://www.kaelus.com/wp-content/uploads/2026/06/M0RQMU01.pdf","57c8bb0eae1734729e2a71cb7bd40f835c5e262623dc0d5b2f71fbb3e4a03a16","identity: PDF p. 1, exact model heading; dimensions: PDF p. 1, published dimensions; mass: PDF p. 1, antenna weight; rf: PDF p. 1, RF specifications / connector layout; wind: PDF p. 1, published directional wind forces and speed","Manufacturer specifies length and diameter, not a panel H/W/D triple. Primary and top mounting support recommended. Only maximum-direction wind force is reported.","","1800","400","L 1800 mm; Ø 400 mm","","","Canister","","","","","","","","","","","","","","","Unavailable","","{""front"":""Reference geometry is not a supported nominal panel envelope."",""side"":""Reference geometry is not a supported nominal panel envelope."",""rear"":""Reference geometry is not a supported nominal panel envelope."",""max"":""Maximum-force direction and matching reference area are not established; no maximum coefficient is inferred.""}"
"PANEL-BRAND-003","Kaelus","P4BDLU01","Passive","datasheet","2389.2","964","143","58.1","Antenna weight; kit stated separately","16.5","Mounting bracket weight, separate","","50","115","","","4","4.3-10 Female","694-960 MHz","2802","187.7","","","150","200","13 October 2023","2026-10-02","https://www.kaelus.com/wp-content/uploads/2026/06/P4BDLU01_KAELUS.pdf","","1","1","https://www.kaelus.com/wp-content/uploads/2026/06/P4BDLU01_KAELUS.pdf","37458df2ac050a724e27029c6495b3ff93b3fddec7ab67b4e5e47ecbf8c6ab1b","identity: PDF p. 1, exact model heading; dimensions: PDF p. 1, published dimensions; mass: PDF p. 1, antenna weight; rf: PDF p. 1, RF specifications / connector layout; wind: PDF p. 1, published directional wind forces and speed; kitMass: PDF p. 1, mounting bracket weight; mounting: PDF p. 1, mounting pipe diameter","Metric values follow the published metric column; imperial equivalents are not used. Match the full model and cited revision.","","","","","","","Panel","","","","","","","1.144076279577857","0.5166448676529756","","1.225","2.3031887999999996","0.3416556","","150","Equivalent estimate only","Assumed ρ = 1.225 kg/m³; nominal envelope H × W for front/rear and H × D for side. Manufacturer test density, drag versus resultant force, pole/bracket contribution and true projected area are not confirmed. C = F / (0.5 × ρ × V² × A), V in m/s. This is not manufacturer Cd, EPA/EFPA or a site-design coefficient.","{""rear"":""No positive published rear wind force."",""max"":""Maximum-force direction and matching reference area are not established; no maximum coefficient is inferred.""}"
"PANEL-BRAND-004","Kaelus","P4GDLU01","Passive","datasheet","2389.2","964","143","58.1","Antenna weight; kit stated separately","16.5","Mounting bracket weight, separate","","50","115","","","4","4.3-10 Female","617-805 MHz","2802.4","187.7","","","150","200","4 September 2023","2026-10-02","https://www.kaelus.com/wp-content/uploads/2026/06/P4GDLU01-2023-09-04-_KAELUS.pdf","","1","1","https://www.kaelus.com/wp-content/uploads/2026/06/P4GDLU01-2023-09-04-_KAELUS.pdf","2b2d10e4074c80d836ba09613fc1a734e184097a2d21921546031f5a6b3a4b04","identity: PDF p. 1, exact model heading; dimensions: PDF p. 1, published dimensions; mass: PDF p. 1, antenna weight; rf: PDF p. 1, RF specifications / connector layout; wind: PDF p. 1, published directional wind forces and speed; kitMass: PDF p. 1, mounting bracket weight; mounting: PDF p. 1, mounting pipe diameter","Metric values follow the published metric column; imperial equivalents are not used. Match the full model and cited revision.","","","","","","","Panel","","","","","","","1.1442396023872186","0.5166448676529756","","1.225","2.3031887999999996","0.3416556","","150","Equivalent estimate only","Assumed ρ = 1.225 kg/m³; nominal envelope H × W for front/rear and H × D for side. Manufacturer test density, drag versus resultant force, pole/bracket contribution and true projected area are not confirmed. C = F / (0.5 × ρ × V² × A), V in m/s. This is not manufacturer Cd, EPA/EFPA or a site-design coefficient.","{""rear"":""No positive published rear wind force."",""max"":""Maximum-force direction and matching reference area are not established; no maximum coefficient is inferred.""}"
"PANEL-BRAND-005","Kaelus","P6BDEU01","Passive","datasheet","2705","470","178","","Source conflict; antenna mass not adopted","","","","","","","","4","4.3-10 Female","694-960 MHz","936","281","","","150","200","23 February 2026","2026-10-02","https://www.kaelus.com/wp-content/uploads/2026/06/P6BDEU01-2026-02-23-_KAELUS.pdf","","1","1","https://www.kaelus.com/wp-content/uploads/2026/06/P6BDEU01-2026-02-23-_KAELUS.pdf","82da60ba856ff788b625cda332be7fbff213d253bccb39b8d01e21ef35224340","identity: PDF p. 1, exact model heading; dimensions: PDF p. 1, published dimensions; mass: PDF p. 1, antenna weight; rf: PDF p. 1, RF specifications / connector layout; wind: PDF p. 1, published directional wind forces and speed","Metric values follow the published metric column; imperial equivalents are not used. Match the full model and cited revision. Net mass is printed as 22 kg and 57.2 lb; these are inconsistent. Antenna mass remains unresolved; independently supported dimensions, RF and wind fields are retained.","","","","","","mass: Net mass is printed as 22 kg and 57.2 lb; these are inconsistent.","Panel","","","","","","","0.6923522561185563","0.5488269618840497","","1.225","1.27135","0.48149","","150","Equivalent estimate only","Assumed ρ = 1.225 kg/m³; nominal envelope H × W for front/rear and H × D for side. Manufacturer test density, drag versus resultant force, pole/bracket contribution and true projected area are not confirmed. C = F / (0.5 × ρ × V² × A), V in m/s. This is not manufacturer Cd, EPA/EFPA or a site-design coefficient.","{""rear"":""No positive published rear wind force."",""max"":""Maximum-force direction and matching reference area are not established; no maximum coefficient is inferred.""}"
"PANEL-BRAND-006","Kaelus","P6BTEU01","Passive","datasheet","2705","351","155","32","Net antenna weight; mounting-kit inclusion not stated","","","","","","","","6","4.3-10 Female","694-960 MHz / 1695-2690 MHz","1226","194","","","241","241","14 March 2023","2026-10-02","https://www.kaelus.com/wp-content/uploads/2026/06/P6BTEU01-2023-03-14-_KAELUS.pdf","","1","1","https://www.kaelus.com/wp-content/uploads/2026/06/P6BTEU01-2023-03-14-_KAELUS.pdf","bf1092346432081f301430e7125a837549647dbe6a9a8529c657ba81807bb171","identity: PDF p. 1, exact model heading; dimensions: PDF p. 1, published dimensions; mass: PDF p. 1, antenna weight; rf: PDF p. 1, RF specifications / connector layout; wind: PDF p. 1, published directional wind forces and speed","Metric values follow the published metric column; imperial equivalents are not used. Match the full model and cited revision.","","","","","","","Panel","","","","","","","0.4704147249818662","0.16856507016215963","","1.225","0.949455","0.419275","","241","Equivalent estimate only","Assumed ρ = 1.225 kg/m³; nominal envelope H × W for front/rear and H × D for side. Manufacturer test density, drag versus resultant force, pole/bracket contribution and true projected area are not confirmed. C = F / (0.5 × ρ × V² × A), V in m/s. This is not manufacturer Cd, EPA/EFPA or a site-design coefficient.","{""rear"":""No positive published rear wind force."",""max"":""Maximum-force direction and matching reference area are not established; no maximum coefficient is inferred.""}"
"PANEL-BRAND-007","Kaelus","P6BTLU01","Passive","datasheet","2398","348","155","27","Net antenna weight; mounting-kit inclusion not stated","","","","","","","","6","4.3-10 Female","694-960 MHz / 1695-2690 MHz","1076","179","","","150","241","21 June 2021","2026-10-02","https://www.kaelus.com/wp-content/uploads/2026/06/P6BTLU01-2021-06-21-_KAELUS.pdf","","1","1","https://www.kaelus.com/wp-content/uploads/2026/06/P6BTLU01-2021-06-21-_KAELUS.pdf","67dd76cd0794d82c047c8f93fc1e343ef3da0f3d58559b5964d201f340475c5c","identity: PDF p. 1, exact model heading; dimensions: PDF p. 1, published dimensions; mass: PDF p. 1, antenna weight; rf: PDF p. 1, RF specifications / connector layout; wind: PDF p. 1, published directional wind forces and speed","Metric values follow the published metric column; imperial equivalents are not used. Match the full model and cited revision.","","","","","","","Panel","","","","","","","1.2125516278813155","0.45288563379291835","","1.225","0.834504","0.37169","","150","Equivalent estimate only","Assumed ρ = 1.225 kg/m³; nominal envelope H × W for front/rear and H × D for side. Manufacturer test density, drag versus resultant force, pole/bracket contribution and true projected area are not confirmed. C = F / (0.5 × ρ × V² × A), V in m/s. This is not manufacturer Cd, EPA/EFPA or a site-design coefficient.","{""rear"":""No positive published rear wind force."",""max"":""Maximum-force direction and matching reference area are not established; no maximum coefficient is inferred.""}"
"PANEL-BRAND-008","Kaelus","P6BTMU01","Passive","datasheet","1958","350","154","25","Net antenna weight; mounting-kit inclusion not stated","","","","","","","","6","4.3-10 Female","694-960 MHz / 1695-2690 MHz","798","139","","","150","200","21 June 2021","2026-10-02","https://www.kaelus.com/wp-content/uploads/2026/06/P6BTMU01-2021-06-21-_KAELUS_1.pdf","","1","1","https://www.kaelus.com/wp-content/uploads/2026/06/P6BTMU01-2021-06-21-_KAELUS_1.pdf","69e77595f32ca370385cd351349353341c2ccd982708be48e2c037a93fe0abc9","identity: PDF p. 1, exact model heading; dimensions: PDF p. 1, published dimensions; mass: PDF p. 1, antenna weight; rf: PDF p. 1, RF specifications / connector layout; wind: PDF p. 1, published directional wind forces and speed","Metric values follow the published metric column; imperial equivalents are not used. Match the full model and cited revision.","","","","","","","Panel","","","","","","","1.0950615997164954","0.43350866473169536","","1.225","0.6853","0.301532","","150","Equivalent estimate only","Assumed ρ = 1.225 kg/m³; nominal envelope H × W for front/rear and H × D for side. Manufacturer test density, drag versus resultant force, pole/bracket contribution and true projected area are not confirmed. C = F / (0.5 × ρ × V² × A), V in m/s. This is not manufacturer Cd, EPA/EFPA or a site-design coefficient.","{""rear"":""No positive published rear wind force."",""max"":""Maximum-force direction and matching reference area are not established; no maximum coefficient is inferred.""}"
"PANEL-BRAND-009","Kaelus","P6ODMU01","Passive","datasheet","1820","300","146","21","Net antenna weight; mounting-kit inclusion not stated","","","","","","","","4","4.3-10 Female","1695-2690 MHz","414","164","","","241","241","25 February 2026","2026-10-02","https://www.kaelus.com/wp-content/uploads/2026/06/P6ODMU01-2026-02-25-_KAELUS.pdf","","1","1","https://www.kaelus.com/wp-content/uploads/2026/06/P6ODMU01-2026-02-25-_KAELUS.pdf","43aa4a3a47facb27fe9abed249d69c515fbadc9e50107fee18dc3e1c686f6b97","identity: PDF p. 1, exact model heading; dimensions: PDF p. 1, published dimensions; mass: PDF p. 1, antenna weight; rf: PDF p. 1, RF specifications / connector layout; wind: PDF p. 1, published directional wind forces and speed","Metric values follow the published metric column; imperial equivalents are not used. Match the full model and cited revision.","","","","","","","Panel","","","","","","","0.27623106750110593","0.22484561777933976","","1.225","0.546","0.26572","","241","Equivalent estimate only","Assumed ρ = 1.225 kg/m³; nominal envelope H × W for front/rear and H × D for side. Manufacturer test density, drag versus resultant force, pole/bracket contribution and true projected area are not confirmed. C = F / (0.5 × ρ × V² × A), V in m/s. This is not manufacturer Cd, EPA/EFPA or a site-design coefficient.","{""rear"":""No positive published rear wind force."",""max"":""Maximum-force direction and matching reference area are not established; no maximum coefficient is inferred.""}"
"PANEL-BRAND-010","Kaelus","PBOQBU01","Passive","datasheet","914","304","127","8","Net antenna weight; mounting-kit inclusion not stated","","","","","","","","8","4.3-10 Female / MQ4-MQ5 variants; separate CAL port","3300-4200 MHz","263","41.2","","","150","200","28 April 2021","2026-10-02","https://www.kaelus.com/wp-content/uploads/2026/07/PBOQBU01-2021-28-04-_KAELUS_1.pdf","","1","1","https://www.kaelus.com/wp-content/uploads/2026/07/PBOQBU01-2021-28-04-_KAELUS_1.pdf","9efa479cc341997c75ac12675b0b1d365fb5a430beba3b42e687bc1aa0dd2586","identity: PDF p. 1, exact model heading; dimensions: PDF p. 1, published dimensions; mass: PDF p. 1, antenna weight; rf: PDF p. 1, RF specifications / connector layout; wind: PDF p. 1, published directional wind forces and speed","Passive 8T8R beamforming antenna. Eight RF ports plus a separately stated CAL port; CAL is not counted as an RF port.","","","","","","","Panel","","","","","","","0.8901277889942112","0.3337825972753719","","1.225","0.277856","0.116078","","150","Equivalent estimate only","Assumed ρ = 1.225 kg/m³; nominal envelope H × W for front/rear and H × D for side. Manufacturer test density, drag versus resultant force, pole/bracket contribution and true projected area are not confirmed. C = F / (0.5 × ρ × V² × A), V in m/s. This is not manufacturer Cd, EPA/EFPA or a site-design coefficient.","{""rear"":""No positive published rear wind force."",""max"":""Maximum-force direction and matching reference area are not established; no maximum coefficient is inferred.""}"
"PANEL-BRAND-011","Kaelus","S6IHEU06","Passive","datasheet","2698","498","217","","Source conflict; antenna mass not adopted","","","","","","","","12","4.3-10 Female","694-960 MHz / 1695-2690 MHz / 1427-2690 MHz","1563","528","","","150","200","16 October 2024","2026-10-02","https://www.kaelus.com/wp-content/uploads/2026/06/S6IHEU06-2024-10-16-_KAELUS-1.pdf","","1","1","https://www.kaelus.com/wp-content/uploads/2026/06/S6IHEU06-2024-10-16-_KAELUS-1.pdf","ec7b25c80dfcd86b6309475b31bb98f6314daa06136ac4b51979e1b0a1454880","identity: PDF p. 1, exact model heading; dimensions: PDF p. 1, published dimensions; mass: PDF p. 1, antenna weight; rf: PDF p. 1, RF specifications / connector layout; wind: PDF p. 1, published directional wind forces and speed","Beam-through / transparency range describes a separate antenna radio behind the panel. It is not added to this panel operating frequency ranges. Net mass is printed as 47.7 kg and 104.5 lb; these are inconsistent. Antenna mass remains unresolved; independently supported dimensions, RF and wind fields are retained.","","","","","","mass: Net mass is printed as 47.7 kg and 104.5 lb; these are inconsistent.","Beam-through panel","","","","","","","1.0939666443265081","0.8481030669655995","","1.225","1.343604","0.585466","","150","Equivalent estimate only","Assumed ρ = 1.225 kg/m³; nominal envelope H × W for front/rear and H × D for side. Manufacturer test density, drag versus resultant force, pole/bracket contribution and true projected area are not confirmed. C = F / (0.5 × ρ × V² × A), V in m/s. This is not manufacturer Cd, EPA/EFPA or a site-design coefficient.","{""rear"":""No positive published rear wind force."",""max"":""Maximum-force direction and matching reference area are not established; no maximum coefficient is inferred.""}"
"PANEL-BRAND-012","Kaelus","S6IHLU02","Passive","datasheet","2438","500","215","46","Net antenna weight; mounting-kit inclusion not stated","","","","","","","","12","4.3-10 Female","694-960 MHz / 1695-2690 MHz / 1427-2690 MHz","1563","264","","","150","200","2 October 2024","2026-10-02","https://www.kaelus.com/wp-content/uploads/2026/06/S6IHLU02-2024-10-02_KAELUS.pdf","","1","1","https://www.kaelus.com/wp-content/uploads/2026/06/S6IHLU02-2024-10-02_KAELUS.pdf","94ba28db8b5d5bf5ac4afcf605a3ac730ab43c1d00a11ebc8106d5f21de9a374","identity: PDF p. 1, exact model heading; dimensions: PDF p. 1, published dimensions; mass: PDF p. 1, antenna weight; rf: PDF p. 1, RF specifications / connector layout; wind: PDF p. 1, published directional wind forces and speed","Beam-through / transparency range describes a separate antenna radio behind the panel. It is not added to this panel operating frequency ranges.","","","","","","","Beam-through panel","","","","","","","1.2057899583131038","0.4736397640117535","","1.225","1.219","0.52417","","150","Equivalent estimate only","Assumed ρ = 1.225 kg/m³; nominal envelope H × W for front/rear and H × D for side. Manufacturer test density, drag versus resultant force, pole/bracket contribution and true projected area are not confirmed. C = F / (0.5 × ρ × V² × A), V in m/s. This is not manufacturer Cd, EPA/EFPA or a site-design coefficient.","{""rear"":""No positive published rear wind force."",""max"":""Maximum-force direction and matching reference area are not established; no maximum coefficient is inferred.""}"
"PANEL-BRAND-013","Kaelus","S6IHMU06","Passive","datasheet","2098","498","217","41.8","Net antenna weight; mounting-kit inclusion not stated","","","","","","","","12","4.3-10 Female","694-960 MHz / 1695-2690 MHz / 1427-2690 MHz","1215","422","","","150","200","20 December 2024","2026-10-02","https://www.kaelus.com/wp-content/uploads/2026/06/S6IHMU06.pdf","","1","1","https://www.kaelus.com/wp-content/uploads/2026/06/S6IHMU06.pdf","9f1bab10831487376f2125a9f7e76c0edcbc2bc422f9575ddb731cfe8f63b212","identity: PDF p. 1, exact model heading; dimensions: PDF p. 1, published dimensions; mass: PDF p. 1, antenna weight; rf: PDF p. 1, RF specifications / connector layout; wind: PDF p. 1, published directional wind forces and speed","Beam-through / transparency range describes a separate antenna radio behind the panel. It is not added to this panel operating frequency ranges.","","","","","","","Beam-through panel","","","","","","","1.0935983384130872","0.8716931308245273","","1.225","1.044804","0.455266","","150","Equivalent estimate only","Assumed ρ = 1.225 kg/m³; nominal envelope H × W for front/rear and H × D for side. Manufacturer test density, drag versus resultant force, pole/bracket contribution and true projected area are not confirmed. C = F / (0.5 × ρ × V² × A), V in m/s. This is not manufacturer Cd, EPA/EFPA or a site-design coefficient.","{""rear"":""No positive published rear wind force."",""max"":""Maximum-force direction and matching reference area are not established; no maximum coefficient is inferred.""}"
"PANEL-BRAND-014","Kaelus","S6IDEU01","Passive","datasheet","2705","498","217","37","Net antenna weight; mounting-kit inclusion not stated","","","","","","","","4","4.3-10 Female","694-960 MHz","991","349","","","150","200","23 February 2026","2026-10-02","https://www.kaelus.com/wp-content/uploads/2026/07/S6IDEU01-2026-02-23-_KAELUS.pdf","","1","1","https://www.kaelus.com/wp-content/uploads/2026/07/S6IDEU01-2026-02-23-_KAELUS.pdf","18a213e41b993b817dacdc14714aaa3b623c49aefc453210a539a77e2977f474","identity: PDF p. 1, exact model heading; dimensions: PDF p. 1, published dimensions; mass: PDF p. 1, antenna weight; rf: PDF p. 1, RF specifications / connector layout; wind: PDF p. 1, published directional wind forces and speed","Beam-through / transparency range describes a separate antenna radio behind the panel. It is not added to this panel operating frequency ranges.","","","","","","","Beam-through panel","","","","","","","0.6918205092428261","0.5591325996057682","","1.225","1.34709","0.586985","","150","Equivalent estimate only","Assumed ρ = 1.225 kg/m³; nominal envelope H × W for front/rear and H × D for side. Manufacturer test density, drag versus resultant force, pole/bracket contribution and true projected area are not confirmed. C = F / (0.5 × ρ × V² × A), V in m/s. This is not manufacturer Cd, EPA/EFPA or a site-design coefficient.","{""rear"":""No positive published rear wind force."",""max"":""Maximum-force direction and matching reference area are not established; no maximum coefficient is inferred.""}"
"PANEL-BRAND-015","Alpha Wireless","AW3874-E-F","Passive","datasheet","1000","480","115","","Source conflict; antenna mass not adopted","3.1","Net mounting bracket weight, separate","","","","","","8","4.3-10 Female","896-960 MHz / 3300-3800 MHz","495","181","","","150","200","Revision 15; 18 October 2024","2026-10-02","https://alphawireless.com/wp-content/uploads/AW3874-E-F.pdf","","3","3","https://alphawireless.com/wp-content/uploads/AW3874-E-F.pdf","e5d59f71332a2288677c76c7347ab53be4642b400b379f60d1b2111ba3a6e2c0","identity: PDF p. 3, exact model heading; dimensions: PDF p. 3, published dimensions; mass: PDF p. 3, antenna weight; rf: PDF p. 3, RF specifications / connector layout; wind: PDF p. 3, published directional wind forces and speed; kitMass: PDF p. 3, net mounting bracket weight","Antenna mass remains unresolved: 11.1 kg and 25.5 lb are inconsistent. Shipping weight is excluded; separate net bracket mass is retained.","","","","","","mass: PDF prints 11.1 kg and 25.5 lb for net antenna mass; inconsistent equivalents.","","","","","","","","0.9697959183673471","1.4801206743566993","","1.225","0.48","0.115","","150","Equivalent estimate only","Assumed ρ = 1.225 kg/m³; nominal envelope H × W for front/rear and H × D for side. Manufacturer test density, drag versus resultant force, pole/bracket contribution and true projected area are not confirmed. C = F / (0.5 × ρ × V² × A), V in m/s. This is not manufacturer Cd, EPA/EFPA or a site-design coefficient.","{""rear"":""No positive published rear wind force."",""max"":""Maximum-force direction and matching reference area are not established; no maximum coefficient is inferred.""}"
"PANEL-BRAND-016","Alpha Wireless","AW3946-E-F","Passive","datasheet","1700","322","115","16.5","Net antenna weight; bracket stated separately","3.1","Net mounting bracket weight, separate","","","","","","8","4.3-10 Female","3400-3800 MHz","594","406","","","150","200","Revision 06; 22 August 2023","2026-10-02","https://alphawireless.com/wp-content/uploads/AW3946-E-F.pdf","","3","3","https://alphawireless.com/wp-content/uploads/AW3946-E-F.pdf","dd08a86d9686c01861e784d03b1916b5517217e8aa9de7ef395991d092571f07","identity: PDF p. 3, exact model heading; dimensions: PDF p. 3, published dimensions; mass: PDF p. 3, antenna weight; rf: PDF p. 3, RF specifications / connector layout; wind: PDF p. 3, published directional wind forces and speed; kitMass: PDF p. 3, net mounting bracket weight","Cited PDF explicitly says Pre-release Product. The 3400-3800 MHz array range is retained from this revision; broader product-page descriptions are not merged. Shipping mass is excluded.","","","","","","","","","","","","","","1.0204648318954912","1.952970405553526","","1.225","0.5474","0.1955","","150","Equivalent estimate only","Assumed ρ = 1.225 kg/m³; nominal envelope H × W for front/rear and H × D for side. Manufacturer test density, drag versus resultant force, pole/bracket contribution and true projected area are not confirmed. C = F / (0.5 × ρ × V² × A), V in m/s. This is not manufacturer Cd, EPA/EFPA or a site-design coefficient.","{""rear"":""No positive published rear wind force."",""max"":""Maximum-force direction and matching reference area are not established; no maximum coefficient is inferred.""}"
"PANEL-BRAND-017","Alpha Wireless","AW3828-E-F","Passive","datasheet","850","280","85","9","Net antenna weight; bracket stated separately","1.5","Net mounting bracket weight, separate","","","","","","4","4.3-10 Female","3300-4200 MHz","220","80","","","150","241.4","Revision 16; 13 February 2025","2026-10-02","https://alphawireless.com/wp-content/uploads/AW3828-E-F.pdf","","3","3","https://alphawireless.com/wp-content/uploads/AW3828-E-F.pdf","d66f032115fdadac89829bf35d25daea476830de1a4dd95a25b258ddb6d98c5b","identity: PDF p. 3, exact model heading; dimensions: PDF p. 3, published dimensions; mass: PDF p. 3, antenna weight; rf: PDF p. 3, RF specifications / connector layout; wind: PDF p. 3, published directional wind forces and speed; kitMass: PDF p. 3, net mounting bracket weight","Net antenna mass and net mounting bracket mass are separate. Shipping mass is excluded.","","","","","","","","","","","","","","0.869284856799863","1.041282395311066","","1.225","0.238","0.07225","","150","Equivalent estimate only","Assumed ρ = 1.225 kg/m³; nominal envelope H × W for front/rear and H × D for side. Manufacturer test density, drag versus resultant force, pole/bracket contribution and true projected area are not confirmed. C = F / (0.5 × ρ × V² × A), V in m/s. This is not manufacturer Cd, EPA/EFPA or a site-design coefficient.","{""rear"":""No positive published rear wind force."",""max"":""Maximum-force direction and matching reference area are not established; no maximum coefficient is inferred.""}"
"PANEL-BRAND-018","CCI","MBA10-6F-BU-H3","Passive","datasheet","1036","2109","295","71.4","Without mounting kit","4.4","Mounting bracket kit weight, separate","MBK-03","","","2.6","","30","4.3-10 Female","698-896 MHz / 1695-2360 MHz","2853","170","","","161","","Revision 1.3; 24 July 2023","2026-10-02","https://cciproducts.com/DsPdf/ds-mba106fbuh3-v1_3-230724.pdf","","2","2","https://cciproducts.com/DsPdf/ds-mba106fbuh3-v1_3-230724.pdf","99626aabb7044396fc2df4fd565ed01ecb39d77a452394771d8c42fa5f063651","identity: PDF p. 2, exact model heading; dimensions: PDF p. 2, published dimensions; mass: PDF p. 2, antenna weight; rf: PDF p. 2, explicit low/high-band Ports coverage headers and connector count; performance columns are characterization sub-bands; wind: PDF p. 2, published directional wind forces and speed; kitMass: PDF p. 5, MBK-03 bracket kit weight; mounting: PDF p. 5, bracket and pipe mounting description; epa: PDF p. 2, EPA","Operating ranges follow the explicit Ports coverage headers, rather than the sampled performance columns. Survival speed is an inequality, not an exact 241 km/h rating. Manufacturer lists mounting pipe as 2-5 in (5-12 cm); inconsistent equivalents remain a source description, with no exact metric OD adopted.","","","","","> 241 km/h","","","https://cciproducts.com/index.php/products/antennas/multi-sector-special-events-antennas/item/956","","","","","","1.0658905036035244","0.454061109931231","","1.225","2.184924","0.30562","","161","Equivalent estimate only","Assumed ρ = 1.225 kg/m³; nominal envelope H × W for front/rear and H × D for side. Manufacturer test density, drag versus resultant force, pole/bracket contribution and true projected area are not confirmed. C = F / (0.5 × ρ × V² × A), V in m/s. This is not manufacturer Cd, EPA/EFPA or a site-design coefficient.","{""rear"":""No positive published rear wind force."",""max"":""Maximum-force direction and matching reference area are not established; no maximum coefficient is inferred.""}"
"PANEL-BRAND-019","MatSing","MS-MBA-4-B4","Passive","datasheet","500","360","360","14","Net antenna weight; mounting-kit inclusion not stated","","","","61","114","","","16","4.3-10 Female","3500-3700 MHz","117","168","","","150","","Revision not printed; PDF filename V09152023","2026-10-02","https://www.matsing.com/wp-content/uploads/Product_Documents/MS-MBA-4-B4/MS-MBA-4-B4_Datasheet_V09152023.pdf","","2","2","https://www.matsing.com/wp-content/uploads/Product_Documents/MS-MBA-4-B4/MS-MBA-4-B4_Datasheet_V09152023.pdf","5334c7f2c7a694307b0ab63348360ac52ed23b8266683f6443d8b4a828f9bd81","identity: PDF p. 2, exact model heading; dimensions: PDF p. 2, published dimensions; source cm × 10 = mm; mass: PDF p. 2, antenna weight; rf: PDF p. 2, RF specifications / connector layout; wind: PDF p. 2, published directional wind forces and speed; mounting: PDF p. 2, pipe diameter in cm × 10 = mm","Published dimensions and mounting pipe OD in cm are converted to mm by multiplying by 10. No combined mounting mass or maximum-direction wind force is derived. PRELIMINARY watermark. Factory-set tilt 0-20 degrees is not adopted as an electrical RET range.","","","","","","","Lens","","","","","","","","","","","","","","","Unavailable","","{""front"":""Reference geometry is not a supported nominal panel envelope."",""side"":""Reference geometry is not a supported nominal panel envelope."",""rear"":""Reference geometry is not a supported nominal panel envelope."",""max"":""Maximum-force direction and matching reference area are not established; no maximum coefficient is inferred.""}"
"PANEL-BRAND-020","MatSing","MS-MBA-3.3.2-F2-H2-L2","Passive","datasheet","1390","617","720","44.3","Without mounting bracket","","","","61","114","","","","6 F-band + 6 H-band + 4 L-band 4.3-10 Female connections","3300-4200 MHz / 1695-2690 MHz / 698-960 MHz","695","1081","998","","150","","Revision not printed; PDF filename V03292026","2026-10-02","https://www.matsing.com/wp-content/uploads/Product_Documents/MS-MBA-3.3.2-F2-H2-L2/MS-MBA-3.3.2-F2-H2-L2_Datasheet_V03292026.pdf","","2","2","https://www.matsing.com/wp-content/uploads/Product_Documents/MS-MBA-3.3.2-F2-H2-L2/MS-MBA-3.3.2-F2-H2-L2_Datasheet_V03292026.pdf","632efefcd86aa9c7d8ba433aa3c23f103aff9ab272a2fd21a7c75fce41ca9efd","identity: PDF p. 2, exact model heading; dimensions: PDF p. 2, published dimensions; source cm × 10 = mm; mass: PDF p. 2, antenna weight; rf: PDF p. 2, RF specifications / connector layout; RET per cross-polarisation; wind: PDF p. 2, published directional wind forces and speed; mounting: PDF p. 2, pipe diameter in cm × 10 = mm","Published dimensions and mounting pipe OD in cm are converted to mm by multiplying by 10. No combined mounting mass or maximum-direction wind force is derived. Source also lists 46.3 kg with bracket. Ports are stated per band (6 F + 6 H + 4 L); no combined count adopted.","","","","","","","Lens","","","","","","","","","","","","","","","Unavailable","","{""front"":""Reference geometry is not a supported nominal panel envelope."",""side"":""Reference geometry is not a supported nominal panel envelope."",""rear"":""Reference geometry is not a supported nominal panel envelope."",""max"":""Maximum-force direction and matching reference area are not established; no maximum coefficient is inferred.""}"
"PANEL-BRAND-021","MatSing","MS-MBA-4.4-SH2-SH2-45","Passive","datasheet","1100","620","720","36.5","Without mounting bracket","","","","61","114","","","16","4.3-10 Female","2300-2400 MHz / 3400-3600 MHz","473","638","555","","150","","Revision not printed; PDF filename V08282026","2026-10-02","https://www.matsing.com/wp-content/uploads/Product_Documents/MS-MBA-4.4-SH2-SH2-45/MS-MBA-4.4-SH2-SH2-45_Datasheet_V08282026.pdf","","2","2","https://www.matsing.com/wp-content/uploads/Product_Documents/MS-MBA-4.4-SH2-SH2-45/MS-MBA-4.4-SH2-SH2-45_Datasheet_V08282026.pdf","b1201146ae7e711bbc93a95c63b93fd7a1057bd2a67c96c3114448d8f4b05c8b","identity: PDF p. 2, exact model heading; dimensions: PDF p. 2, published dimensions; source cm × 10 = mm; mass: PDF p. 2, antenna weight; rf: PDF p. 2, RF specifications / connector layout; wind: PDF p. 2, published directional wind forces and speed; mounting: PDF p. 2, pipe diameter in cm × 10 = mm","Published dimensions and mounting pipe OD in cm are converted to mm by multiplying by 10. No combined mounting mass or maximum-direction wind force is derived. Source also lists 38.6 kg with bracket. GHz ranges are converted to MHz × 1000. Tilt per cross-polarisation is 0-15 degrees; control basis not adopted as electrical RET.","","","","","","","Lens","","","","","","","","","","","","","","","Unavailable","","{""front"":""Reference geometry is not a supported nominal panel envelope."",""side"":""Reference geometry is not a supported nominal panel envelope."",""rear"":""Reference geometry is not a supported nominal panel envelope."",""max"":""Maximum-force direction and matching reference area are not established; no maximum coefficient is inferred.""}"
"PANEL-BRAND-022","RFS","APXVBBLL20B_43-C-I20","Passive","sheet-pending","","","","","Exact model sheet not verified","","","","","","","","8","4.3-10","698-960 MHz / 1710-2690 MHz","","","","","","","Body edition 2; July 2022 (cover carries earlier edition)","2026-10-02","","https://amphenol-antennas.com/wp-content/uploads/datasheets/APXVBBLL20B_43-C-I20,%20-A-I20.pdf","","","https://www.rfstechnologies.com/articles/brochure/download/base-station-antenna-selection-guide-for-emea-and-apac-regions","aff8b5a5d10e6f308480e6ef05ea20ce50b5c5f0d25e7a013a7ecb3bce28fc18","identity: PDF p. 35, exact catalogue model row / product link; rf: PDF p. 35, operating ranges and 4.3-10 connector variant","Legacy RFS catalogue identity retained. Exact model appears in a shared C-I20 / A-I20 public Amphenol sheet; direct download / PDF visual review unavailable. Mechanical values remain withheld. The older RFS PDF endpoint now returns generic HTML and is not a spec-sheet link. Match the C-I20 kit; A-I20 mounting data must not transfer.","","","","","","","","","","","","","","","","","","","","","","Unavailable","","{""front"":""Exact wind and dimension source pages are not verified."",""side"":""Exact wind and dimension source pages are not verified."",""rear"":""Exact wind and dimension source pages are not verified."",""max"":""Maximum-force direction and matching reference area are not established; no maximum coefficient is inferred.""}"
"PANEL-BRAND-023","RFS","APXVBBLL26B_43-C-I20","Passive","sheet-pending","","","","","Exact model sheet not verified","","","","","","","","8","4.3-10","698-960 MHz / 1710-2690 MHz","","","","","","","Body edition 2; July 2022 (cover carries earlier edition)","2026-10-02","","https://amphenol-antennas.com/wp-content/uploads/datasheets/APXVBBLL26B_43-C-I20,%20-A-I20.pdf","","","https://www.rfstechnologies.com/articles/brochure/download/base-station-antenna-selection-guide-for-emea-and-apac-regions","aff8b5a5d10e6f308480e6ef05ea20ce50b5c5f0d25e7a013a7ecb3bce28fc18","identity: PDF p. 35, exact catalogue model row / product link; rf: PDF p. 35, operating ranges and 4.3-10 connector variant","Legacy RFS catalogue identity retained. Exact model appears in a shared C-I20 / A-I20 public Amphenol sheet; direct download / PDF visual review unavailable. Mechanical values remain withheld. The older RFS PDF endpoint now returns generic HTML and is not a spec-sheet link. Match the C-I20 kit; A-I20 mounting data must not transfer.","","","","","","","","","","","","","","","","","","","","","","Unavailable","","{""front"":""Exact wind and dimension source pages are not verified."",""side"":""Exact wind and dimension source pages are not verified."",""rear"":""Exact wind and dimension source pages are not verified."",""max"":""Maximum-force direction and matching reference area are not established; no maximum coefficient is inferred.""}"
"PANEL-BRAND-024","RFS","APXVTY10AB_43-C-I20","Passive","datasheet","1000","295","115","","Antenna only","4.5","Mounting hardware only","APM50-B1","50","110","","","8","4.3-10 Female (8 RF); 2 AISG connectors separately listed","3300-3800 MHz","218","224","253","","150","200","Revision F; date not stated","2026-10-02","https://www.rfstechnologies.com/pim/product/pdf/APXVTY10AB_43-C-I20","","3","3","https://www.rfstechnologies.com/pim/product/pdf/APXVTY10AB_43-C-I20","9c26146705e58eba5ecf07ff9ae7137ad4fd95a3a10553589b469207fd40fff4","identity: PDF p. 1, exact printed model; rf: PDF p. 1, 8 Ports / 3300-3800 MHz; p. 3, connector count; dimensions: PDF p. 3, antenna dimensions; mass: PDF p. 3, antenna weight and footnote; wind: PDF p. 3, mechanical wind values / stated reference speed; kitMass: PDF p. 3, Weight (Mounting Hardware only); mounting: PDF p. 3, C-I20 Ordering Information","Legacy RFS model, now in Amphenol Antennas sources. Checked link opens Revision F (undated), not a claim of latest revision. Current public PDF is linked under Compare source for revision review. Its weight differs; mass is withheld. Revision F dimensions 1000 × 295 × 115 mm supersede the geometry quoted in the 2022 selection guide for this checked source; confirm the ordered revision. Passive beamforming array, not an integrated active radio. CAL functionality does not create a ninth RF port.","","","","","","mass: Visually checked Revision F states 10.5 kg antenna only. Current public REV040825CN web extraction states 10.1 kg; original current mechanical page could not be visually reviewed. Mass withheld pending revision / ordered-product confirmation.","","","","","","","","0.69494569353165","1.8317515527950312","0.8065195434105846","1.225","0.295","0.115","0.295","150","Equivalent estimate only","Assumed ρ = 1.225 kg/m³; nominal envelope H × W for front/rear and H × D for side. Manufacturer test density, drag versus resultant force, pole/bracket contribution and true projected area are not confirmed. C = F / (0.5 × ρ × V² × A), V in m/s. This is not manufacturer Cd, EPA/EFPA or a site-design coefficient.","{""max"":""Maximum-force direction and matching reference area are not established; no maximum coefficient is inferred.""}"
"PANEL-BRAND-025","Kathrein","742 213","Passive","site-record","","","","","Manufacturer sheet not verified","","","","","","","","","","LTE2100 S2 in historical site record; exact operating ranges not verified","","","","","","","RFNSA 2782002; issue 7; 29 June 2021","2026-10-02","","","","","https://ucms.arn.com.au/wp-content/uploads/2021/10/2021-06-29-EME-Guide-v7-RFNSA.pdf","4a36797da88831ee59c90c713f88c4ab82b45b04f8928d7ce89545ec4766e7af","identity: PDF pp. 1, 19; Panel/Kathrein/742 213; OV2; rf: PDF p. 19; OV2, LTE2100 S2","Public EME guide identifies an existing panel and LTE system at this site in 2021. It supplies no manufacturer mechanical specifications. Legacy Kathrein Mobile Communication business joined Ericsson in 2019; no current Ericsson order-code equivalence is inferred.","Optus | existing | 2021-06-29 | 31-45 Great Western Highway, Wentworth Falls NSW; RFNSA 2782002 | LTE2100 S2 | PDF pp. 1, 19; OV2; LTE2100 S2 | https://ucms.arn.com.au/wp-content/uploads/2021/10/2021-06-29-EME-Guide-v7-RFNSA.pdf","","","","","","","","","","","","","","","","","","","","","Unavailable","","{""front"":""Exact wind and dimension source pages are not verified."",""side"":""Exact wind and dimension source pages are not verified."",""rear"":""Exact wind and dimension source pages are not verified."",""max"":""Maximum-force direction and matching reference area are not established; no maximum coefficient is inferred.""}"
"PANEL-BRAND-026","Kathrein","742 215","Passive","site-record","","","","","Manufacturer sheet not verified","","","","","","","","","","LTE2100 S3 in historical site record; exact operating ranges not verified","","","","","","","RFNSA 2782002; issue 7; 29 June 2021","2026-10-02","","","","","https://ucms.arn.com.au/wp-content/uploads/2021/10/2021-06-29-EME-Guide-v7-RFNSA.pdf","4a36797da88831ee59c90c713f88c4ab82b45b04f8928d7ce89545ec4766e7af","identity: PDF pp. 1, 19; Panel/Kathrein/742 215; OV3; rf: PDF p. 19; OV3, LTE2100 S3","Public EME guide identifies an existing panel and LTE system at this site in 2021. It supplies no manufacturer mechanical specifications. Legacy Kathrein Mobile Communication business joined Ericsson in 2019; no current Ericsson order-code equivalence is inferred.","Optus | existing | 2021-06-29 | 31-45 Great Western Highway, Wentworth Falls NSW; RFNSA 2782002 | LTE2100 S3 | PDF pp. 1, 19; OV3; LTE2100 S3 | https://ucms.arn.com.au/wp-content/uploads/2021/10/2021-06-29-EME-Guide-v7-RFNSA.pdf","","","","","","","","","","","","","","","","","","","","","Unavailable","","{""front"":""Exact wind and dimension source pages are not verified."",""side"":""Exact wind and dimension source pages are not verified."",""rear"":""Exact wind and dimension source pages are not verified."",""max"":""Maximum-force direction and matching reference area are not established; no maximum coefficient is inferred.""}"
"PANEL-BRAND-027","Kathrein","800 10305","Passive","site-record","","","","","Manufacturer sheet not verified","","","","","","","","","","Vodafone LTE850 S1 in historical site record; exact operating ranges not verified","","","","","","","RFNSA 2782002; issue 7; 29 June 2021","2026-10-02","","","","","https://ucms.arn.com.au/wp-content/uploads/2021/10/2021-06-29-EME-Guide-v7-RFNSA.pdf","4a36797da88831ee59c90c713f88c4ab82b45b04f8928d7ce89545ec4766e7af","identity: PDF pp. 1, 19; Panel/Kathrein/800 10305; V01; rf: PDF p. 19; V01, Vodafone LTE850 S1","Public EME guide identifies an existing panel and LTE system at this site in 2021. It supplies no manufacturer mechanical specifications. Legacy Kathrein Mobile Communication business joined Ericsson in 2019; no current Ericsson order-code equivalence is inferred.","Vodafone / TPG | existing | 2021-06-29 | 31-45 Great Western Highway, Wentworth Falls NSW; RFNSA 2782002 | Vodafone LTE850 S1 | PDF pp. 1, 19; V01; Vodafone LTE850 S1 | https://ucms.arn.com.au/wp-content/uploads/2021/10/2021-06-29-EME-Guide-v7-RFNSA.pdf","","","","","","","","","","","","","","","","","","","","","Unavailable","","{""front"":""Exact wind and dimension source pages are not verified."",""side"":""Exact wind and dimension source pages are not verified."",""rear"":""Exact wind and dimension source pages are not verified."",""max"":""Maximum-force direction and matching reference area are not established; no maximum coefficient is inferred.""}"
"PANEL-CCI-1450","CCI","2PA65R-K8A","Passive","datasheet","2439","297","211","22.6","Without mounting kit","","","","","","0.6","","2","4.3-10 Female","698-960 MHz","780","617","","","161","","Revision 1.0; 10 March 2022","2026-10-02","https://cciproducts.com/DsPdf/ds-2pa65rk8a-v1_0-220310.pdf","","2","2","https://cciproducts.com/DsPdf/ds-2pa65rk8a-v1_0-220310.pdf","d4a3d083e20613e25384ced24305483efba71acac79aec02b025d70ba36f461b","identity: PDF p. 1, exact model heading and printed revision/date; dimensions: PDF p. 2, Dimensions (L × W × D), printed metric values; L mapped to H; mass: PDF p. 2, Weight and weight-exclusion footnote; rf: PDF p. 2, explicit Ports coverage headers / RF parameters; PDF p. 2, connector count and interface; wind: PDF p. 2, front/side wind loads at 161 km/h and survival inequality; mounting: PDF p. 2, original mounting pole description; epa: PDF p. 2, Effective Projective Area (EPA), Front","Published metric L/W/D values are retained as H/W/D. Wind forces remain at 161 km/h; rear and maximum-direction force not stated. Survival speed is an inequality. Operating ranges follow explicit port coverage, not sampled performance columns. Antenna mass excludes mounting; no shipping mass or unreviewed kit mass adopted. Mounting pole description 2–5 in (5–12 cm) retained; inconsistent rounded equivalents are not an exact adopted metric OD.","","","","","> 241 km/h","","Multi-port panel","https://cciproducts.com/index.php/products/antennas/single-sector-multi-port-antennas/item/1450","","","","","","0.8789689010420519","0.9786740317599648","","1.225","0.724383","0.514629","","161","Equivalent estimate only","Assumed ρ = 1.225 kg/m³; nominal envelope H × W for front/rear and H × D for side. Manufacturer test density, drag versus resultant force, pole/bracket contribution and true projected area are not confirmed. C = F / (0.5 × ρ × V² × A), V in m/s. This is not manufacturer Cd, EPA/EFPA or a site-design coefficient.","{""rear"":""No positive published rear wind force."",""max"":""Maximum-force direction and matching reference area are not established; no maximum coefficient is inferred.""}"
"PANEL-CCI-1538","CCI","30PA65R-KO9A","Passive","catalogue","","","","","","","","","","","","","","","Multi-port panel; operating ranges not verified","","","","","","","Public directory snapshot; 2 October 2026","2026-10-02","","","","","https://cciproducts.com/index.php/products/antennas/single-sector-multi-port-antennas?start=5","4a7d14c21cf9818c22e922848b67cfac66954b85d371a437fe7c6e35ea8f18fe","identity: Public multiport listing: exact visible model 30PA65R-KO9A","Exact model identity indexed from the public CCI directory. Open Product page for its documents; individual spec sheet and mechanical/RF parameters remain unverified. Directory inclusion does not establish current supply or Australian operator use.","","","","","","","Multi-port panel","https://cciproducts.com/index.php/products/antennas/single-sector-multi-port-antennas/item/1538","","","","","","","","","","","","","","Unavailable","","{""front"":""Exact wind and dimension source pages are not verified."",""side"":""Exact wind and dimension source pages are not verified."",""rear"":""Exact wind and dimension source pages are not verified."",""max"":""Maximum-force direction and matching reference area are not established; no maximum coefficient is inferred.""}"
"PANEL-CCI-1627","CCI","DMP45R-BU6E","Passive","catalogue","","","","","","","","","","","","","","","Multi-port panel; operating ranges not verified","","","","","","","Public directory snapshot; 2 October 2026","2026-10-02","","","","","https://cciproducts.com/index.php/products/antennas/single-sector-multi-port-antennas?start=5","4a7d14c21cf9818c22e922848b67cfac66954b85d371a437fe7c6e35ea8f18fe","identity: Public multiport listing: exact visible model DMP45R-BU6E","Exact model identity indexed from the public CCI directory. Open Product page for its documents; individual spec sheet and mechanical/RF parameters remain unverified. Directory inclusion does not establish current supply or Australian operator use.","","","","","","","Multi-port panel","https://cciproducts.com/index.php/products/antennas/single-sector-multi-port-antennas/item/1627","","","","","","","","","","","","","","Unavailable","","{""front"":""Exact wind and dimension source pages are not verified."",""side"":""Exact wind and dimension source pages are not verified."",""rear"":""Exact wind and dimension source pages are not verified."",""max"":""Maximum-force direction and matching reference area are not established; no maximum coefficient is inferred.""}"
"PANEL-CCI-1159","CCI","DMP65R-BU4D","Passive","catalogue","","","","","","","","","","","","","","","Multi-port panel; operating ranges not verified","","","","","","","Public directory snapshot; 2 October 2026","2026-10-02","","","","","https://cciproducts.com/index.php/products/antennas/single-sector-multi-port-antennas?start=5","4a7d14c21cf9818c22e922848b67cfac66954b85d371a437fe7c6e35ea8f18fe","identity: Public multiport listing: exact visible model DMP65R-BU4D","Exact model identity indexed from the public CCI directory. Open Product page for its documents; individual spec sheet and mechanical/RF parameters remain unverified. Directory inclusion does not establish current supply or Australian operator use.","","","","","","","Multi-port panel","https://cciproducts.com/index.php/products/antennas/single-sector-multi-port-antennas/item/1159","","","","","","","","","","","","","","Unavailable","","{""front"":""Exact wind and dimension source pages are not verified."",""side"":""Exact wind and dimension source pages are not verified."",""rear"":""Exact wind and dimension source pages are not verified."",""max"":""Maximum-force direction and matching reference area are not established; no maximum coefficient is inferred.""}"
"PANEL-CCI-1388","CCI","DMP65R-BU4E","Passive","catalogue","","","","","","","","","","","","","","","Multi-port panel; operating ranges not verified","","","","","","","Public directory snapshot; 2 October 2026","2026-10-02","","","","","https://cciproducts.com/index.php/products/antennas/single-sector-multi-port-antennas?start=5","4a7d14c21cf9818c22e922848b67cfac66954b85d371a437fe7c6e35ea8f18fe","identity: Public multiport listing: exact visible model DMP65R-BU4E","Exact model identity indexed from the public CCI directory. Open Product page for its documents; individual spec sheet and mechanical/RF parameters remain unverified. Directory inclusion does not establish current supply or Australian operator use.","","","","","","","Multi-port panel","https://cciproducts.com/index.php/products/antennas/single-sector-multi-port-antennas/item/1388","","","","","","","","","","","","","","Unavailable","","{""front"":""Exact wind and dimension source pages are not verified."",""side"":""Exact wind and dimension source pages are not verified."",""rear"":""Exact wind and dimension source pages are not verified."",""max"":""Maximum-force direction and matching reference area are not established; no maximum coefficient is inferred.""}"
"PANEL-CCI-1160","CCI","DMP65R-BU6D","Passive","catalogue","","","","","","","","","","","","","","","Multi-port panel; operating ranges not verified","","","","","","","Public directory snapshot; 2 October 2026","2026-10-02","","","","","https://cciproducts.com/index.php/products/antennas/single-sector-multi-port-antennas?start=10","5bd1b5abea1a4e3e0376a835013feb7f83ab1afc8af65c8e8d6db0a63fc870c6","identity: Public multiport listing: exact visible model DMP65R-BU6D","Exact model identity indexed from the public CCI directory. Open Product page for its documents; individual spec sheet and mechanical/RF parameters remain unverified. Directory inclusion does not establish current supply or Australian operator use.","","","","","","","Multi-port panel","https://cciproducts.com/index.php/products/antennas/single-sector-multi-port-antennas/item/1160","","","","","","","","","","","","","","Unavailable","","{""front"":""Exact wind and dimension source pages are not verified."",""side"":""Exact wind and dimension source pages are not verified."",""rear"":""Exact wind and dimension source pages are not verified."",""max"":""Maximum-force direction and matching reference area are not established; no maximum coefficient is inferred.""}"
"PANEL-CCI-1369","CCI","DMP65R-BU6E","Passive","catalogue","","","","","","","","","","","","","","","Multi-port panel; operating ranges not verified","","","","","","","Public directory snapshot; 2 October 2026","2026-10-02","","","","","https://cciproducts.com/index.php/products/antennas/single-sector-multi-port-antennas?start=10","5bd1b5abea1a4e3e0376a835013feb7f83ab1afc8af65c8e8d6db0a63fc870c6","identity: Public multiport listing: exact visible model DMP65R-BU6E","Exact model identity indexed from the public CCI directory. Open Product page for its documents; individual spec sheet and mechanical/RF parameters remain unverified. Directory inclusion does not establish current supply or Australian operator use.","","","","","","","Multi-port panel","https://cciproducts.com/index.php/products/antennas/single-sector-multi-port-antennas/item/1369","","","","","","","","","","","","","","Unavailable","","{""front"":""Exact wind and dimension source pages are not verified."",""side"":""Exact wind and dimension source pages are not verified."",""rear"":""Exact wind and dimension source pages are not verified."",""max"":""Maximum-force direction and matching reference area are not established; no maximum coefficient is inferred.""}"
"PANEL-CCI-1161","CCI","DMP65R-BU8D","Passive","catalogue","","","","","","","","","","","","","","","Multi-port panel; operating ranges not verified","","","","","","","Public directory snapshot; 2 October 2026","2026-10-02","","","","","https://cciproducts.com/index.php/products/antennas/single-sector-multi-port-antennas?start=10","5bd1b5abea1a4e3e0376a835013feb7f83ab1afc8af65c8e8d6db0a63fc870c6","identity: Public multiport listing: exact visible model DMP65R-BU8D","Exact model identity indexed from the public CCI directory. Open Product page for its documents; individual spec sheet and mechanical/RF parameters remain unverified. Directory inclusion does not establish current supply or Australian operator use.","","","","","","","Multi-port panel","https://cciproducts.com/index.php/products/antennas/single-sector-multi-port-antennas/item/1161","","","","","","","","","","","","","","Unavailable","","{""front"":""Exact wind and dimension source pages are not verified."",""side"":""Exact wind and dimension source pages are not verified."",""rear"":""Exact wind and dimension source pages are not verified."",""max"":""Maximum-force direction and matching reference area are not established; no maximum coefficient is inferred.""}"
"PANEL-CCI-1345","CCI","DMP65R-BU8E","Passive","catalogue","","","","","","","","","","","","","","","Multi-port panel; operating ranges not verified","","","","","","","Public directory snapshot; 2 October 2026","2026-10-02","","","","","https://cciproducts.com/index.php/products/antennas/single-sector-multi-port-antennas?start=10","5bd1b5abea1a4e3e0376a835013feb7f83ab1afc8af65c8e8d6db0a63fc870c6","identity: Public multiport listing: exact visible model DMP65R-BU8E","Exact model identity indexed from the public CCI directory. Open Product page for its documents; individual spec sheet and mechanical/RF parameters remain unverified. Directory inclusion does not establish current supply or Australian operator use.","","","","","","","Multi-port panel","https://cciproducts.com/index.php/products/antennas/single-sector-multi-port-antennas/item/1345","","","","","","","","","","","","","","Unavailable","","{""front"":""Exact wind and dimension source pages are not verified."",""side"":""Exact wind and dimension source pages are not verified."",""rear"":""Exact wind and dimension source pages are not verified."",""max"":""Maximum-force direction and matching reference area are not established; no maximum coefficient is inferred.""}"
"PANEL-CCI-419","CCI","DPA-65R-BUUVV-H8","Passive","catalogue","","","","","","","","","","","","","","","Multi-port panel; operating ranges not verified","","","","","","","Public directory snapshot; 2 October 2026","2026-10-02","","","","","https://cciproducts.com/index.php/products/antennas/single-sector-multi-port-antennas?start=10","5bd1b5abea1a4e3e0376a835013feb7f83ab1afc8af65c8e8d6db0a63fc870c6","identity: Public multiport listing: exact visible model DPA-65R-BUUVV-H8","Exact model identity indexed from the public CCI directory. Open Product page for its documents; individual spec sheet and mechanical/RF parameters remain unverified. Directory inclusion does not establish current supply or Australian operator use.","","","","","","","Multi-port panel","https://cciproducts.com/index.php/products/antennas/single-sector-multi-port-antennas/item/419","","","","","","","","","","","","","","Unavailable","","{""front"":""Exact wind and dimension source pages are not verified."",""side"":""Exact wind and dimension source pages are not verified."",""rear"":""Exact wind and dimension source pages are not verified."",""max"":""Maximum-force direction and matching reference area are not established; no maximum coefficient is inferred.""}"
"PANEL-CCI-1455","CCI","DPA65R-BU4D","Passive","catalogue","","","","","","","","","","","","","","","Multi-port panel; operating ranges not verified","","","","","","","Public directory snapshot; 2 October 2026","2026-10-02","","","","","https://cciproducts.com/index.php/products/antennas/single-sector-multi-port-antennas?start=15","ce754cdcf443c39e3b7cce63a0a9080ad6be3923eb0756c9b320a666bd6f475b","identity: Public multiport listing: exact visible model DPA65R-BU4D","Exact model identity indexed from the public CCI directory. Open Product page for its documents; individual spec sheet and mechanical/RF parameters remain unverified. Directory inclusion does not establish current supply or Australian operator use.","","","","","","","Multi-port panel","https://cciproducts.com/index.php/products/antennas/single-sector-multi-port-antennas/item/1455","","","","","","","","","","","","","","Unavailable","","{""front"":""Exact wind and dimension source pages are not verified."",""side"":""Exact wind and dimension source pages are not verified."",""rear"":""Exact wind and dimension source pages are not verified."",""max"":""Maximum-force direction and matching reference area are not established; no maximum coefficient is inferred.""}"
"PANEL-CCI-593","CCI","DPA65R-BU6A","Passive","catalogue","","","","","","","","","","","","","","","Multi-port panel; operating ranges not verified","","","","","","","Public directory snapshot; 2 October 2026","2026-10-02","","","","","https://cciproducts.com/index.php/products/antennas/single-sector-multi-port-antennas?start=15","ce754cdcf443c39e3b7cce63a0a9080ad6be3923eb0756c9b320a666bd6f475b","identity: Public multiport listing: exact visible model DPA65R-BU6A","Exact model identity indexed from the public CCI directory. Open Product page for its documents; individual spec sheet and mechanical/RF parameters remain unverified. Directory inclusion does not establish current supply or Australian operator use.","","","","","","","Multi-port panel","https://cciproducts.com/index.php/products/antennas/single-sector-multi-port-antennas/item/593","","","","","","","","","","","","","","Unavailable","","{""front"":""Exact wind and dimension source pages are not verified."",""side"":""Exact wind and dimension source pages are not verified."",""rear"":""Exact wind and dimension source pages are not verified."",""max"":""Maximum-force direction and matching reference area are not established; no maximum coefficient is inferred.""}"
"PANEL-CCI-1421","CCI","DPA65R-BU6D","Passive","catalogue","","","","","","","","","","","","","","","Multi-port panel; operating ranges not verified","","","","","","","Public directory snapshot; 2 October 2026","2026-10-02","","","","","https://cciproducts.com/index.php/products/antennas/single-sector-multi-port-antennas?start=15","ce754cdcf443c39e3b7cce63a0a9080ad6be3923eb0756c9b320a666bd6f475b","identity: Public multiport listing: exact visible model DPA65R-BU6D","Exact model identity indexed from the public CCI directory. Open Product page for its documents; individual spec sheet and mechanical/RF parameters remain unverified. Directory inclusion does not establish current supply or Australian operator use.","","","","","","","Multi-port panel","https://cciproducts.com/index.php/products/antennas/single-sector-multi-port-antennas/item/1421","","","","","","","","","","","","","","Unavailable","","{""front"":""Exact wind and dimension source pages are not verified."",""side"":""Exact wind and dimension source pages are not verified."",""rear"":""Exact wind and dimension source pages are not verified."",""max"":""Maximum-force direction and matching reference area are not established; no maximum coefficient is inferred.""}"
"PANEL-CCI-1462","CCI","DPA65R-BU8D","Passive","catalogue","","","","","","","","","","","","","","","Multi-port panel; operating ranges not verified","","","","","","","Public directory snapshot; 2 October 2026","2026-10-02","","","","","https://cciproducts.com/index.php/products/antennas/single-sector-multi-port-antennas?start=15","ce754cdcf443c39e3b7cce63a0a9080ad6be3923eb0756c9b320a666bd6f475b","identity: Public multiport listing: exact visible model DPA65R-BU8D","Exact model identity indexed from the public CCI directory. Open Product page for its documents; individual spec sheet and mechanical/RF parameters remain unverified. Directory inclusion does not establish current supply or Australian operator use.","","","","","","","Multi-port panel","https://cciproducts.com/index.php/products/antennas/single-sector-multi-port-antennas/item/1462","","","","","","","","","","","","","","Unavailable","","{""front"":""Exact wind and dimension source pages are not verified."",""side"":""Exact wind and dimension source pages are not verified."",""rear"":""Exact wind and dimension source pages are not verified."",""max"":""Maximum-force direction and matching reference area are not established; no maximum coefficient is inferred.""}"
"PANEL-CCI-984","CCI","DPA65R-KE8A","Passive","datasheet","2441","308","244","29.3","Without mounting kit","","","","","","","","10","4.3-10 Female","698-960 MHz / 1695-2690 MHz","1320","1096","","","161","","Revision 1.0; 29 October 2018","2026-10-02","https://cciproducts.com/DsPdf/ds-dpa65rke8a-v1_0-181029.pdf","","3","3","https://cciproducts.com/DsPdf/ds-dpa65rke8a-v1_0-181029.pdf","3f11075cf706d30f2242130d63bf9b38fb63d170aec04dd8e254abfa1987660b","identity: PDF p. 1, exact printed model; dimensions: PDF p. 3, antenna dimensions; mass: PDF p. 3, antenna weight and footnote; wind: PDF p. 3, mechanical wind values / stated reference speed; rf: PDF pp. 1-3, explicit Ports coverage headers; mechanical connector count; efpa: PDF p. 3, Equivalent Flat Plate Area; mounting: PDF p. 3, Mounting Pole: 2 to 5 in (5 to 12 cm), rounded source description","Wind forces retain 100 mph (161 km/h); no derived rear or maximum force. Published Equivalent Flat Plate Area is distinct from EPA. Mounting Pole 2 to 5 in (5 to 12 cm) is retained as a rounded source description; no synthetic precise mm limits. Separate RET mass is not mounting-kit mass. No Australian use inferred.","","","","","> 241 km/h","","Multi-port panel","https://cciproducts.com/index.php/products/antennas/single-sector-multi-port-antennas/item/984","1.1","","","","","1.4331861141478333","1.5021043535166907","","1.225","0.751828","0.595604","","161","Equivalent estimate only","Assumed ρ = 1.225 kg/m³; nominal envelope H × W for front/rear and H × D for side. Manufacturer test density, drag versus resultant force, pole/bracket contribution and true projected area are not confirmed. C = F / (0.5 × ρ × V² × A), V in m/s. This is not manufacturer Cd, EPA/EFPA or a site-design coefficient.","{""rear"":""No positive published rear wind force."",""max"":""Maximum-force direction and matching reference area are not established; no maximum coefficient is inferred.""}"
"PANEL-CCI-1594","CCI","FPA45R-BU6B","Passive","catalogue","","","","","","","","","","","","","","","Multi-port panel; operating ranges not verified","","","","","","","Public directory snapshot; 2 October 2026","2026-10-02","","","","","https://cciproducts.com/index.php/products/antennas/single-sector-multi-port-antennas?start=20","8dfc2b89445258dc3a2ffc7958226671da661e9be6d16ed8da3b60e658f9d5ff","identity: Public multiport listing: exact visible model FPA45R-BU6B","Exact model identity indexed from the public CCI directory. Open Product page for its documents; individual spec sheet and mechanical/RF parameters remain unverified. Directory inclusion does not establish current supply or Australian operator use.","","","","","","","Multi-port panel","https://cciproducts.com/index.php/products/antennas/single-sector-multi-port-antennas/item/1594","","","","","","","","","","","","","","Unavailable","","{""front"":""Exact wind and dimension source pages are not verified."",""side"":""Exact wind and dimension source pages are not verified."",""rear"":""Exact wind and dimension source pages are not verified."",""max"":""Maximum-force direction and matching reference area are not established; no maximum coefficient is inferred.""}"
"PANEL-CCI-1597","CCI","FPA45R-BU8B","Passive","catalogue","","","","","","","","","","","","","","","Multi-port panel; operating ranges not verified","","","","","","","Public directory snapshot; 2 October 2026","2026-10-02","","","","","https://cciproducts.com/index.php/products/antennas/single-sector-multi-port-antennas?start=20","8dfc2b89445258dc3a2ffc7958226671da661e9be6d16ed8da3b60e658f9d5ff","identity: Public multiport listing: exact visible model FPA45R-BU8B","Exact model identity indexed from the public CCI directory. Open Product page for its documents; individual spec sheet and mechanical/RF parameters remain unverified. Directory inclusion does not establish current supply or Australian operator use.","","","","","","","Multi-port panel","https://cciproducts.com/index.php/products/antennas/single-sector-multi-port-antennas/item/1597","","","","","","","","","","","","","","Unavailable","","{""front"":""Exact wind and dimension source pages are not verified."",""side"":""Exact wind and dimension source pages are not verified."",""rear"":""Exact wind and dimension source pages are not verified."",""max"":""Maximum-force direction and matching reference area are not established; no maximum coefficient is inferred.""}"
"PANEL-CCI-1454","CCI","FPA65R-BU4D","Passive","catalogue","","","","","","","","","","","","","","","Multi-port panel; operating ranges not verified","","","","","","","Public directory snapshot; 2 October 2026","2026-10-02","","","","","https://cciproducts.com/index.php/products/antennas/single-sector-multi-port-antennas?start=20","8dfc2b89445258dc3a2ffc7958226671da661e9be6d16ed8da3b60e658f9d5ff","identity: Public multiport listing: exact visible model FPA65R-BU4D","Exact model identity indexed from the public CCI directory. Open Product page for its documents; individual spec sheet and mechanical/RF parameters remain unverified. Directory inclusion does not establish current supply or Australian operator use.","","","","","","","Multi-port panel","https://cciproducts.com/index.php/products/antennas/single-sector-multi-port-antennas/item/1454","","","","","","","","","","","","","","Unavailable","","{""front"":""Exact wind and dimension source pages are not verified."",""side"":""Exact wind and dimension source pages are not verified."",""rear"":""Exact wind and dimension source pages are not verified."",""max"":""Maximum-force direction and matching reference area are not established; no maximum coefficient is inferred.""}"
"PANEL-CCI-1422","CCI","FPA65R-BU6D","Passive","catalogue","","","","","","","","","","","","","","","Multi-port panel; operating ranges not verified","","","","","","","Public directory snapshot; 2 October 2026","2026-10-02","","","","","https://cciproducts.com/index.php/products/antennas/single-sector-multi-port-antennas?start=20","8dfc2b89445258dc3a2ffc7958226671da661e9be6d16ed8da3b60e658f9d5ff","identity: Public multiport listing: exact visible model FPA65R-BU6D","Exact model identity indexed from the public CCI directory. Open Product page for its documents; individual spec sheet and mechanical/RF parameters remain unverified. Directory inclusion does not establish current supply or Australian operator use.","","","","","","","Multi-port panel","https://cciproducts.com/index.php/products/antennas/single-sector-multi-port-antennas/item/1422","","","","","","","","","","","","","","Unavailable","","{""front"":""Exact wind and dimension source pages are not verified."",""side"":""Exact wind and dimension source pages are not verified."",""rear"":""Exact wind and dimension source pages are not verified."",""max"":""Maximum-force direction and matching reference area are not established; no maximum coefficient is inferred.""}"
"PANEL-CCI-1460","CCI","FPA65R-BU8D","Passive","catalogue","","","","","","","","","","","","","","","Multi-port panel; operating ranges not verified","","","","","","","Public directory snapshot; 2 October 2026","2026-10-02","","","","","https://cciproducts.com/index.php/products/antennas/single-sector-multi-port-antennas?start=20","8dfc2b89445258dc3a2ffc7958226671da661e9be6d16ed8da3b60e658f9d5ff","identity: Public multiport listing: exact visible model FPA65R-BU8D","Exact model identity indexed from the public CCI directory. Open Product page for its documents; individual spec sheet and mechanical/RF parameters remain unverified. Directory inclusion does not establish current supply or Australian operator use.","","","","","","","Multi-port panel","https://cciproducts.com/index.php/products/antennas/single-sector-multi-port-antennas/item/1460","","","","","","","","","","","","","","Unavailable","","{""front"":""Exact wind and dimension source pages are not verified."",""side"":""Exact wind and dimension source pages are not verified."",""rear"":""Exact wind and dimension source pages are not verified."",""max"":""Maximum-force direction and matching reference area are not established; no maximum coefficient is inferred.""}"
"PANEL-CCI-432","CCI","HPA-33R-BWW-H4","Passive","catalogue","","","","","","","","","","","","","","","Multi-port panel; operating ranges not verified","","","","","","","Public directory snapshot; 2 October 2026","2026-10-02","","","","","https://cciproducts.com/index.php/products/antennas/single-sector-multi-port-antennas?start=25","e791d2ef1a212e281cc4d1ac595a52757bb56a0e47b613dd6f4117d1a3900a65","identity: Public multiport listing: exact visible model HPA-33R-BWW-H4","Exact model identity indexed from the public CCI directory. Open Product page for its documents; individual spec sheet and mechanical/RF parameters remain unverified. Directory inclusion does not establish current supply or Australian operator use.","","","","","","","Multi-port panel","https://cciproducts.com/index.php/products/antennas/single-sector-multi-port-antennas/item/432","","","","","","","","","","","","","","Unavailable","","{""front"":""Exact wind and dimension source pages are not verified."",""side"":""Exact wind and dimension source pages are not verified."",""rear"":""Exact wind and dimension source pages are not verified."",""max"":""Maximum-force direction and matching reference area are not established; no maximum coefficient is inferred.""}"
"PANEL-CCI-254","CCI","HPA-33R-BWW-H6","Passive","catalogue","","","","","","","","","","","","","","","Multi-port panel; operating ranges not verified","","","","","","","Public directory snapshot; 2 October 2026","2026-10-02","","","","","https://cciproducts.com/index.php/products/antennas/single-sector-multi-port-antennas?start=25","e791d2ef1a212e281cc4d1ac595a52757bb56a0e47b613dd6f4117d1a3900a65","identity: Public multiport listing: exact visible model HPA-33R-BWW-H6","Exact model identity indexed from the public CCI directory. Open Product page for its documents; individual spec sheet and mechanical/RF parameters remain unverified. Directory inclusion does not establish current supply or Australian operator use.","","","","","","","Multi-port panel","https://cciproducts.com/index.php/products/antennas/single-sector-multi-port-antennas/item/254","","","","","","","","","","","","","","Unavailable","","{""front"":""Exact wind and dimension source pages are not verified."",""side"":""Exact wind and dimension source pages are not verified."",""rear"":""Exact wind and dimension source pages are not verified."",""max"":""Maximum-force direction and matching reference area are not established; no maximum coefficient is inferred.""}"
"PANEL-CCI-359","CCI","HPA-33R-DUU-H6","Passive","catalogue","","","","","","","","","","","","","","","Multi-port panel; operating ranges not verified","","","","","","","Public directory snapshot; 2 October 2026","2026-10-02","","","","","https://cciproducts.com/index.php/products/antennas/single-sector-multi-port-antennas?start=25","e791d2ef1a212e281cc4d1ac595a52757bb56a0e47b613dd6f4117d1a3900a65","identity: Public multiport listing: exact visible model HPA-33R-DUU-H6","Exact model identity indexed from the public CCI directory. Open Product page for its documents; individual spec sheet and mechanical/RF parameters remain unverified. Directory inclusion does not establish current supply or Australian operator use.","","","","","","","Multi-port panel","https://cciproducts.com/index.php/products/antennas/single-sector-multi-port-antennas/item/359","","","","","","","","","","","","","","Unavailable","","{""front"":""Exact wind and dimension source pages are not verified."",""side"":""Exact wind and dimension source pages are not verified."",""rear"":""Exact wind and dimension source pages are not verified."",""max"":""Maximum-force direction and matching reference area are not established; no maximum coefficient is inferred.""}"
"PANEL-CCI-590","CCI","HPA33R-CS4A","Passive","catalogue","","","","","","","","","","","","","","","Multi-port panel; operating ranges not verified","","","","","","","Public directory snapshot; 2 October 2026","2026-10-02","","","","","https://cciproducts.com/index.php/products/antennas/single-sector-multi-port-antennas?start=25","e791d2ef1a212e281cc4d1ac595a52757bb56a0e47b613dd6f4117d1a3900a65","identity: Public multiport listing: exact visible model HPA33R-CS4A","Exact model identity indexed from the public CCI directory. Open Product page for its documents; individual spec sheet and mechanical/RF parameters remain unverified. Directory inclusion does not establish current supply or Australian operator use.","","","","","","","Multi-port panel","https://cciproducts.com/index.php/products/antennas/single-sector-multi-port-antennas/item/590","","","","","","","","","","","","","","Unavailable","","{""front"":""Exact wind and dimension source pages are not verified."",""side"":""Exact wind and dimension source pages are not verified."",""rear"":""Exact wind and dimension source pages are not verified."",""max"":""Maximum-force direction and matching reference area are not established; no maximum coefficient is inferred.""}"
"PANEL-CCI-1708","CCI","HPA33R-KE6C","Passive","catalogue","","","","","","","","","","","","","","","Multi-port panel; operating ranges not verified","","","","","","","Public directory snapshot; 2 October 2026","2026-10-02","","","","","https://cciproducts.com/index.php/products/antennas/single-sector-multi-port-antennas?start=25","e791d2ef1a212e281cc4d1ac595a52757bb56a0e47b613dd6f4117d1a3900a65","identity: Public multiport listing: exact visible model HPA33R-KE6C","Exact model identity indexed from the public CCI directory. Open Product page for its documents; individual spec sheet and mechanical/RF parameters remain unverified. Directory inclusion does not establish current supply or Australian operator use.","","","","","","","Multi-port panel","https://cciproducts.com/index.php/products/antennas/single-sector-multi-port-antennas/item/1708","","","","","","","","","","","","","","Unavailable","","{""front"":""Exact wind and dimension source pages are not verified."",""side"":""Exact wind and dimension source pages are not verified."",""rear"":""Exact wind and dimension source pages are not verified."",""max"":""Maximum-force direction and matching reference area are not established; no maximum coefficient is inferred.""}"
"PANEL-CCI-1706","CCI","HPA33R-TE6C","Passive","catalogue","","","","","","","","","","","","","","","Multi-port panel; operating ranges not verified","","","","","","","Public directory snapshot; 2 October 2026","2026-10-02","","","","","https://cciproducts.com/index.php/products/antennas/single-sector-multi-port-antennas?start=30","d1c461a99845cbf42b91c7a396b41cd3704ea8620b053bd0842cd24add83c9cc","identity: Public multiport listing: exact visible model HPA33R-TE6C","Exact model identity indexed from the public CCI directory. Open Product page for its documents; individual spec sheet and mechanical/RF parameters remain unverified. Directory inclusion does not establish current supply or Australian operator use.","","","","","","","Multi-port panel","https://cciproducts.com/index.php/products/antennas/single-sector-multi-port-antennas/item/1706","","","","","","","","","","","","","","Unavailable","","{""front"":""Exact wind and dimension source pages are not verified."",""side"":""Exact wind and dimension source pages are not verified."",""rear"":""Exact wind and dimension source pages are not verified."",""max"":""Maximum-force direction and matching reference area are not established; no maximum coefficient is inferred.""}"
"PANEL-CCI-992","CCI","HPA45F-BU2A","Passive","catalogue","","","","","","","","","","","","","","","Multi-port panel; operating ranges not verified","","","","","","","Public directory snapshot; 2 October 2026","2026-10-02","","","","","https://cciproducts.com/index.php/products/antennas/single-sector-multi-port-antennas?start=30","d1c461a99845cbf42b91c7a396b41cd3704ea8620b053bd0842cd24add83c9cc","identity: Public multiport listing: exact visible model HPA45F-BU2A","Exact model identity indexed from the public CCI directory. Open Product page for its documents; individual spec sheet and mechanical/RF parameters remain unverified. Directory inclusion does not establish current supply or Australian operator use.","","","","","","","Multi-port panel","https://cciproducts.com/index.php/products/antennas/single-sector-multi-port-antennas/item/992","","","","","","","","","","","","","","Unavailable","","{""front"":""Exact wind and dimension source pages are not verified."",""side"":""Exact wind and dimension source pages are not verified."",""rear"":""Exact wind and dimension source pages are not verified."",""max"":""Maximum-force direction and matching reference area are not established; no maximum coefficient is inferred.""}"
"PANEL-CCI-991","CCI","HPA45F-KE2A","Passive","catalogue","","","","","","","","","","","","","","","Multi-port panel; operating ranges not verified","","","","","","","Public directory snapshot; 2 October 2026","2026-10-02","","","","","https://cciproducts.com/index.php/products/antennas/single-sector-multi-port-antennas?start=30","d1c461a99845cbf42b91c7a396b41cd3704ea8620b053bd0842cd24add83c9cc","identity: Public multiport listing: exact visible model HPA45F-KE2A","Exact model identity indexed from the public CCI directory. Open Product page for its documents; individual spec sheet and mechanical/RF parameters remain unverified. Directory inclusion does not establish current supply or Australian operator use.","","","","","","","Multi-port panel","https://cciproducts.com/index.php/products/antennas/single-sector-multi-port-antennas/item/991","","","","","","","","","","","","","","Unavailable","","{""front"":""Exact wind and dimension source pages are not verified."",""side"":""Exact wind and dimension source pages are not verified."",""rear"":""Exact wind and dimension source pages are not verified."",""max"":""Maximum-force direction and matching reference area are not established; no maximum coefficient is inferred.""}"
"PANEL-CCI-1393","CCI","HPA45F-TE2A","Passive","catalogue","","","","","","","","","","","","","","","Multi-port panel; operating ranges not verified","","","","","","","Public directory snapshot; 2 October 2026","2026-10-02","","","","","https://cciproducts.com/index.php/products/antennas/single-sector-multi-port-antennas?start=30","d1c461a99845cbf42b91c7a396b41cd3704ea8620b053bd0842cd24add83c9cc","identity: Public multiport listing: exact visible model HPA45F-TE2A","Exact model identity indexed from the public CCI directory. Open Product page for its documents; individual spec sheet and mechanical/RF parameters remain unverified. Directory inclusion does not establish current supply or Australian operator use.","","","","","","","Multi-port panel","https://cciproducts.com/index.php/products/antennas/single-sector-multi-port-antennas/item/1393","","","","","","","","","","","","","","Unavailable","","{""front"":""Exact wind and dimension source pages are not verified."",""side"":""Exact wind and dimension source pages are not verified."",""rear"":""Exact wind and dimension source pages are not verified."",""max"":""Maximum-force direction and matching reference area are not established; no maximum coefficient is inferred.""}"
"PANEL-CCI-761","CCI","HPA45R-BU5A","Passive","catalogue","","","","","","","","","","","","","","","Multi-port panel; operating ranges not verified","","","","","","","Public directory snapshot; 2 October 2026","2026-10-02","","","","","https://cciproducts.com/index.php/products/antennas/single-sector-multi-port-antennas?start=30","d1c461a99845cbf42b91c7a396b41cd3704ea8620b053bd0842cd24add83c9cc","identity: Public multiport listing: exact visible model HPA45R-BU5A","Exact model identity indexed from the public CCI directory. Open Product page for its documents; individual spec sheet and mechanical/RF parameters remain unverified. Directory inclusion does not establish current supply or Australian operator use.","","","","","","","Multi-port panel","https://cciproducts.com/index.php/products/antennas/single-sector-multi-port-antennas/item/761","","","","","","","","","","","","","","Unavailable","","{""front"":""Exact wind and dimension source pages are not verified."",""side"":""Exact wind and dimension source pages are not verified."",""rear"":""Exact wind and dimension source pages are not verified."",""max"":""Maximum-force direction and matching reference area are not established; no maximum coefficient is inferred.""}"
"PANEL-CCI-841","CCI","HPA45R-BU6A","Passive","catalogue","","","","","","","","","","","","","","","Multi-port panel; operating ranges not verified","","","","","","","Public directory snapshot; 2 October 2026","2026-10-02","","","","","https://cciproducts.com/index.php/products/antennas/single-sector-multi-port-antennas?start=35","48677a1c56a507f4cb96058cb96a4e9dec4e3ea20ab26ab673606e7594d24cbe","identity: Public multiport listing: exact visible model HPA45R-BU6A","Exact model identity indexed from the public CCI directory. Open Product page for its documents; individual spec sheet and mechanical/RF parameters remain unverified. Directory inclusion does not establish current supply or Australian operator use.","","","","","","","Multi-port panel","https://cciproducts.com/index.php/products/antennas/single-sector-multi-port-antennas/item/841","","","","","","","","","","","","","","Unavailable","","{""front"":""Exact wind and dimension source pages are not verified."",""side"":""Exact wind and dimension source pages are not verified."",""rear"":""Exact wind and dimension source pages are not verified."",""max"":""Maximum-force direction and matching reference area are not established; no maximum coefficient is inferred.""}"
"PANEL-CCI-870","CCI","HPA45R-BU8A","Passive","catalogue","","","","","","","","","","","","","","","Multi-port panel; operating ranges not verified","","","","","","","Public directory snapshot; 2 October 2026","2026-10-02","","","","","https://cciproducts.com/index.php/products/antennas/single-sector-multi-port-antennas?start=35","48677a1c56a507f4cb96058cb96a4e9dec4e3ea20ab26ab673606e7594d24cbe","identity: Public multiport listing: exact visible model HPA45R-BU8A","Exact model identity indexed from the public CCI directory. Open Product page for its documents; individual spec sheet and mechanical/RF parameters remain unverified. Directory inclusion does not establish current supply or Australian operator use.","","","","","","","Multi-port panel","https://cciproducts.com/index.php/products/antennas/single-sector-multi-port-antennas/item/870","","","","","","","","","","","","","","Unavailable","","{""front"":""Exact wind and dimension source pages are not verified."",""side"":""Exact wind and dimension source pages are not verified."",""rear"":""Exact wind and dimension source pages are not verified."",""max"":""Maximum-force direction and matching reference area are not established; no maximum coefficient is inferred.""}"
"PANEL-CCI-797","CCI","HPA45R-BW5A","Passive","catalogue","","","","","","","","","","","","","","","Multi-port panel; operating ranges not verified","","","","","","","Public directory snapshot; 2 October 2026","2026-10-02","","","","","https://cciproducts.com/index.php/products/antennas/single-sector-multi-port-antennas?start=35","48677a1c56a507f4cb96058cb96a4e9dec4e3ea20ab26ab673606e7594d24cbe","identity: Public multiport listing: exact visible model HPA45R-BW5A","Exact model identity indexed from the public CCI directory. Open Product page for its documents; individual spec sheet and mechanical/RF parameters remain unverified. Directory inclusion does not establish current supply or Australian operator use.","","","","","","","Multi-port panel","https://cciproducts.com/index.php/products/antennas/single-sector-multi-port-antennas/item/797","","","","","","","","","","","","","","Unavailable","","{""front"":""Exact wind and dimension source pages are not verified."",""side"":""Exact wind and dimension source pages are not verified."",""rear"":""Exact wind and dimension source pages are not verified."",""max"":""Maximum-force direction and matching reference area are not established; no maximum coefficient is inferred.""}"
"PANEL-CCI-842","CCI","HPA45R-BW6A","Passive","catalogue","","","","","","","","","","","","","","","Multi-port panel; operating ranges not verified","","","","","","","Public directory snapshot; 2 October 2026","2026-10-02","","","","","https://cciproducts.com/index.php/products/antennas/single-sector-multi-port-antennas?start=35","48677a1c56a507f4cb96058cb96a4e9dec4e3ea20ab26ab673606e7594d24cbe","identity: Public multiport listing: exact visible model HPA45R-BW6A","Exact model identity indexed from the public CCI directory. Open Product page for its documents; individual spec sheet and mechanical/RF parameters remain unverified. Directory inclusion does not establish current supply or Australian operator use.","","","","","","","Multi-port panel","https://cciproducts.com/index.php/products/antennas/single-sector-multi-port-antennas/item/842","","","","","","","","","","","","","","Unavailable","","{""front"":""Exact wind and dimension source pages are not verified."",""side"":""Exact wind and dimension source pages are not verified."",""rear"":""Exact wind and dimension source pages are not verified."",""max"":""Maximum-force direction and matching reference area are not established; no maximum coefficient is inferred.""}"
"PANEL-CCI-762","CCI","HPA45R-KE5A","Passive","catalogue","","","","","","","","","","","","","","","Multi-port panel; operating ranges not verified","","","","","","","Public directory snapshot; 2 October 2026","2026-10-02","","","","","https://cciproducts.com/index.php/products/antennas/single-sector-multi-port-antennas?start=35","48677a1c56a507f4cb96058cb96a4e9dec4e3ea20ab26ab673606e7594d24cbe","identity: Public multiport listing: exact visible model HPA45R-KE5A","Exact model identity indexed from the public CCI directory. Open Product page for its documents; individual spec sheet and mechanical/RF parameters remain unverified. Directory inclusion does not establish current supply or Australian operator use.","","","","","","","Multi-port panel","https://cciproducts.com/index.php/products/antennas/single-sector-multi-port-antennas/item/762","","","","","","","","","","","","","","Unavailable","","{""front"":""Exact wind and dimension source pages are not verified."",""side"":""Exact wind and dimension source pages are not verified."",""rear"":""Exact wind and dimension source pages are not verified."",""max"":""Maximum-force direction and matching reference area are not established; no maximum coefficient is inferred.""}"
"PANEL-CCI-835","CCI","HPA45R-KE6A","Passive","catalogue","","","","","","","","","","","","","","","Multi-port panel; operating ranges not verified","","","","","","","Public directory snapshot; 2 October 2026","2026-10-02","","","","","https://cciproducts.com/index.php/products/antennas/single-sector-multi-port-antennas?start=40","5604d825dcf9ed0cc71205be5405166297482ef5550c34125eb0ec7c8f8b93bd","identity: Public multiport listing: exact visible model HPA45R-KE6A","Exact model identity indexed from the public CCI directory. Open Product page for its documents; individual spec sheet and mechanical/RF parameters remain unverified. Directory inclusion does not establish current supply or Australian operator use.","","","","","","","Multi-port panel","https://cciproducts.com/index.php/products/antennas/single-sector-multi-port-antennas/item/835","","","","","","","","","","","","","","Unavailable","","{""front"":""Exact wind and dimension source pages are not verified."",""side"":""Exact wind and dimension source pages are not verified."",""rear"":""Exact wind and dimension source pages are not verified."",""max"":""Maximum-force direction and matching reference area are not established; no maximum coefficient is inferred.""}"
"PANEL-CCI-869","CCI","HPA45R-KE8A","Passive","catalogue","","","","","","","","","","","","","","","Multi-port panel; operating ranges not verified","","","","","","","Public directory snapshot; 2 October 2026","2026-10-02","","","","","https://cciproducts.com/index.php/products/antennas/single-sector-multi-port-antennas?start=40","5604d825dcf9ed0cc71205be5405166297482ef5550c34125eb0ec7c8f8b93bd","identity: Public multiport listing: exact visible model HPA45R-KE8A","Exact model identity indexed from the public CCI directory. Open Product page for its documents; individual spec sheet and mechanical/RF parameters remain unverified. Directory inclusion does not establish current supply or Australian operator use.","","","","","","","Multi-port panel","https://cciproducts.com/index.php/products/antennas/single-sector-multi-port-antennas/item/869","","","","","","","","","","","","","","Unavailable","","{""front"":""Exact wind and dimension source pages are not verified."",""side"":""Exact wind and dimension source pages are not verified."",""rear"":""Exact wind and dimension source pages are not verified."",""max"":""Maximum-force direction and matching reference area are not established; no maximum coefficient is inferred.""}"
"PANEL-CCI-1700","CCI","HPA65F-BW2A","Passive","catalogue","","","","","","","","","","","","","","","Multi-port panel; operating ranges not verified","","","","","","","Public directory snapshot; 2 October 2026","2026-10-02","","","","","https://cciproducts.com/index.php/products/antennas/single-sector-multi-port-antennas?start=40","5604d825dcf9ed0cc71205be5405166297482ef5550c34125eb0ec7c8f8b93bd","identity: Public multiport listing: exact visible model HPA65F-BW2A","Exact model identity indexed from the public CCI directory. Open Product page for its documents; individual spec sheet and mechanical/RF parameters remain unverified. Directory inclusion does not establish current supply or Australian operator use.","","","","","","","Multi-port panel","https://cciproducts.com/index.php/products/antennas/single-sector-multi-port-antennas/item/1700","","","","","","","","","","","","","","Unavailable","","{""front"":""Exact wind and dimension source pages are not verified."",""side"":""Exact wind and dimension source pages are not verified."",""rear"":""Exact wind and dimension source pages are not verified."",""max"":""Maximum-force direction and matching reference area are not established; no maximum coefficient is inferred.""}"
"PANEL-CCI-1058","CCI","HPA65F-KE2A","Passive","catalogue","","","","","","","","","","","","","","","Multi-port panel; operating ranges not verified","","","","","","","Public directory snapshot; 2 October 2026","2026-10-02","","","","","https://cciproducts.com/index.php/products/antennas/single-sector-multi-port-antennas?start=40","5604d825dcf9ed0cc71205be5405166297482ef5550c34125eb0ec7c8f8b93bd","identity: Public multiport listing: exact visible model HPA65F-KE2A","Exact model identity indexed from the public CCI directory. Open Product page for its documents; individual spec sheet and mechanical/RF parameters remain unverified. Directory inclusion does not establish current supply or Australian operator use.","","","","","","","Multi-port panel","https://cciproducts.com/index.php/products/antennas/single-sector-multi-port-antennas/item/1058","","","","","","","","","","","","","","Unavailable","","{""front"":""Exact wind and dimension source pages are not verified."",""side"":""Exact wind and dimension source pages are not verified."",""rear"":""Exact wind and dimension source pages are not verified."",""max"":""Maximum-force direction and matching reference area are not established; no maximum coefficient is inferred.""}"
"PANEL-CCI-1252","CCI","HPA65F-TE2A","Passive","catalogue","","","","","","","","","","","","","","","Multi-port panel; operating ranges not verified","","","","","","","Public directory snapshot; 2 October 2026","2026-10-02","","","","","https://cciproducts.com/index.php/products/antennas/single-sector-multi-port-antennas?start=40","5604d825dcf9ed0cc71205be5405166297482ef5550c34125eb0ec7c8f8b93bd","identity: Public multiport listing: exact visible model HPA65F-TE2A","Exact model identity indexed from the public CCI directory. Open Product page for its documents; individual spec sheet and mechanical/RF parameters remain unverified. Directory inclusion does not establish current supply or Australian operator use.","","","","","","","Multi-port panel","https://cciproducts.com/index.php/products/antennas/single-sector-multi-port-antennas/item/1252","","","","","","","","","","","","","","Unavailable","","{""front"":""Exact wind and dimension source pages are not verified."",""side"":""Exact wind and dimension source pages are not verified."",""rear"":""Exact wind and dimension source pages are not verified."",""max"":""Maximum-force direction and matching reference area are not established; no maximum coefficient is inferred.""}"
"PANEL-CCI-758","CCI","HPA65R-BU6A","Passive","catalogue","","","","","","","","","","","","","","","Multi-port panel; operating ranges not verified","","","","","","","Public directory snapshot; 2 October 2026","2026-10-02","","","","","https://cciproducts.com/index.php/products/antennas/single-sector-multi-port-antennas?start=45","bdb72d32ee46c793f83a683a75a919374a0ea4c54792c5e017748ad2dff33b48","identity: Public multiport listing: exact visible model HPA65R-BU6A","Exact model identity indexed from the public CCI directory. Open Product page for its documents; individual spec sheet and mechanical/RF parameters remain unverified. Directory inclusion does not establish current supply or Australian operator use.","","","","","","","Multi-port panel","https://cciproducts.com/index.php/products/antennas/single-sector-multi-port-antennas/item/758","","","","","","","","","","","","","","Unavailable","","{""front"":""Exact wind and dimension source pages are not verified."",""side"":""Exact wind and dimension source pages are not verified."",""rear"":""Exact wind and dimension source pages are not verified."",""max"":""Maximum-force direction and matching reference area are not established; no maximum coefficient is inferred.""}"
"PANEL-CCI-1083","CCI","HPA65R-BU8A","Passive","catalogue","","","","","","","","","","","","","","","Multi-port panel; operating ranges not verified","","","","","","","Public directory snapshot; 2 October 2026","2026-10-02","","","","","https://cciproducts.com/index.php/products/antennas/single-sector-multi-port-antennas?start=45","bdb72d32ee46c793f83a683a75a919374a0ea4c54792c5e017748ad2dff33b48","identity: Public multiport listing: exact visible model HPA65R-BU8A","Exact model identity indexed from the public CCI directory. Open Product page for its documents; individual spec sheet and mechanical/RF parameters remain unverified. Directory inclusion does not establish current supply or Australian operator use.","","","","","","","Multi-port panel","https://cciproducts.com/index.php/products/antennas/single-sector-multi-port-antennas/item/1083","","","","","","","","","","","","","","Unavailable","","{""front"":""Exact wind and dimension source pages are not verified."",""side"":""Exact wind and dimension source pages are not verified."",""rear"":""Exact wind and dimension source pages are not verified."",""max"":""Maximum-force direction and matching reference area are not established; no maximum coefficient is inferred.""}"
"PANEL-CCI-791","CCI","HPA65R-BW4A","Passive","catalogue","","","","","","","","","","","","","","","Multi-port panel; operating ranges not verified","","","","","","","Public directory snapshot; 2 October 2026","2026-10-02","","","","","https://cciproducts.com/index.php/products/antennas/single-sector-multi-port-antennas?start=45","bdb72d32ee46c793f83a683a75a919374a0ea4c54792c5e017748ad2dff33b48","identity: Public multiport listing: exact visible model HPA65R-BW4A","Exact model identity indexed from the public CCI directory. Open Product page for its documents; individual spec sheet and mechanical/RF parameters remain unverified. Directory inclusion does not establish current supply or Australian operator use.","","","","","","","Multi-port panel","https://cciproducts.com/index.php/products/antennas/single-sector-multi-port-antennas/item/791","","","","","","","","","","","","","","Unavailable","","{""front"":""Exact wind and dimension source pages are not verified."",""side"":""Exact wind and dimension source pages are not verified."",""rear"":""Exact wind and dimension source pages are not verified."",""max"":""Maximum-force direction and matching reference area are not established; no maximum coefficient is inferred.""}"
"PANEL-CCI-785","CCI","HPA65R-BW6A","Passive","catalogue","","","","","","","","","","","","","","","Multi-port panel; operating ranges not verified","","","","","","","Public directory snapshot; 2 October 2026","2026-10-02","","","","","https://cciproducts.com/index.php/products/antennas/single-sector-multi-port-antennas?start=45","bdb72d32ee46c793f83a683a75a919374a0ea4c54792c5e017748ad2dff33b48","identity: Public multiport listing: exact visible model HPA65R-BW6A","Exact model identity indexed from the public CCI directory. Open Product page for its documents; individual spec sheet and mechanical/RF parameters remain unverified. Directory inclusion does not establish current supply or Australian operator use.","","","","","","","Multi-port panel","https://cciproducts.com/index.php/products/antennas/single-sector-multi-port-antennas/item/785","","","","","","","","","","","","","","Unavailable","","{""front"":""Exact wind and dimension source pages are not verified."",""side"":""Exact wind and dimension source pages are not verified."",""rear"":""Exact wind and dimension source pages are not verified."",""max"":""Maximum-force direction and matching reference area are not established; no maximum coefficient is inferred.""}"
"PANEL-CCI-789","CCI","HPA65R-BW8A","Passive","catalogue","","","","","","","","","","","","","","","Multi-port panel; operating ranges not verified","","","","","","","Public directory snapshot; 2 October 2026","2026-10-02","","","","","https://cciproducts.com/index.php/products/antennas/single-sector-multi-port-antennas?start=45","bdb72d32ee46c793f83a683a75a919374a0ea4c54792c5e017748ad2dff33b48","identity: Public multiport listing: exact visible model HPA65R-BW8A","Exact model identity indexed from the public CCI directory. Open Product page for its documents; individual spec sheet and mechanical/RF parameters remain unverified. Directory inclusion does not establish current supply or Australian operator use.","","","","","","","Multi-port panel","https://cciproducts.com/index.php/products/antennas/single-sector-multi-port-antennas/item/789","","","","","","","","","","","","","","Unavailable","","{""front"":""Exact wind and dimension source pages are not verified."",""side"":""Exact wind and dimension source pages are not verified."",""rear"":""Exact wind and dimension source pages are not verified."",""max"":""Maximum-force direction and matching reference area are not established; no maximum coefficient is inferred.""}"
"PANEL-CCI-936","CCI","HPA65R-E5A","Passive","catalogue","","","","","","","","","","","","","","","Multi-port panel; operating ranges not verified","","","","","","","Public directory snapshot; 2 October 2026","2026-10-02","","","","","https://cciproducts.com/index.php/products/antennas/single-sector-multi-port-antennas?start=50","e15cf620a13f4938924b50614d83c4e4314dd47e6c69bf03db8baa8bb9bfecf1","identity: Public multiport listing: exact visible model HPA65R-E5A","Exact model identity indexed from the public CCI directory. Open Product page for its documents; individual spec sheet and mechanical/RF parameters remain unverified. Directory inclusion does not establish current supply or Australian operator use.","","","","","","","Multi-port panel","https://cciproducts.com/index.php/products/antennas/single-sector-multi-port-antennas/item/936","","","","","","","","","","","","","","Unavailable","","{""front"":""Exact wind and dimension source pages are not verified."",""side"":""Exact wind and dimension source pages are not verified."",""rear"":""Exact wind and dimension source pages are not verified."",""max"":""Maximum-force direction and matching reference area are not established; no maximum coefficient is inferred.""}"
"PANEL-CCI-826","CCI","HPA65R-KE4A","Passive","catalogue","","","","","","","","","","","","","","","Multi-port panel; operating ranges not verified","","","","","","","Public directory snapshot; 2 October 2026","2026-10-02","","","","","https://cciproducts.com/index.php/products/antennas/single-sector-multi-port-antennas?start=50","e15cf620a13f4938924b50614d83c4e4314dd47e6c69bf03db8baa8bb9bfecf1","identity: Public multiport listing: exact visible model HPA65R-KE4A","Exact model identity indexed from the public CCI directory. Open Product page for its documents; individual spec sheet and mechanical/RF parameters remain unverified. Directory inclusion does not establish current supply or Australian operator use.","","","","","","","Multi-port panel","https://cciproducts.com/index.php/products/antennas/single-sector-multi-port-antennas/item/826","","","","","","","","","","","","","","Unavailable","","{""front"":""Exact wind and dimension source pages are not verified."",""side"":""Exact wind and dimension source pages are not verified."",""rear"":""Exact wind and dimension source pages are not verified."",""max"":""Maximum-force direction and matching reference area are not established; no maximum coefficient is inferred.""}"
"PANEL-CCI-575","CCI","HPA65R-KE6A","Passive","catalogue","","","","","","","","","","","","","","","Multi-port panel; operating ranges not verified","","","","","","","Public directory snapshot; 2 October 2026","2026-10-02","","","","","https://cciproducts.com/index.php/products/antennas/single-sector-multi-port-antennas?start=50","e15cf620a13f4938924b50614d83c4e4314dd47e6c69bf03db8baa8bb9bfecf1","identity: Public multiport listing: exact visible model HPA65R-KE6A","Exact model identity indexed from the public CCI directory. Open Product page for its documents; individual spec sheet and mechanical/RF parameters remain unverified. Directory inclusion does not establish current supply or Australian operator use.","","","","","","","Multi-port panel","https://cciproducts.com/index.php/products/antennas/single-sector-multi-port-antennas/item/575","","","","","","","","","","","","","","Unavailable","","{""front"":""Exact wind and dimension source pages are not verified."",""side"":""Exact wind and dimension source pages are not verified."",""rear"":""Exact wind and dimension source pages are not verified."",""max"":""Maximum-force direction and matching reference area are not established; no maximum coefficient is inferred.""}"
"PANEL-CCI-1491","CCI","HPA65R-KE6B","Passive","datasheet","1707","297","196","18.6","Without mounting kit","","","","76","152","0.5","","6","4.3-10 Female","698-960 MHz / 1710-2690 MHz","512","451","","","161","","Revision 1.7; 17 November 2025","2026-10-02","https://cciproducts.com/DsPdf/ds-hpa65rke6b-v1_7-251117.pdf","","3","3","https://cciproducts.com/DsPdf/ds-hpa65rke6b-v1_7-251117.pdf","97b5b854e2eec0f6095d3ef5dae3d3b98993728402bf3ab96e6db31783937866","identity: PDF p. 1, exact model heading and printed revision/date; dimensions: PDF p. 3, Dimensions (L × W × D), printed metric values; L mapped to H; mass: PDF p. 3, Weight and weight-exclusion footnote; rf: PDF pp. 2, 3, explicit Ports coverage headers / RF parameters; PDF p. 3, connector count and interface; wind: PDF p. 3, front/side wind loads at 161 km/h and survival inequality; mounting: PDF p. 3, original mounting pole description; epa: PDF p. 3, Effective Projective Area (EPA), Front","Published metric L/W/D values are retained as H/W/D. Wind forces remain at 161 km/h; rear and maximum-direction force not stated. Survival speed is an inequality. Operating ranges follow explicit port coverage, not sampled performance columns. Antenna mass excludes mounting; no shipping mass or unreviewed kit mass adopted. Wind footnote cites EN 1991-1-4:2010; mounting pole metric range 76–152 mm is explicitly printed.","","","","","> 241 km/h","","Multi-port panel","https://cciproducts.com/index.php/products/antennas/single-sector-multi-port-antennas/item/1491","","","","","","0.824379430562301","1.100358254798395","","1.225","0.506979","0.334572","","161","Equivalent estimate only","Assumed ρ = 1.225 kg/m³; nominal envelope H × W for front/rear and H × D for side. Manufacturer test density, drag versus resultant force, pole/bracket contribution and true projected area are not confirmed. C = F / (0.5 × ρ × V² × A), V in m/s. This is not manufacturer Cd, EPA/EFPA or a site-design coefficient.","{""rear"":""No positive published rear wind force."",""max"":""Maximum-force direction and matching reference area are not established; no maximum coefficient is inferred.""}"
"PANEL-CCI-938","CCI","HPA65R-KE8A","Passive","datasheet","2437","297","196","24.5","Without mounting kit and RET","","","","","","","","6","7-16 DIN long-neck Female or 4.3-10 Female — select ordering variant","694-960 MHz / 1695-2690 MHz","1278","924","","","161","","Revision 1.2; 12 March 2020","2026-10-02","https://cciproducts.com/DsPdf/ds-hpa65rke8a-v1_2-200312.pdf","","3","3","https://cciproducts.com/DsPdf/ds-hpa65rke8a-v1_2-200312.pdf","413de5b8952a582c0831b3f781661ebf3afde60ed8f90fda31ec2f92c48e555b","identity: PDF p. 1, exact printed model; dimensions: PDF p. 3, antenna dimensions; mass: PDF p. 3, antenna weight and footnote; wind: PDF p. 3, mechanical wind values / stated reference speed; rf: PDF pp. 1-3, explicit Ports coverage headers; mechanical connector count; efpa: PDF p. 3, Equivalent Flat Plate Area; mounting: PDF p. 3, Mounting Pole: 2 to 5 in (5 to 12 cm), rounded source description","Wind forces retain 100 mph (161 km/h); no derived rear or maximum force. Published Equivalent Flat Plate Area is distinct from EPA. Mounting Pole 2 to 5 in (5 to 12 cm) is retained as a rounded source description; no synthetic precise mm limits. Separate RET mass is not mounting-kit mass. No Australian use inferred.","","","","","> 241 km/h","","Multi-port panel","https://cciproducts.com/index.php/products/antennas/single-sector-multi-port-antennas/item/938","1","","","","","1.4413386473711476","1.5790923410333801","","1.225","0.723789","0.477652","","161","Equivalent estimate only","Assumed ρ = 1.225 kg/m³; nominal envelope H × W for front/rear and H × D for side. Manufacturer test density, drag versus resultant force, pole/bracket contribution and true projected area are not confirmed. C = F / (0.5 × ρ × V² × A), V in m/s. This is not manufacturer Cd, EPA/EFPA or a site-design coefficient.","{""rear"":""No positive published rear wind force."",""max"":""Maximum-force direction and matching reference area are not established; no maximum coefficient is inferred.""}"
"PANEL-CCI-1705","CCI","HPA65R-TE4A","Passive","catalogue","","","","","","","","","","","","","","","Multi-port panel; operating ranges not verified","","","","","","","Public directory snapshot; 2 October 2026","2026-10-02","","","","","https://cciproducts.com/index.php/products/antennas/single-sector-multi-port-antennas?start=55","b431a647cb5956052a0c08e7c65a825a36698fb2bcb792d9802b70fb53f60524","identity: Public multiport listing: exact visible model HPA65R-TE4A","Exact model identity indexed from the public CCI directory. Open Product page for its documents; individual spec sheet and mechanical/RF parameters remain unverified. Directory inclusion does not establish current supply or Australian operator use.","","","","","","","Multi-port panel","https://cciproducts.com/index.php/products/antennas/single-sector-multi-port-antennas/item/1705","","","","","","","","","","","","","","Unavailable","","{""front"":""Exact wind and dimension source pages are not verified."",""side"":""Exact wind and dimension source pages are not verified."",""rear"":""Exact wind and dimension source pages are not verified."",""max"":""Maximum-force direction and matching reference area are not established; no maximum coefficient is inferred.""}"
"PANEL-CCI-1548","CCI","HPA65R-TE6A","Passive","catalogue","","","","","","","","","","","","","","","Multi-port panel; operating ranges not verified","","","","","","","Public directory snapshot; 2 October 2026","2026-10-02","","","","","https://cciproducts.com/index.php/products/antennas/single-sector-multi-port-antennas?start=55","b431a647cb5956052a0c08e7c65a825a36698fb2bcb792d9802b70fb53f60524","identity: Public multiport listing: exact visible model HPA65R-TE6A","Exact model identity indexed from the public CCI directory. Open Product page for its documents; individual spec sheet and mechanical/RF parameters remain unverified. Directory inclusion does not establish current supply or Australian operator use.","","","","","","","Multi-port panel","https://cciproducts.com/index.php/products/antennas/single-sector-multi-port-antennas/item/1548","","","","","","","","","","","","","","Unavailable","","{""front"":""Exact wind and dimension source pages are not verified."",""side"":""Exact wind and dimension source pages are not verified."",""rear"":""Exact wind and dimension source pages are not verified."",""max"":""Maximum-force direction and matching reference area are not established; no maximum coefficient is inferred.""}"
"PANEL-CCI-1029","CCI","HPA65R-TE8A","Passive","catalogue","","","","","","","","","","","","","","","Multi-port panel; operating ranges not verified","","","","","","","Public directory snapshot; 2 October 2026","2026-10-02","","","","","https://cciproducts.com/index.php/products/antennas/single-sector-multi-port-antennas?start=55","b431a647cb5956052a0c08e7c65a825a36698fb2bcb792d9802b70fb53f60524","identity: Public multiport listing: exact visible model HPA65R-TE8A","Exact model identity indexed from the public CCI directory. Open Product page for its documents; individual spec sheet and mechanical/RF parameters remain unverified. Directory inclusion does not establish current supply or Australian operator use.","","","","","","","Multi-port panel","https://cciproducts.com/index.php/products/antennas/single-sector-multi-port-antennas/item/1029","","","","","","","","","","","","","","Unavailable","","{""front"":""Exact wind and dimension source pages are not verified."",""side"":""Exact wind and dimension source pages are not verified."",""rear"":""Exact wind and dimension source pages are not verified."",""max"":""Maximum-force direction and matching reference area are not established; no maximum coefficient is inferred.""}"
"PANEL-CCI-1536","CCI","OPA33R-BU6C","Passive","catalogue","","","","","","","","","","","","","","","Multi-port panel; operating ranges not verified","","","","","","","Public directory snapshot; 2 October 2026","2026-10-02","","","","","https://cciproducts.com/index.php/products/antennas/single-sector-multi-port-antennas?start=55","b431a647cb5956052a0c08e7c65a825a36698fb2bcb792d9802b70fb53f60524","identity: Public multiport listing: exact visible model OPA33R-BU6C","Exact model identity indexed from the public CCI directory. Open Product page for its documents; individual spec sheet and mechanical/RF parameters remain unverified. Directory inclusion does not establish current supply or Australian operator use.","","","","","","","Multi-port panel","https://cciproducts.com/index.php/products/antennas/single-sector-multi-port-antennas/item/1536","","","","","","","","","","","","","","Unavailable","","{""front"":""Exact wind and dimension source pages are not verified."",""side"":""Exact wind and dimension source pages are not verified."",""rear"":""Exact wind and dimension source pages are not verified."",""max"":""Maximum-force direction and matching reference area are not established; no maximum coefficient is inferred.""}"
"PANEL-CCI-1539","CCI","OPA33R-BW6C","Passive","catalogue","","","","","","","","","","","","","","","Multi-port panel; operating ranges not verified","","","","","","","Public directory snapshot; 2 October 2026","2026-10-02","","","","","https://cciproducts.com/index.php/products/antennas/single-sector-multi-port-antennas?start=55","b431a647cb5956052a0c08e7c65a825a36698fb2bcb792d9802b70fb53f60524","identity: Public multiport listing: exact visible model OPA33R-BW6C","Exact model identity indexed from the public CCI directory. Open Product page for its documents; individual spec sheet and mechanical/RF parameters remain unverified. Directory inclusion does not establish current supply or Australian operator use.","","","","","","","Multi-port panel","https://cciproducts.com/index.php/products/antennas/single-sector-multi-port-antennas/item/1539","","","","","","","","","","","","","","Unavailable","","{""front"":""Exact wind and dimension source pages are not verified."",""side"":""Exact wind and dimension source pages are not verified."",""rear"":""Exact wind and dimension source pages are not verified."",""max"":""Maximum-force direction and matching reference area are not established; no maximum coefficient is inferred.""}"
"PANEL-CCI-1543","CCI","OPA33R-KE6C","Passive","datasheet","1829","641","220","39.5","Without mounting kit","","","","","","1.2","","8","4.3-10 Female","698-960 MHz / 1695-2690 MHz","1425","231","","","161","","Revision 1.0; 7 March 2023","2026-10-02","https://cciproducts.com/DsPdf/ds-opa33rke6c-v1_0-230307.pdf","","4","4","https://cciproducts.com/DsPdf/ds-opa33rke6c-v1_0-230307.pdf","be0face6118c20d34ce3acd51f048f1ee921625348d4c28c5b67cd4d37ac3df3","identity: PDF p. 1, exact model heading and printed revision/date; dimensions: PDF p. 4, Dimensions (L × W × D), printed metric values; L mapped to H; mass: PDF p. 4, Weight and weight-exclusion footnote; rf: PDF pp. 2, 3, explicit Ports coverage headers / RF parameters; PDF p. 4, connector count and interface; wind: PDF p. 4, front/side wind loads at 161 km/h and survival inequality; mounting: PDF p. 4, original mounting pole description; epa: PDF p. 4, Effective Projective Area (EPA), Front","Published metric L/W/D values are retained as H/W/D. Wind forces remain at 161 km/h; rear and maximum-direction force not stated. Survival speed is an inequality. Operating ranges follow explicit port coverage, not sampled performance columns. Antenna mass excludes mounting; no shipping mass or unreviewed kit mass adopted. Mounting pole description 2–5 in (5–12 cm) retained; inconsistent rounded equivalents are not an exact adopted metric OD.","","","","","> 241 km/h","","Multi-port panel","https://cciproducts.com/index.php/products/antennas/single-sector-multi-port-antennas/item/1543","","","","","","0.9921795827076948","0.46862208290625534","","1.225","1.172389","0.40238","","161","Equivalent estimate only","Assumed ρ = 1.225 kg/m³; nominal envelope H × W for front/rear and H × D for side. Manufacturer test density, drag versus resultant force, pole/bracket contribution and true projected area are not confirmed. C = F / (0.5 × ρ × V² × A), V in m/s. This is not manufacturer Cd, EPA/EFPA or a site-design coefficient.","{""rear"":""No positive published rear wind force."",""max"":""Maximum-force direction and matching reference area are not established; no maximum coefficient is inferred.""}"
"PANEL-CCI-1535","CCI","OPA33R-TE6C","Passive","catalogue","","","","","","","","","","","","","","","Multi-port panel; operating ranges not verified","","","","","","","Public directory snapshot; 2 October 2026","2026-10-02","","","","","https://cciproducts.com/index.php/products/antennas/single-sector-multi-port-antennas?start=60","c85a9ae06075ee638219503ea7125c5fba146dbc2b6e41f1c64bc5b9f48fe9e9","identity: Public multiport listing: exact visible model OPA33R-TE6C","Exact model identity indexed from the public CCI directory. Open Product page for its documents; individual spec sheet and mechanical/RF parameters remain unverified. Directory inclusion does not establish current supply or Australian operator use.","","","","","","","Multi-port panel","https://cciproducts.com/index.php/products/antennas/single-sector-multi-port-antennas/item/1535","","","","","","","","","","","","","","Unavailable","","{""front"":""Exact wind and dimension source pages are not verified."",""side"":""Exact wind and dimension source pages are not verified."",""rear"":""Exact wind and dimension source pages are not verified."",""max"":""Maximum-force direction and matching reference area are not established; no maximum coefficient is inferred.""}"
"PANEL-CCI-867","CCI","OPA45R-BU5A","Passive","catalogue","","","","","","","","","","","","","","","Multi-port panel; operating ranges not verified","","","","","","","Public directory snapshot; 2 October 2026","2026-10-02","","","","","https://cciproducts.com/index.php/products/antennas/single-sector-multi-port-antennas?start=60","c85a9ae06075ee638219503ea7125c5fba146dbc2b6e41f1c64bc5b9f48fe9e9","identity: Public multiport listing: exact visible model OPA45R-BU5A","Exact model identity indexed from the public CCI directory. Open Product page for its documents; individual spec sheet and mechanical/RF parameters remain unverified. Directory inclusion does not establish current supply or Australian operator use.","","","","","","","Multi-port panel","https://cciproducts.com/index.php/products/antennas/single-sector-multi-port-antennas/item/867","","","","","","","","","","","","","","Unavailable","","{""front"":""Exact wind and dimension source pages are not verified."",""side"":""Exact wind and dimension source pages are not verified."",""rear"":""Exact wind and dimension source pages are not verified."",""max"":""Maximum-force direction and matching reference area are not established; no maximum coefficient is inferred.""}"
"PANEL-CCI-1023","CCI","OPA45R-BU5C","Passive","catalogue","","","","","","","","","","","","","","","Multi-port panel; operating ranges not verified","","","","","","","Public directory snapshot; 2 October 2026","2026-10-02","","","","","https://cciproducts.com/index.php/products/antennas/single-sector-multi-port-antennas?start=60","c85a9ae06075ee638219503ea7125c5fba146dbc2b6e41f1c64bc5b9f48fe9e9","identity: Public multiport listing: exact visible model OPA45R-BU5C","Exact model identity indexed from the public CCI directory. Open Product page for its documents; individual spec sheet and mechanical/RF parameters remain unverified. Directory inclusion does not establish current supply or Australian operator use.","","","","","","","Multi-port panel","https://cciproducts.com/index.php/products/antennas/single-sector-multi-port-antennas/item/1023","","","","","","","","","","","","","","Unavailable","","{""front"":""Exact wind and dimension source pages are not verified."",""side"":""Exact wind and dimension source pages are not verified."",""rear"":""Exact wind and dimension source pages are not verified."",""max"":""Maximum-force direction and matching reference area are not established; no maximum coefficient is inferred.""}"
"PANEL-CCI-981","CCI","OPA45R-BU8A","Passive","catalogue","","","","","","","","","","","","","","","Multi-port panel; operating ranges not verified","","","","","","","Public directory snapshot; 2 October 2026","2026-10-02","","","","","https://cciproducts.com/index.php/products/antennas/single-sector-multi-port-antennas?start=60","c85a9ae06075ee638219503ea7125c5fba146dbc2b6e41f1c64bc5b9f48fe9e9","identity: Public multiport listing: exact visible model OPA45R-BU8A","Exact model identity indexed from the public CCI directory. Open Product page for its documents; individual spec sheet and mechanical/RF parameters remain unverified. Directory inclusion does not establish current supply or Australian operator use.","","","","","","","Multi-port panel","https://cciproducts.com/index.php/products/antennas/single-sector-multi-port-antennas/item/981","","","","","","","","","","","","","","Unavailable","","{""front"":""Exact wind and dimension source pages are not verified."",""side"":""Exact wind and dimension source pages are not verified."",""rear"":""Exact wind and dimension source pages are not verified."",""max"":""Maximum-force direction and matching reference area are not established; no maximum coefficient is inferred.""}"
"PANEL-CCI-1022","CCI","OPA45R-KE5C","Passive","catalogue","","","","","","","","","","","","","","","Multi-port panel; operating ranges not verified","","","","","","","Public directory snapshot; 2 October 2026","2026-10-02","","","","","https://cciproducts.com/index.php/products/antennas/single-sector-multi-port-antennas?start=65","ba276949b0b9c6ff4210457228afcc0c525bd606f7a251f1ab2a954ee009b680","identity: Public multiport listing: exact visible model OPA45R-KE5C","Exact model identity indexed from the public CCI directory. Open Product page for its documents; individual spec sheet and mechanical/RF parameters remain unverified. Directory inclusion does not establish current supply or Australian operator use.","","","","","","","Multi-port panel","https://cciproducts.com/index.php/products/antennas/single-sector-multi-port-antennas/item/1022","","","","","","","","","","","","","","Unavailable","","{""front"":""Exact wind and dimension source pages are not verified."",""side"":""Exact wind and dimension source pages are not verified."",""rear"":""Exact wind and dimension source pages are not verified."",""max"":""Maximum-force direction and matching reference area are not established; no maximum coefficient is inferred.""}"
"PANEL-CCI-1578","CCI","OPA45R-KE6B","Passive","catalogue","","","","","","","","","","","","","","","Multi-port panel; operating ranges not verified","","","","","","","Public directory snapshot; 2 October 2026","2026-10-02","","","","","https://cciproducts.com/index.php/products/antennas/single-sector-multi-port-antennas?start=65","ba276949b0b9c6ff4210457228afcc0c525bd606f7a251f1ab2a954ee009b680","identity: Public multiport listing: exact visible model OPA45R-KE6B","Exact model identity indexed from the public CCI directory. Open Product page for its documents; individual spec sheet and mechanical/RF parameters remain unverified. Directory inclusion does not establish current supply or Australian operator use.","","","","","","","Multi-port panel","https://cciproducts.com/index.php/products/antennas/single-sector-multi-port-antennas/item/1578","","","","","","","","","","","","","","Unavailable","","{""front"":""Exact wind and dimension source pages are not verified."",""side"":""Exact wind and dimension source pages are not verified."",""rear"":""Exact wind and dimension source pages are not verified."",""max"":""Maximum-force direction and matching reference area are not established; no maximum coefficient is inferred.""}"
"PANEL-CCI-1469","CCI","OPA45R-TW6B","Passive","catalogue","","","","","","","","","","","","","","","Multi-port panel; operating ranges not verified","","","","","","","Public directory snapshot; 2 October 2026","2026-10-02","","","","","https://cciproducts.com/index.php/products/antennas/single-sector-multi-port-antennas?start=65","ba276949b0b9c6ff4210457228afcc0c525bd606f7a251f1ab2a954ee009b680","identity: Public multiport listing: exact visible model OPA45R-TW6B","Exact model identity indexed from the public CCI directory. Open Product page for its documents; individual spec sheet and mechanical/RF parameters remain unverified. Directory inclusion does not establish current supply or Australian operator use.","","","","","","","Multi-port panel","https://cciproducts.com/index.php/products/antennas/single-sector-multi-port-antennas/item/1469","","","","","","","","","","","","","","Unavailable","","{""front"":""Exact wind and dimension source pages are not verified."",""side"":""Exact wind and dimension source pages are not verified."",""rear"":""Exact wind and dimension source pages are not verified."",""max"":""Maximum-force direction and matching reference area are not established; no maximum coefficient is inferred.""}"
"PANEL-CCI-1379","CCI","OPA65R-BU4D","Passive","catalogue","","","","","","","","","","","","","","","Multi-port panel; operating ranges not verified","","","","","","","Public directory snapshot; 2 October 2026","2026-10-02","","","","","https://cciproducts.com/index.php/products/antennas/single-sector-multi-port-antennas?start=65","ba276949b0b9c6ff4210457228afcc0c525bd606f7a251f1ab2a954ee009b680","identity: Public multiport listing: exact visible model OPA65R-BU4D","Exact model identity indexed from the public CCI directory. Open Product page for its documents; individual spec sheet and mechanical/RF parameters remain unverified. Directory inclusion does not establish current supply or Australian operator use.","","","","","","","Multi-port panel","https://cciproducts.com/index.php/products/antennas/single-sector-multi-port-antennas/item/1379","","","","","","","","","","","","","","Unavailable","","{""front"":""Exact wind and dimension source pages are not verified."",""side"":""Exact wind and dimension source pages are not verified."",""rear"":""Exact wind and dimension source pages are not verified."",""max"":""Maximum-force direction and matching reference area are not established; no maximum coefficient is inferred.""}"
"PANEL-CCI-705","CCI","OPA65R-BU6A","Passive","catalogue","","","","","","","","","","","","","","","Multi-port panel; operating ranges not verified","","","","","","","Public directory snapshot; 2 October 2026","2026-10-02","","","","","https://cciproducts.com/index.php/products/antennas/single-sector-multi-port-antennas?start=65","ba276949b0b9c6ff4210457228afcc0c525bd606f7a251f1ab2a954ee009b680","identity: Public multiport listing: exact visible model OPA65R-BU6A","Exact model identity indexed from the public CCI directory. Open Product page for its documents; individual spec sheet and mechanical/RF parameters remain unverified. Directory inclusion does not establish current supply or Australian operator use.","","","","","","","Multi-port panel","https://cciproducts.com/index.php/products/antennas/single-sector-multi-port-antennas/item/705","","","","","","","","","","","","","","Unavailable","","{""front"":""Exact wind and dimension source pages are not verified."",""side"":""Exact wind and dimension source pages are not verified."",""rear"":""Exact wind and dimension source pages are not verified."",""max"":""Maximum-force direction and matching reference area are not established; no maximum coefficient is inferred.""}"
"PANEL-CCI-805","CCI","OPA65R-BU6B","Passive","catalogue","","","","","","","","","","","","","","","Multi-port panel; operating ranges not verified","","","","","","","Public directory snapshot; 2 October 2026","2026-10-02","","","","","https://cciproducts.com/index.php/products/antennas/single-sector-multi-port-antennas?start=70","a3ecb04a839fa120d58b611676cd1d98f8a3266d05b69d1f4f313fc3fc00a95b","identity: Public multiport listing: exact visible model OPA65R-BU6B","Exact model identity indexed from the public CCI directory. Open Product page for its documents; individual spec sheet and mechanical/RF parameters remain unverified. Directory inclusion does not establish current supply or Australian operator use.","","","","","","","Multi-port panel","https://cciproducts.com/index.php/products/antennas/single-sector-multi-port-antennas/item/805","","","","","","","","","","","","","","Unavailable","","{""front"":""Exact wind and dimension source pages are not verified."",""side"":""Exact wind and dimension source pages are not verified."",""rear"":""Exact wind and dimension source pages are not verified."",""max"":""Maximum-force direction and matching reference area are not established; no maximum coefficient is inferred.""}"
"PANEL-CCI-1378","CCI","OPA65R-BU6D","Passive","catalogue","","","","","","","","","","","","","","","Multi-port panel; operating ranges not verified","","","","","","","Public directory snapshot; 2 October 2026","2026-10-02","","","","","https://cciproducts.com/index.php/products/antennas/single-sector-multi-port-antennas?start=70","a3ecb04a839fa120d58b611676cd1d98f8a3266d05b69d1f4f313fc3fc00a95b","identity: Public multiport listing: exact visible model OPA65R-BU6D","Exact model identity indexed from the public CCI directory. Open Product page for its documents; individual spec sheet and mechanical/RF parameters remain unverified. Directory inclusion does not establish current supply or Australian operator use.","","","","","","","Multi-port panel","https://cciproducts.com/index.php/products/antennas/single-sector-multi-port-antennas/item/1378","","","","","","","","","","","","","","Unavailable","","{""front"":""Exact wind and dimension source pages are not verified."",""side"":""Exact wind and dimension source pages are not verified."",""rear"":""Exact wind and dimension source pages are not verified."",""max"":""Maximum-force direction and matching reference area are not established; no maximum coefficient is inferred.""}"
"PANEL-CCI-1064","CCI","OPA65R-BU8D","Passive","catalogue","","","","","","","","","","","","","","","Multi-port panel; operating ranges not verified","","","","","","","Public directory snapshot; 2 October 2026","2026-10-02","","","","","https://cciproducts.com/index.php/products/antennas/single-sector-multi-port-antennas?start=70","a3ecb04a839fa120d58b611676cd1d98f8a3266d05b69d1f4f313fc3fc00a95b","identity: Public multiport listing: exact visible model OPA65R-BU8D","Exact model identity indexed from the public CCI directory. Open Product page for its documents; individual spec sheet and mechanical/RF parameters remain unverified. Directory inclusion does not establish current supply or Australian operator use.","","","","","","","Multi-port panel","https://cciproducts.com/index.php/products/antennas/single-sector-multi-port-antennas/item/1064","","","","","","","","","","","","","","Unavailable","","{""front"":""Exact wind and dimension source pages are not verified."",""side"":""Exact wind and dimension source pages are not verified."",""rear"":""Exact wind and dimension source pages are not verified."",""max"":""Maximum-force direction and matching reference area are not established; no maximum coefficient is inferred.""}"
"PANEL-CCI-1657","CCI","OPA65R-BW4AA","Passive","catalogue","","","","","","","","","","","","","","","Multi-port panel; operating ranges not verified","","","","","","","Public directory snapshot; 2 October 2026","2026-10-02","","","","","https://cciproducts.com/index.php/products/antennas/single-sector-multi-port-antennas?start=70","a3ecb04a839fa120d58b611676cd1d98f8a3266d05b69d1f4f313fc3fc00a95b","identity: Public multiport listing: exact visible model OPA65R-BW4AA","Exact model identity indexed from the public CCI directory. Open Product page for its documents; individual spec sheet and mechanical/RF parameters remain unverified. Directory inclusion does not establish current supply or Australian operator use.","","","","","","","Multi-port panel","https://cciproducts.com/index.php/products/antennas/single-sector-multi-port-antennas/item/1657","","","","","","","","","","","","","","Unavailable","","{""front"":""Exact wind and dimension source pages are not verified."",""side"":""Exact wind and dimension source pages are not verified."",""rear"":""Exact wind and dimension source pages are not verified."",""max"":""Maximum-force direction and matching reference area are not established; no maximum coefficient is inferred.""}"
"PANEL-CCI-1365","CCI","OPA65R-KE4D","Passive","datasheet","1220","525","197","21","Without mounting kit","","","","","","","","8","4.3-10 Female","698-960 MHz / 1695-2690 MHz","943","402","","","161","","Revision 1.2; 14 May 2021","2026-10-02","https://cciproducts.com/DsPdf/ds-opa65rke4d-v1_2-210514.pdf","","4","4","https://cciproducts.com/DsPdf/ds-opa65rke4d-v1_2-210514.pdf","7ba12a9f3f432c0485705caa58476a801d2582dc218999d98f43ae02538b7a2e","identity: PDF p. 1, exact printed model; dimensions: PDF p. 4, antenna dimensions; mass: PDF p. 4, antenna weight and footnote; wind: PDF p. 4, mechanical wind values / stated reference speed; rf: PDF pp. 1-3, explicit Ports coverage headers; mechanical connector count; efpa: PDF p. 4, Equivalent Flat Plate Area; mounting: PDF p. 4, Mounting Pole: 2 to 5 in (5 to 12 cm), rounded source description","Wind forces retain 100 mph (161 km/h); no derived rear or maximum force. Published Equivalent Flat Plate Area is distinct from EPA. Mounting Pole 2 to 5 in (5 to 12 cm) is retained as a rounded source description; no synthetic precise mm limits. Separate RET mass is not mounting-kit mass. No Australian use inferred.","","","","","> 241 km/h","","Multi-port panel","https://cciproducts.com/index.php/products/antennas/single-sector-multi-port-antennas/item/1365","0.8","","","","","1.2018207971842165","1.3653599283296578","","1.225","0.6405","0.24034","","161","Equivalent estimate only","Assumed ρ = 1.225 kg/m³; nominal envelope H × W for front/rear and H × D for side. Manufacturer test density, drag versus resultant force, pole/bracket contribution and true projected area are not confirmed. C = F / (0.5 × ρ × V² × A), V in m/s. This is not manufacturer Cd, EPA/EFPA or a site-design coefficient.","{""rear"":""No positive published rear wind force."",""max"":""Maximum-force direction and matching reference area are not established; no maximum coefficient is inferred.""}"
"PANEL-CCI-1545","CCI","OPA65R-KE5D","Passive","catalogue","","","","","","","","","","","","","","","Multi-port panel; operating ranges not verified","","","","","","","Public directory snapshot; 2 October 2026","2026-10-02","","","","","https://cciproducts.com/index.php/products/antennas/single-sector-multi-port-antennas?start=75","89129eb0c4c1257b6794d4bca1fb2e45f0160130d2ce15224581a6eecc38147d","identity: Public multiport listing: exact visible model OPA65R-KE5D","Exact model identity indexed from the public CCI directory. Open Product page for its documents; individual spec sheet and mechanical/RF parameters remain unverified. Directory inclusion does not establish current supply or Australian operator use.","","","","","","","Multi-port panel","https://cciproducts.com/index.php/products/antennas/single-sector-multi-port-antennas/item/1545","","","","","","","","","","","","","","Unavailable","","{""front"":""Exact wind and dimension source pages are not verified."",""side"":""Exact wind and dimension source pages are not verified."",""rear"":""Exact wind and dimension source pages are not verified."",""max"":""Maximum-force direction and matching reference area are not established; no maximum coefficient is inferred.""}"
"PANEL-CCI-690","CCI","OPA65R-KE6A","Passive","catalogue","","","","","","","","","","","","","","","Multi-port panel; operating ranges not verified","","","","","","","Public directory snapshot; 2 October 2026","2026-10-02","","","","","https://cciproducts.com/index.php/products/antennas/single-sector-multi-port-antennas?start=75","89129eb0c4c1257b6794d4bca1fb2e45f0160130d2ce15224581a6eecc38147d","identity: Public multiport listing: exact visible model OPA65R-KE6A","Exact model identity indexed from the public CCI directory. Open Product page for its documents; individual spec sheet and mechanical/RF parameters remain unverified. Directory inclusion does not establish current supply or Australian operator use.","","","","","","","Multi-port panel","https://cciproducts.com/index.php/products/antennas/single-sector-multi-port-antennas/item/690","","","","","","","","","","","","","","Unavailable","","{""front"":""Exact wind and dimension source pages are not verified."",""side"":""Exact wind and dimension source pages are not verified."",""rear"":""Exact wind and dimension source pages are not verified."",""max"":""Maximum-force direction and matching reference area are not established; no maximum coefficient is inferred.""}"
"PANEL-CCI-719","CCI","OPA65R-KE6C","Passive","catalogue","","","","","","","","","","","","","","","Multi-port panel; operating ranges not verified","","","","","","","Public directory snapshot; 2 October 2026","2026-10-02","","","","","https://cciproducts.com/index.php/products/antennas/single-sector-multi-port-antennas?start=75","89129eb0c4c1257b6794d4bca1fb2e45f0160130d2ce15224581a6eecc38147d","identity: Public multiport listing: exact visible model OPA65R-KE6C","Exact model identity indexed from the public CCI directory. Open Product page for its documents; individual spec sheet and mechanical/RF parameters remain unverified. Directory inclusion does not establish current supply or Australian operator use.","","","","","","","Multi-port panel","https://cciproducts.com/index.php/products/antennas/single-sector-multi-port-antennas/item/719","","","","","","","","","","","","","","Unavailable","","{""front"":""Exact wind and dimension source pages are not verified."",""side"":""Exact wind and dimension source pages are not verified."",""rear"":""Exact wind and dimension source pages are not verified."",""max"":""Maximum-force direction and matching reference area are not established; no maximum coefficient is inferred.""}"
"PANEL-CCI-1364","CCI","OPA65R-KE6D","Passive","datasheet","1808","525","197","28.7","Without mounting kit","","","","","","","","8","4.3-10 Female","698-960 MHz / 1695-2690 MHz","1446","642","","","161","","Revision 1.5; 11 May 2021","2026-10-02","https://cciproducts.com/DsPdf/ds-opa65rke6d-v1_5-210511.pdf","","4","4","https://cciproducts.com/DsPdf/ds-opa65rke6d-v1_5-210511.pdf","73176327adbd81147705599ec714be42c08913a48c0e4381e5046ba80fd5aeb4","identity: PDF p. 1, exact model heading and printed revision/date; dimensions: PDF p. 4, Dimensions (L × W × D), printed metric values; L mapped to H; mass: PDF p. 4, Weight and weight-exclusion footnote; rf: PDF pp. 2, 3, explicit Ports coverage headers / RF parameters; PDF p. 4, connector count and interface; wind: PDF p. 4, front/side wind loads at 161 km/h and survival inequality; mounting: PDF p. 4, original mounting pole description; efpa: PDF p. 4, Equivalent Flat Plate Area, printed metric value","Published metric L/W/D values are retained as H/W/D. Wind forces remain at 161 km/h; rear and maximum-direction force not stated. Survival speed is an inequality. Operating ranges follow explicit port coverage, not sampled performance columns. Antenna mass excludes mounting; no shipping mass or unreviewed kit mass adopted. Equivalent flat plate area is kept separately from EPA and has not been relabelled or derived. Mounting pole description 2–5 in (5–12 cm) retained; inconsistent rounded equivalents are not an exact adopted metric OD.","","","","","> 241 km/h","","Multi-port panel","https://cciproducts.com/index.php/products/antennas/single-sector-multi-port-antennas/item/1364","1.2","","","","","1.243534159907082","1.4713552126878346","","1.225","0.9492","0.356176","","161","Equivalent estimate only","Assumed ρ = 1.225 kg/m³; nominal envelope H × W for front/rear and H × D for side. Manufacturer test density, drag versus resultant force, pole/bracket contribution and true projected area are not confirmed. C = F / (0.5 × ρ × V² × A), V in m/s. This is not manufacturer Cd, EPA/EFPA or a site-design coefficient.","{""rear"":""No positive published rear wind force."",""max"":""Maximum-force direction and matching reference area are not established; no maximum coefficient is inferred.""}"
"PANEL-CCI-1363","CCI","OPA65R-KE8D","Passive","datasheet","2438","525","197","35.6","Without mounting kit","","","","","","","","8","4.3-10 Female","698-960 MHz / 1695-2690 MHz","2033","929","","","161","","Revision 1.2; 12 May 2021","2026-10-02","https://cciproducts.com/DsPdf/ds-opa65rke8d-v1_2-210512.pdf","","4","4","https://cciproducts.com/DsPdf/ds-opa65rke8d-v1_2-210512.pdf","fed17278cdb6049ec06d7b60e5e80f959990715ed1f8d01dd323f7892325725f","identity: PDF p. 1, exact model heading and printed revision/date; dimensions: PDF p. 4, Dimensions (L × W × D), printed metric values; L mapped to H; mass: PDF p. 4, Weight and weight-exclusion footnote; rf: PDF pp. 2, 3, explicit Ports coverage headers / RF parameters; PDF p. 4, connector count and interface; wind: PDF p. 4, front/side wind loads at 161 km/h and survival inequality; mounting: PDF p. 4, original mounting pole description; efpa: PDF p. 4, Equivalent Flat Plate Area, printed metric value","Published metric L/W/D values are retained as H/W/D. Wind forces remain at 161 km/h; rear and maximum-direction force not stated. Survival speed is an inequality. Operating ranges follow explicit port coverage, not sampled performance columns. Antenna mass excludes mounting; no shipping mass or unreviewed kit mass adopted. Equivalent flat plate area is kept separately from EPA and has not been relabelled or derived. Mounting pole description 2–5 in (5–12 cm) retained; inconsistent rounded equivalents are not an exact adopted metric OD.","","","","","> 241 km/h","","Multi-port panel","https://cciproducts.com/index.php/products/antennas/single-sector-multi-port-antennas/item/1363","1.7","","","","","1.296556749671438","1.5789302417060183","","1.225","1.27995","0.480286","","161","Equivalent estimate only","Assumed ρ = 1.225 kg/m³; nominal envelope H × W for front/rear and H × D for side. Manufacturer test density, drag versus resultant force, pole/bracket contribution and true projected area are not confirmed. C = F / (0.5 × ρ × V² × A), V in m/s. This is not manufacturer Cd, EPA/EFPA or a site-design coefficient.","{""rear"":""No positive published rear wind force."",""max"":""Maximum-force direction and matching reference area are not established; no maximum coefficient is inferred.""}"
"PANEL-CCI-1392","CCI","OPA65R-OH5A","Passive","catalogue","","","","","","","","","","","","","","","Multi-port panel; operating ranges not verified","","","","","","","Public directory snapshot; 2 October 2026","2026-10-02","","","","","https://cciproducts.com/index.php/products/antennas/single-sector-multi-port-antennas?start=80","efa49eba63d68bbdef46ffad6f36d096d6645aece5959c03eeaba9f0f2086f05","identity: Public multiport listing: exact visible model OPA65R-OH5A","Exact model identity indexed from the public CCI directory. Open Product page for its documents; individual spec sheet and mechanical/RF parameters remain unverified. Directory inclusion does not establish current supply or Australian operator use.","","","","","","","Multi-port panel","https://cciproducts.com/index.php/products/antennas/single-sector-multi-port-antennas/item/1392","","","","","","","","","","","","","","Unavailable","","{""front"":""Exact wind and dimension source pages are not verified."",""side"":""Exact wind and dimension source pages are not verified."",""rear"":""Exact wind and dimension source pages are not verified."",""max"":""Maximum-force direction and matching reference area are not established; no maximum coefficient is inferred.""}"
"PANEL-CCI-1213","CCI","OPA65R-TE4C","Passive","catalogue","","","","","","","","","","","","","","","Multi-port panel; operating ranges not verified","","","","","","","Public directory snapshot; 2 October 2026","2026-10-02","","","","","https://cciproducts.com/index.php/products/antennas/single-sector-multi-port-antennas?start=80","efa49eba63d68bbdef46ffad6f36d096d6645aece5959c03eeaba9f0f2086f05","identity: Public multiport listing: exact visible model OPA65R-TE4C","Exact model identity indexed from the public CCI directory. Open Product page for its documents; individual spec sheet and mechanical/RF parameters remain unverified. Directory inclusion does not establish current supply or Australian operator use.","","","","","","","Multi-port panel","https://cciproducts.com/index.php/products/antennas/single-sector-multi-port-antennas/item/1213","","","","","","","","","","","","","","Unavailable","","{""front"":""Exact wind and dimension source pages are not verified."",""side"":""Exact wind and dimension source pages are not verified."",""rear"":""Exact wind and dimension source pages are not verified."",""max"":""Maximum-force direction and matching reference area are not established; no maximum coefficient is inferred.""}"
"PANEL-CCI-1214","CCI","OPA65R-TE6C","Passive","catalogue","","","","","","","","","","","","","","","Multi-port panel; operating ranges not verified","","","","","","","Public directory snapshot; 2 October 2026","2026-10-02","","","","","https://cciproducts.com/index.php/products/antennas/single-sector-multi-port-antennas?start=80","efa49eba63d68bbdef46ffad6f36d096d6645aece5959c03eeaba9f0f2086f05","identity: Public multiport listing: exact visible model OPA65R-TE6C","Exact model identity indexed from the public CCI directory. Open Product page for its documents; individual spec sheet and mechanical/RF parameters remain unverified. Directory inclusion does not establish current supply or Australian operator use.","","","","","","","Multi-port panel","https://cciproducts.com/index.php/products/antennas/single-sector-multi-port-antennas/item/1214","","","","","","","","","","","","","","Unavailable","","{""front"":""Exact wind and dimension source pages are not verified."",""side"":""Exact wind and dimension source pages are not verified."",""rear"":""Exact wind and dimension source pages are not verified."",""max"":""Maximum-force direction and matching reference area are not established; no maximum coefficient is inferred.""}"
"PANEL-CCI-1215","CCI","OPA65R-TE8C","Passive","catalogue","","","","","","","","","","","","","","","Multi-port panel; operating ranges not verified","","","","","","","Public directory snapshot; 2 October 2026","2026-10-02","","","","","https://cciproducts.com/index.php/products/antennas/single-sector-multi-port-antennas?start=80","efa49eba63d68bbdef46ffad6f36d096d6645aece5959c03eeaba9f0f2086f05","identity: Public multiport listing: exact visible model OPA65R-TE8C","Exact model identity indexed from the public CCI directory. Open Product page for its documents; individual spec sheet and mechanical/RF parameters remain unverified. Directory inclusion does not establish current supply or Australian operator use.","","","","","","","Multi-port panel","https://cciproducts.com/index.php/products/antennas/single-sector-multi-port-antennas/item/1215","","","","","","","","","","","","","","Unavailable","","{""front"":""Exact wind and dimension source pages are not verified."",""side"":""Exact wind and dimension source pages are not verified."",""rear"":""Exact wind and dimension source pages are not verified."",""max"":""Maximum-force direction and matching reference area are not established; no maximum coefficient is inferred.""}"
"PANEL-CCI-1740","CCI","OPA65R-TE8H","Passive","catalogue","","","","","","","","","","","","","","","Multi-port panel; operating ranges not verified","","","","","","","Public directory snapshot; 2 October 2026","2026-10-02","","","","","https://cciproducts.com/index.php/products/antennas/single-sector-multi-port-antennas?start=80","efa49eba63d68bbdef46ffad6f36d096d6645aece5959c03eeaba9f0f2086f05","identity: Public multiport listing: exact visible model OPA65R-TE8H","Exact model identity indexed from the public CCI directory. Open Product page for its documents; individual spec sheet and mechanical/RF parameters remain unverified. Directory inclusion does not establish current supply or Australian operator use.","","","","","","","Multi-port panel","https://cciproducts.com/index.php/products/antennas/single-sector-multi-port-antennas/item/1740","","","","","","","","","","","","","","Unavailable","","{""front"":""Exact wind and dimension source pages are not verified."",""side"":""Exact wind and dimension source pages are not verified."",""rear"":""Exact wind and dimension source pages are not verified."",""max"":""Maximum-force direction and matching reference area are not established; no maximum coefficient is inferred.""}"
"PANEL-CCI-1739","CCI","OPA65R-TU8H","Passive","catalogue","","","","","","","","","","","","","","","Multi-port panel; operating ranges not verified","","","","","","","Public directory snapshot; 2 October 2026","2026-10-02","","","","","https://cciproducts.com/index.php/products/antennas/single-sector-multi-port-antennas?start=85","6eb6a538fb7381a64fc79dd8d73aaa108296b94f0c046b91e0667694e907cbe3","identity: Public multiport listing: exact visible model OPA65R-TU8H","Exact model identity indexed from the public CCI directory. Open Product page for its documents; individual spec sheet and mechanical/RF parameters remain unverified. Directory inclusion does not establish current supply or Australian operator use.","","","","","","","Multi-port panel","https://cciproducts.com/index.php/products/antennas/single-sector-multi-port-antennas/item/1739","","","","","","","","","","","","","","Unavailable","","{""front"":""Exact wind and dimension source pages are not verified."",""side"":""Exact wind and dimension source pages are not verified."",""rear"":""Exact wind and dimension source pages are not verified."",""max"":""Maximum-force direction and matching reference area are not established; no maximum coefficient is inferred.""}"
"PANEL-CCI-774","CCI","OPA65R-W4B","Passive","catalogue","","","","","","","","","","","","","","","Multi-port panel; operating ranges not verified","","","","","","","Public directory snapshot; 2 October 2026","2026-10-02","","","","","https://cciproducts.com/index.php/products/antennas/single-sector-multi-port-antennas?start=85","6eb6a538fb7381a64fc79dd8d73aaa108296b94f0c046b91e0667694e907cbe3","identity: Public multiport listing: exact visible model OPA65R-W4B","Exact model identity indexed from the public CCI directory. Open Product page for its documents; individual spec sheet and mechanical/RF parameters remain unverified. Directory inclusion does not establish current supply or Australian operator use.","","","","","","","Multi-port panel","https://cciproducts.com/index.php/products/antennas/single-sector-multi-port-antennas/item/774","","","","","","","","","","","","","","Unavailable","","{""front"":""Exact wind and dimension source pages are not verified."",""side"":""Exact wind and dimension source pages are not verified."",""rear"":""Exact wind and dimension source pages are not verified."",""max"":""Maximum-force direction and matching reference area are not established; no maximum coefficient is inferred.""}"
"PANEL-CCI-1347","CCI","QPA33F-H2A","Passive","catalogue","","","","","","","","","","","","","","","Multi-port panel; operating ranges not verified","","","","","","","Public directory snapshot; 2 October 2026","2026-10-02","","","","","https://cciproducts.com/index.php/products/antennas/single-sector-multi-port-antennas?start=85","6eb6a538fb7381a64fc79dd8d73aaa108296b94f0c046b91e0667694e907cbe3","identity: Public multiport listing: exact visible model QPA33F-H2A","Exact model identity indexed from the public CCI directory. Open Product page for its documents; individual spec sheet and mechanical/RF parameters remain unverified. Directory inclusion does not establish current supply or Australian operator use.","","","","","","","Multi-port panel","https://cciproducts.com/index.php/products/antennas/single-sector-multi-port-antennas/item/1347","","","","","","","","","","","","","","Unavailable","","{""front"":""Exact wind and dimension source pages are not verified."",""side"":""Exact wind and dimension source pages are not verified."",""rear"":""Exact wind and dimension source pages are not verified."",""max"":""Maximum-force direction and matching reference area are not established; no maximum coefficient is inferred.""}"
"PANEL-CCI-1372","CCI","QPA65F-H2A","Passive","catalogue","","","","","","","","","","","","","","","Multi-port panel; operating ranges not verified","","","","","","","Public directory snapshot; 2 October 2026","2026-10-02","","","","","https://cciproducts.com/index.php/products/antennas/single-sector-multi-port-antennas?start=85","6eb6a538fb7381a64fc79dd8d73aaa108296b94f0c046b91e0667694e907cbe3","identity: Public multiport listing: exact visible model QPA65F-H2A","Exact model identity indexed from the public CCI directory. Open Product page for its documents; individual spec sheet and mechanical/RF parameters remain unverified. Directory inclusion does not establish current supply or Australian operator use.","","","","","","","Multi-port panel","https://cciproducts.com/index.php/products/antennas/single-sector-multi-port-antennas/item/1372","","","","","","","","","","","","","","Unavailable","","{""front"":""Exact wind and dimension source pages are not verified."",""side"":""Exact wind and dimension source pages are not verified."",""rear"":""Exact wind and dimension source pages are not verified."",""max"":""Maximum-force direction and matching reference area are not established; no maximum coefficient is inferred.""}"
"PANEL-CCI-1636","CCI","QPA65R-E5A","Passive","catalogue","","","","","","","","","","","","","","","Multi-port panel; operating ranges not verified","","","","","","","Public directory snapshot; 2 October 2026","2026-10-02","","","","","https://cciproducts.com/index.php/products/antennas/single-sector-multi-port-antennas?start=85","6eb6a538fb7381a64fc79dd8d73aaa108296b94f0c046b91e0667694e907cbe3","identity: Public multiport listing: exact visible model QPA65R-E5A","Exact model identity indexed from the public CCI directory. Open Product page for its documents; individual spec sheet and mechanical/RF parameters remain unverified. Directory inclusion does not establish current supply or Australian operator use.","","","","","","","Multi-port panel","https://cciproducts.com/index.php/products/antennas/single-sector-multi-port-antennas/item/1636","","","","","","","","","","","","","","Unavailable","","{""front"":""Exact wind and dimension source pages are not verified."",""side"":""Exact wind and dimension source pages are not verified."",""rear"":""Exact wind and dimension source pages are not verified."",""max"":""Maximum-force direction and matching reference area are not established; no maximum coefficient is inferred.""}"
"PANEL-CCI-1456","CCI","QPA65R-E5CA","Passive","catalogue","","","","","","","","","","","","","","","Multi-port panel; operating ranges not verified","","","","","","","Public directory snapshot; 2 October 2026","2026-10-02","","","","","https://cciproducts.com/index.php/products/antennas/single-sector-multi-port-antennas?start=90","7524ce10784c8ec873e86ac24d7942a3b13e82659172ff6e0e3cfaf85bf131ef","identity: Public multiport listing: exact visible model QPA65R-E5CA","Exact model identity indexed from the public CCI directory. Open Product page for its documents; individual spec sheet and mechanical/RF parameters remain unverified. Directory inclusion does not establish current supply or Australian operator use.","","","","","","","Multi-port panel","https://cciproducts.com/index.php/products/antennas/single-sector-multi-port-antennas/item/1456","","","","","","","","","","","","","","Unavailable","","{""front"":""Exact wind and dimension source pages are not verified."",""side"":""Exact wind and dimension source pages are not verified."",""rear"":""Exact wind and dimension source pages are not verified."",""max"":""Maximum-force direction and matching reference area are not established; no maximum coefficient is inferred.""}"
"PANEL-CCI-1349","CCI","QPA65R-H2A","Passive","catalogue","","","","","","","","","","","","","","","Multi-port panel; operating ranges not verified","","","","","","","Public directory snapshot; 2 October 2026","2026-10-02","","","","","https://cciproducts.com/index.php/products/antennas/single-sector-multi-port-antennas?start=90","7524ce10784c8ec873e86ac24d7942a3b13e82659172ff6e0e3cfaf85bf131ef","identity: Public multiport listing: exact visible model QPA65R-H2A","Exact model identity indexed from the public CCI directory. Open Product page for its documents; individual spec sheet and mechanical/RF parameters remain unverified. Directory inclusion does not establish current supply or Australian operator use.","","","","","","","Multi-port panel","https://cciproducts.com/index.php/products/antennas/single-sector-multi-port-antennas/item/1349","","","","","","","","","","","","","","Unavailable","","{""front"":""Exact wind and dimension source pages are not verified."",""side"":""Exact wind and dimension source pages are not verified."",""rear"":""Exact wind and dimension source pages are not verified."",""max"":""Maximum-force direction and matching reference area are not established; no maximum coefficient is inferred.""}"
"PANEL-CCI-1468","CCI","QPA65R-H3A","Passive","catalogue","","","","","","","","","","","","","","","Multi-port panel; operating ranges not verified","","","","","","","Public directory snapshot; 2 October 2026","2026-10-02","","","","","https://cciproducts.com/index.php/products/antennas/single-sector-multi-port-antennas?start=90","7524ce10784c8ec873e86ac24d7942a3b13e82659172ff6e0e3cfaf85bf131ef","identity: Public multiport listing: exact visible model QPA65R-H3A","Exact model identity indexed from the public CCI directory. Open Product page for its documents; individual spec sheet and mechanical/RF parameters remain unverified. Directory inclusion does not establish current supply or Australian operator use.","","","","","","","Multi-port panel","https://cciproducts.com/index.php/products/antennas/single-sector-multi-port-antennas/item/1468","","","","","","","","","","","","","","Unavailable","","{""front"":""Exact wind and dimension source pages are not verified."",""side"":""Exact wind and dimension source pages are not verified."",""rear"":""Exact wind and dimension source pages are not verified."",""max"":""Maximum-force direction and matching reference area are not established; no maximum coefficient is inferred.""}"
"PANEL-CCI-568","CCI","QPA65R-K8A","Passive","datasheet","2489","618","200","45","Without mounting kit and RET","","","","","","","","4","7-16 DIN long-neck Female or 4.3-10 Female — select ordering variant","698-960 MHz","2390","963","","","161","","Revision 1.1; 31 May 2018","2026-10-02","https://cciproducts.com/DsPdf/ds-qpa65rk8a-v1_1-180531.pdf","","2","2","https://cciproducts.com/DsPdf/ds-qpa65rk8a-v1_1-180531.pdf","a2dfa8154cd2a03a3a1359e272b32fc7e7b4704236b81a3513757a925978c283","identity: PDF p. 1, exact printed model; dimensions: PDF p. 2, antenna dimensions; mass: PDF p. 2, antenna weight and footnote; wind: PDF p. 2, mechanical wind values / stated reference speed; rf: PDF pp. 1-3, explicit Ports coverage headers; mechanical connector count; efpa: PDF p. 2, Equivalent Flat Plate Area; mounting: PDF p. 2, Mounting Pole: 2 to 5 in (5 to 12 cm), rounded source description","Wind forces retain 100 mph (161 km/h); no derived rear or maximum force. Published Equivalent Flat Plate Area is distinct from EPA. Mounting Pole 2 to 5 in (5 to 12 cm) is retained as a rounded source description; no synthetic precise mm limits. Separate RET mass is not mounting-kit mass. No Australian use inferred.","","","","","> 241 km/h","","Multi-port panel","https://cciproducts.com/index.php/products/antennas/single-sector-multi-port-antennas/item/568","1.9","","","","","1.2683283081273078","1.5791324253745547","","1.225","1.538202","0.4978","","161","Equivalent estimate only","Assumed ρ = 1.225 kg/m³; nominal envelope H × W for front/rear and H × D for side. Manufacturer test density, drag versus resultant force, pole/bracket contribution and true projected area are not confirmed. C = F / (0.5 × ρ × V² × A), V in m/s. This is not manufacturer Cd, EPA/EFPA or a site-design coefficient.","{""rear"":""No positive published rear wind force."",""max"":""Maximum-force direction and matching reference area are not established; no maximum coefficient is inferred.""}"
"PANEL-CCI-1092","CCI","QPA65R-T6C","Passive","catalogue","","","","","","","","","","","","","","","Multi-port panel; operating ranges not verified","","","","","","","Public directory snapshot; 2 October 2026","2026-10-02","","","","","https://cciproducts.com/index.php/products/antennas/single-sector-multi-port-antennas?start=90","7524ce10784c8ec873e86ac24d7942a3b13e82659172ff6e0e3cfaf85bf131ef","identity: Public multiport listing: exact visible model QPA65R-T6C","Exact model identity indexed from the public CCI directory. Open Product page for its documents; individual spec sheet and mechanical/RF parameters remain unverified. Directory inclusion does not establish current supply or Australian operator use.","","","","","","","Multi-port panel","https://cciproducts.com/index.php/products/antennas/single-sector-multi-port-antennas/item/1092","","","","","","","","","","","","","","Unavailable","","{""front"":""Exact wind and dimension source pages are not verified."",""side"":""Exact wind and dimension source pages are not verified."",""rear"":""Exact wind and dimension source pages are not verified."",""max"":""Maximum-force direction and matching reference area are not established; no maximum coefficient is inferred.""}"
"PANEL-CCI-1333","CCI","QPA65R-W3B","Passive","catalogue","","","","","","","","","","","","","","","Multi-port panel; operating ranges not verified","","","","","","","Public directory snapshot; 2 October 2026","2026-10-02","","","","","https://cciproducts.com/index.php/products/antennas/single-sector-multi-port-antennas?start=95","d01eb719b19233287705d835fbb9d7daf5e80402131cad5daf2cceb392784784","identity: Public multiport listing: exact visible model QPA65R-W3B","Exact model identity indexed from the public CCI directory. Open Product page for its documents; individual spec sheet and mechanical/RF parameters remain unverified. Directory inclusion does not establish current supply or Australian operator use.","","","","","","","Multi-port panel","https://cciproducts.com/index.php/products/antennas/single-sector-multi-port-antennas/item/1333","","","","","","","","","","","","","","Unavailable","","{""front"":""Exact wind and dimension source pages are not verified."",""side"":""Exact wind and dimension source pages are not verified."",""rear"":""Exact wind and dimension source pages are not verified."",""max"":""Maximum-force direction and matching reference area are not established; no maximum coefficient is inferred.""}"
"PANEL-CCI-1330","CCI","QPA65R-W4B","Passive","catalogue","","","","","","","","","","","","","","","Multi-port panel; operating ranges not verified","","","","","","","Public directory snapshot; 2 October 2026","2026-10-02","","","","","https://cciproducts.com/index.php/products/antennas/single-sector-multi-port-antennas?start=95","d01eb719b19233287705d835fbb9d7daf5e80402131cad5daf2cceb392784784","identity: Public multiport listing: exact visible model QPA65R-W4B","Exact model identity indexed from the public CCI directory. Open Product page for its documents; individual spec sheet and mechanical/RF parameters remain unverified. Directory inclusion does not establish current supply or Australian operator use.","","","","","","","Multi-port panel","https://cciproducts.com/index.php/products/antennas/single-sector-multi-port-antennas/item/1330","","","","","","","","","","","","","","Unavailable","","{""front"":""Exact wind and dimension source pages are not verified."",""side"":""Exact wind and dimension source pages are not verified."",""rear"":""Exact wind and dimension source pages are not verified."",""max"":""Maximum-force direction and matching reference area are not established; no maximum coefficient is inferred.""}"
"PANEL-CCI-1444","CCI","TPA33R-BU8C","Passive","catalogue","","","","","","","","","","","","","","","Multi-port panel; operating ranges not verified","","","","","","","Public directory snapshot; 2 October 2026","2026-10-02","","","","","https://cciproducts.com/index.php/products/antennas/single-sector-multi-port-antennas?start=95","d01eb719b19233287705d835fbb9d7daf5e80402131cad5daf2cceb392784784","identity: Public multiport listing: exact visible model TPA33R-BU8C","Exact model identity indexed from the public CCI directory. Open Product page for its documents; individual spec sheet and mechanical/RF parameters remain unverified. Directory inclusion does not establish current supply or Australian operator use.","","","","","","","Multi-port panel","https://cciproducts.com/index.php/products/antennas/single-sector-multi-port-antennas/item/1444","","","","","","","","","","","","","","Unavailable","","{""front"":""Exact wind and dimension source pages are not verified."",""side"":""Exact wind and dimension source pages are not verified."",""rear"":""Exact wind and dimension source pages are not verified."",""max"":""Maximum-force direction and matching reference area are not established; no maximum coefficient is inferred.""}"
"PANEL-CCI-1446","CCI","TPA33R-BW8C","Passive","catalogue","","","","","","","","","","","","","","","Multi-port panel; operating ranges not verified","","","","","","","Public directory snapshot; 2 October 2026","2026-10-02","","","","","https://cciproducts.com/index.php/products/antennas/single-sector-multi-port-antennas?start=95","d01eb719b19233287705d835fbb9d7daf5e80402131cad5daf2cceb392784784","identity: Public multiport listing: exact visible model TPA33R-BW8C","Exact model identity indexed from the public CCI directory. Open Product page for its documents; individual spec sheet and mechanical/RF parameters remain unverified. Directory inclusion does not establish current supply or Australian operator use.","","","","","","","Multi-port panel","https://cciproducts.com/index.php/products/antennas/single-sector-multi-port-antennas/item/1446","","","","","","","","","","","","","","Unavailable","","{""front"":""Exact wind and dimension source pages are not verified."",""side"":""Exact wind and dimension source pages are not verified."",""rear"":""Exact wind and dimension source pages are not verified."",""max"":""Maximum-force direction and matching reference area are not established; no maximum coefficient is inferred.""}"
"PANEL-CCI-1445","CCI","TPA33R-KE8C","Passive","datasheet","2389","638","220","52.2","Without mounting kit","","","","","","1.4","","12","4.3-10 Female","698-960 MHz / 1695-2690 MHz","1711","337","","","161","","Revision 1.0; 7 November 2025","2026-10-02","https://cciproducts.com/DsPdf/ds-tpa33rke8c-v1_0-251107.pdf","","3","3","https://cciproducts.com/DsPdf/ds-tpa33rke8c-v1_0-251107.pdf","6505096bd4f88cd3ec16da598c80353dbce74a0082e8906c782c450d5cf64b98","identity: PDF p. 1, exact model heading and printed revision/date; dimensions: PDF p. 3, Dimensions (L × W × D), printed metric values; L mapped to H; mass: PDF p. 3, Weight and weight-exclusion footnote; rf: PDF pp. 2, 3, explicit Ports coverage headers / RF parameters; PDF p. 3, connector count and interface; wind: PDF p. 3, front/side wind loads at 161 km/h and survival inequality; mounting: PDF p. 3, original mounting pole description; epa: PDF p. 3, Effective Projective Area (EPA), Front","Published metric L/W/D values are retained as H/W/D. Wind forces remain at 161 km/h; rear and maximum-direction force not stated. Survival speed is an inequality. Operating ranges follow explicit port coverage, not sampled performance columns. Antenna mass excludes mounting; no shipping mass or unreviewed kit mass adopted. Mounting pole description 2–5 in (5–12 cm) retained; inconsistent rounded equivalents are not an exact adopted metric OD.","","","","","> 241 km/h","","Multi-port panel","https://cciproducts.com/index.php/products/antennas/single-sector-multi-port-antennas/item/1445","","","","","","0.916347791528215","0.523405433466116","","1.225","1.524182","0.52558","","161","Equivalent estimate only","Assumed ρ = 1.225 kg/m³; nominal envelope H × W for front/rear and H × D for side. Manufacturer test density, drag versus resultant force, pole/bracket contribution and true projected area are not confirmed. C = F / (0.5 × ρ × V² × A), V in m/s. This is not manufacturer Cd, EPA/EFPA or a site-design coefficient.","{""rear"":""No positive published rear wind force."",""max"":""Maximum-force direction and matching reference area are not established; no maximum coefficient is inferred.""}"
"PANEL-CCI-1730","CCI","TPA33R-TE6C","Passive","catalogue","","","","","","","","","","","","","","","Multi-port panel; operating ranges not verified","","","","","","","Public directory snapshot; 2 October 2026","2026-10-02","","","","","https://cciproducts.com/index.php/products/antennas/single-sector-multi-port-antennas?start=100","57d7da11bdd461d9440155a5b4ee6d409d0a41f5be61022fdd569e8447170399","identity: Public multiport listing: exact visible model TPA33R-TE6C","Exact model identity indexed from the public CCI directory. Open Product page for its documents; individual spec sheet and mechanical/RF parameters remain unverified. Directory inclusion does not establish current supply or Australian operator use.","","","","","","","Multi-port panel","https://cciproducts.com/index.php/products/antennas/single-sector-multi-port-antennas/item/1730","","","","","","","","","","","","","","Unavailable","","{""front"":""Exact wind and dimension source pages are not verified."",""side"":""Exact wind and dimension source pages are not verified."",""rear"":""Exact wind and dimension source pages are not verified."",""max"":""Maximum-force direction and matching reference area are not established; no maximum coefficient is inferred.""}"
"PANEL-CCI-1441","CCI","TPA33R-TE8C","Passive","catalogue","","","","","","","","","","","","","","","Multi-port panel; operating ranges not verified","","","","","","","Public directory snapshot; 2 October 2026","2026-10-02","","","","","https://cciproducts.com/index.php/products/antennas/single-sector-multi-port-antennas?start=100","57d7da11bdd461d9440155a5b4ee6d409d0a41f5be61022fdd569e8447170399","identity: Public multiport listing: exact visible model TPA33R-TE8C","Exact model identity indexed from the public CCI directory. Open Product page for its documents; individual spec sheet and mechanical/RF parameters remain unverified. Directory inclusion does not establish current supply or Australian operator use.","","","","","","","Multi-port panel","https://cciproducts.com/index.php/products/antennas/single-sector-multi-port-antennas/item/1441","","","","","","","","","","","","","","Unavailable","","{""front"":""Exact wind and dimension source pages are not verified."",""side"":""Exact wind and dimension source pages are not verified."",""rear"":""Exact wind and dimension source pages are not verified."",""max"":""Maximum-force direction and matching reference area are not established; no maximum coefficient is inferred.""}"
"PANEL-CCI-1734","CCI","TPA33R-TU6C","Passive","catalogue","","","","","","","","","","","","","","","Multi-port panel; operating ranges not verified","","","","","","","Public directory snapshot; 2 October 2026","2026-10-02","","","","","https://cciproducts.com/index.php/products/antennas/single-sector-multi-port-antennas?start=100","57d7da11bdd461d9440155a5b4ee6d409d0a41f5be61022fdd569e8447170399","identity: Public multiport listing: exact visible model TPA33R-TU6C","Exact model identity indexed from the public CCI directory. Open Product page for its documents; individual spec sheet and mechanical/RF parameters remain unverified. Directory inclusion does not establish current supply or Australian operator use.","","","","","","","Multi-port panel","https://cciproducts.com/index.php/products/antennas/single-sector-multi-port-antennas/item/1734","","","","","","","","","","","","","","Unavailable","","{""front"":""Exact wind and dimension source pages are not verified."",""side"":""Exact wind and dimension source pages are not verified."",""rear"":""Exact wind and dimension source pages are not verified."",""max"":""Maximum-force direction and matching reference area are not established; no maximum coefficient is inferred.""}"
"PANEL-CCI-1736","CCI","TPA33R-TU8C","Passive","catalogue","","","","","","","","","","","","","","","Multi-port panel; operating ranges not verified","","","","","","","Public directory snapshot; 2 October 2026","2026-10-02","","","","","https://cciproducts.com/index.php/products/antennas/single-sector-multi-port-antennas?start=100","57d7da11bdd461d9440155a5b4ee6d409d0a41f5be61022fdd569e8447170399","identity: Public multiport listing: exact visible model TPA33R-TU8C","Exact model identity indexed from the public CCI directory. Open Product page for its documents; individual spec sheet and mechanical/RF parameters remain unverified. Directory inclusion does not establish current supply or Australian operator use.","","","","","","","Multi-port panel","https://cciproducts.com/index.php/products/antennas/single-sector-multi-port-antennas/item/1736","","","","","","","","","","","","","","Unavailable","","{""front"":""Exact wind and dimension source pages are not verified."",""side"":""Exact wind and dimension source pages are not verified."",""rear"":""Exact wind and dimension source pages are not verified."",""max"":""Maximum-force direction and matching reference area are not established; no maximum coefficient is inferred.""}"
"PANEL-CCI-1630","CCI","TPA45R-BU5B","Passive","catalogue","","","","","","","","","","","","","","","Multi-port panel; operating ranges not verified","","","","","","","Public directory snapshot; 2 October 2026","2026-10-02","","","","","https://cciproducts.com/index.php/products/antennas/single-sector-multi-port-antennas?start=100","57d7da11bdd461d9440155a5b4ee6d409d0a41f5be61022fdd569e8447170399","identity: Public multiport listing: exact visible model TPA45R-BU5B","Exact model identity indexed from the public CCI directory. Open Product page for its documents; individual spec sheet and mechanical/RF parameters remain unverified. Directory inclusion does not establish current supply or Australian operator use.","","","","","","","Multi-port panel","https://cciproducts.com/index.php/products/antennas/single-sector-multi-port-antennas/item/1630","","","","","","","","","","","","","","Unavailable","","{""front"":""Exact wind and dimension source pages are not verified."",""side"":""Exact wind and dimension source pages are not verified."",""rear"":""Exact wind and dimension source pages are not verified."",""max"":""Maximum-force direction and matching reference area are not established; no maximum coefficient is inferred.""}"
"PANEL-CCI-1593","CCI","TPA45R-BU8B","Passive","catalogue","","","","","","","","","","","","","","","Multi-port panel; operating ranges not verified","","","","","","","Public directory snapshot; 2 October 2026","2026-10-02","","","","","https://cciproducts.com/index.php/products/antennas/single-sector-multi-port-antennas?start=105","4276c20248c1ee6f9d23d27e38bdcd1e8dbed7b6cd1ed6b2143559cecc75f735","identity: Public multiport listing: exact visible model TPA45R-BU8B","Exact model identity indexed from the public CCI directory. Open Product page for its documents; individual spec sheet and mechanical/RF parameters remain unverified. Directory inclusion does not establish current supply or Australian operator use.","","","","","","","Multi-port panel","https://cciproducts.com/index.php/products/antennas/single-sector-multi-port-antennas/item/1593","","","","","","","","","","","","","","Unavailable","","{""front"":""Exact wind and dimension source pages are not verified."",""side"":""Exact wind and dimension source pages are not verified."",""rear"":""Exact wind and dimension source pages are not verified."",""max"":""Maximum-force direction and matching reference area are not established; no maximum coefficient is inferred.""}"
"PANEL-CCI-1643","CCI","TPA45R-BW4B","Passive","catalogue","","","","","","","","","","","","","","","Multi-port panel; operating ranges not verified","","","","","","","Public directory snapshot; 2 October 2026","2026-10-02","","","","","https://cciproducts.com/index.php/products/antennas/single-sector-multi-port-antennas?start=105","4276c20248c1ee6f9d23d27e38bdcd1e8dbed7b6cd1ed6b2143559cecc75f735","identity: Public multiport listing: exact visible model TPA45R-BW4B","Exact model identity indexed from the public CCI directory. Open Product page for its documents; individual spec sheet and mechanical/RF parameters remain unverified. Directory inclusion does not establish current supply or Australian operator use.","","","","","","","Multi-port panel","https://cciproducts.com/index.php/products/antennas/single-sector-multi-port-antennas/item/1643","","","","","","","","","","","","","","Unavailable","","{""front"":""Exact wind and dimension source pages are not verified."",""side"":""Exact wind and dimension source pages are not verified."",""rear"":""Exact wind and dimension source pages are not verified."",""max"":""Maximum-force direction and matching reference area are not established; no maximum coefficient is inferred.""}"
"PANEL-CCI-1638","CCI","TPA45R-BW5B","Passive","catalogue","","","","","","","","","","","","","","","Multi-port panel; operating ranges not verified","","","","","","","Public directory snapshot; 2 October 2026","2026-10-02","","","","","https://cciproducts.com/index.php/products/antennas/single-sector-multi-port-antennas?start=105","4276c20248c1ee6f9d23d27e38bdcd1e8dbed7b6cd1ed6b2143559cecc75f735","identity: Public multiport listing: exact visible model TPA45R-BW5B","Exact model identity indexed from the public CCI directory. Open Product page for its documents; individual spec sheet and mechanical/RF parameters remain unverified. Directory inclusion does not establish current supply or Australian operator use.","","","","","","","Multi-port panel","https://cciproducts.com/index.php/products/antennas/single-sector-multi-port-antennas/item/1638","","","","","","","","","","","","","","Unavailable","","{""front"":""Exact wind and dimension source pages are not verified."",""side"":""Exact wind and dimension source pages are not verified."",""rear"":""Exact wind and dimension source pages are not verified."",""max"":""Maximum-force direction and matching reference area are not established; no maximum coefficient is inferred.""}"
"PANEL-CCI-1065","CCI","TPA45R-BW6A","Passive","catalogue","","","","","","","","","","","","","","","Multi-port panel; operating ranges not verified","","","","","","","Public directory snapshot; 2 October 2026","2026-10-02","","","","","https://cciproducts.com/index.php/products/antennas/single-sector-multi-port-antennas?start=105","4276c20248c1ee6f9d23d27e38bdcd1e8dbed7b6cd1ed6b2143559cecc75f735","identity: Public multiport listing: exact visible model TPA45R-BW6A","Exact model identity indexed from the public CCI directory. Open Product page for its documents; individual spec sheet and mechanical/RF parameters remain unverified. Directory inclusion does not establish current supply or Australian operator use.","","","","","","","Multi-port panel","https://cciproducts.com/index.php/products/antennas/single-sector-multi-port-antennas/item/1065","","","","","","","","","","","","","","Unavailable","","{""front"":""Exact wind and dimension source pages are not verified."",""side"":""Exact wind and dimension source pages are not verified."",""rear"":""Exact wind and dimension source pages are not verified."",""max"":""Maximum-force direction and matching reference area are not established; no maximum coefficient is inferred.""}"
"PANEL-CCI-1582","CCI","TPA45R-BW6B","Passive","catalogue","","","","","","","","","","","","","","","Multi-port panel; operating ranges not verified","","","","","","","Public directory snapshot; 2 October 2026","2026-10-02","","","","","https://cciproducts.com/index.php/products/antennas/single-sector-multi-port-antennas?start=105","4276c20248c1ee6f9d23d27e38bdcd1e8dbed7b6cd1ed6b2143559cecc75f735","identity: Public multiport listing: exact visible model TPA45R-BW6B","Exact model identity indexed from the public CCI directory. Open Product page for its documents; individual spec sheet and mechanical/RF parameters remain unverified. Directory inclusion does not establish current supply or Australian operator use.","","","","","","","Multi-port panel","https://cciproducts.com/index.php/products/antennas/single-sector-multi-port-antennas/item/1582","","","","","","","","","","","","","","Unavailable","","{""front"":""Exact wind and dimension source pages are not verified."",""side"":""Exact wind and dimension source pages are not verified."",""rear"":""Exact wind and dimension source pages are not verified."",""max"":""Maximum-force direction and matching reference area are not established; no maximum coefficient is inferred.""}"
"PANEL-CCI-798","CCI","TPA45R-BW8A","Passive","catalogue","","","","","","","","","","","","","","","Multi-port panel; operating ranges not verified","","","","","","","Public directory snapshot; 2 October 2026","2026-10-02","","","","","https://cciproducts.com/index.php/products/antennas/single-sector-multi-port-antennas?start=110","07ac424ddd62709f4aaf68f7dfbae57d99df2660e5610146f6dd20a38753bee0","identity: Public multiport listing: exact visible model TPA45R-BW8A","Exact model identity indexed from the public CCI directory. Open Product page for its documents; individual spec sheet and mechanical/RF parameters remain unverified. Directory inclusion does not establish current supply or Australian operator use.","","","","","","","Multi-port panel","https://cciproducts.com/index.php/products/antennas/single-sector-multi-port-antennas/item/798","","","","","","","","","","","","","","Unavailable","","{""front"":""Exact wind and dimension source pages are not verified."",""side"":""Exact wind and dimension source pages are not verified."",""rear"":""Exact wind and dimension source pages are not verified."",""max"":""Maximum-force direction and matching reference area are not established; no maximum coefficient is inferred.""}"
"PANEL-CCI-1595","CCI","TPA45R-BW8B","Passive","catalogue","","","","","","","","","","","","","","","Multi-port panel; operating ranges not verified","","","","","","","Public directory snapshot; 2 October 2026","2026-10-02","","","","","https://cciproducts.com/index.php/products/antennas/single-sector-multi-port-antennas?start=110","07ac424ddd62709f4aaf68f7dfbae57d99df2660e5610146f6dd20a38753bee0","identity: Public multiport listing: exact visible model TPA45R-BW8B","Exact model identity indexed from the public CCI directory. Open Product page for its documents; individual spec sheet and mechanical/RF parameters remain unverified. Directory inclusion does not establish current supply or Australian operator use.","","","","","","","Multi-port panel","https://cciproducts.com/index.php/products/antennas/single-sector-multi-port-antennas/item/1595","","","","","","","","","","","","","","Unavailable","","{""front"":""Exact wind and dimension source pages are not verified."",""side"":""Exact wind and dimension source pages are not verified."",""rear"":""Exact wind and dimension source pages are not verified."",""max"":""Maximum-force direction and matching reference area are not established; no maximum coefficient is inferred.""}"
"PANEL-CCI-1025","CCI","TPA45R-GU6A","Passive","catalogue","","","","","","","","","","","","","","","Multi-port panel; operating ranges not verified","","","","","","","Public directory snapshot; 2 October 2026","2026-10-02","","","","","https://cciproducts.com/index.php/products/antennas/single-sector-multi-port-antennas?start=110","07ac424ddd62709f4aaf68f7dfbae57d99df2660e5610146f6dd20a38753bee0","identity: Public multiport listing: exact visible model TPA45R-GU6A","Exact model identity indexed from the public CCI directory. Open Product page for its documents; individual spec sheet and mechanical/RF parameters remain unverified. Directory inclusion does not establish current supply or Australian operator use.","","","","","","","Multi-port panel","https://cciproducts.com/index.php/products/antennas/single-sector-multi-port-antennas/item/1025","","","","","","","","","","","","","","Unavailable","","{""front"":""Exact wind and dimension source pages are not verified."",""side"":""Exact wind and dimension source pages are not verified."",""rear"":""Exact wind and dimension source pages are not verified."",""max"":""Maximum-force direction and matching reference area are not established; no maximum coefficient is inferred.""}"
"PANEL-CCI-1575","CCI","TPA45R-KE6B","Passive","catalogue","","","","","","","","","","","","","","","Multi-port panel; operating ranges not verified","","","","","","","Public directory snapshot; 2 October 2026","2026-10-02","","","","","https://cciproducts.com/index.php/products/antennas/single-sector-multi-port-antennas?start=110","07ac424ddd62709f4aaf68f7dfbae57d99df2660e5610146f6dd20a38753bee0","identity: Public multiport listing: exact visible model TPA45R-KE6B","Exact model identity indexed from the public CCI directory. Open Product page for its documents; individual spec sheet and mechanical/RF parameters remain unverified. Directory inclusion does not establish current supply or Australian operator use.","","","","","","","Multi-port panel","https://cciproducts.com/index.php/products/antennas/single-sector-multi-port-antennas/item/1575","","","","","","","","","","","","","","Unavailable","","{""front"":""Exact wind and dimension source pages are not verified."",""side"":""Exact wind and dimension source pages are not verified."",""rear"":""Exact wind and dimension source pages are not verified."",""max"":""Maximum-force direction and matching reference area are not established; no maximum coefficient is inferred.""}"
"PANEL-CCI-1108","CCI","TPA45R-KE8A","Passive","catalogue","","","","","","","","","","","","","","","Multi-port panel; operating ranges not verified","","","","","","","Public directory snapshot; 2 October 2026","2026-10-02","","","","","https://cciproducts.com/index.php/products/antennas/single-sector-multi-port-antennas?start=110","07ac424ddd62709f4aaf68f7dfbae57d99df2660e5610146f6dd20a38753bee0","identity: Public multiport listing: exact visible model TPA45R-KE8A","Exact model identity indexed from the public CCI directory. Open Product page for its documents; individual spec sheet and mechanical/RF parameters remain unverified. Directory inclusion does not establish current supply or Australian operator use.","","","","","","","Multi-port panel","https://cciproducts.com/index.php/products/antennas/single-sector-multi-port-antennas/item/1108","","","","","","","","","","","","","","Unavailable","","{""front"":""Exact wind and dimension source pages are not verified."",""side"":""Exact wind and dimension source pages are not verified."",""rear"":""Exact wind and dimension source pages are not verified."",""max"":""Maximum-force direction and matching reference area are not established; no maximum coefficient is inferred.""}"
"PANEL-CCI-1604","CCI","TPA45R-KE8B","Passive","catalogue","","","","","","","","","","","","","","","Multi-port panel; operating ranges not verified","","","","","","","Public directory snapshot; 2 October 2026","2026-10-02","","","","","https://cciproducts.com/index.php/products/antennas/single-sector-multi-port-antennas?start=115","dafc0db59871d9e4360641626bffb4e9012e60db11d634d59c75656b49fd91e1","identity: Public multiport listing: exact visible model TPA45R-KE8B","Exact model identity indexed from the public CCI directory. Open Product page for its documents; individual spec sheet and mechanical/RF parameters remain unverified. Directory inclusion does not establish current supply or Australian operator use.","","","","","","","Multi-port panel","https://cciproducts.com/index.php/products/antennas/single-sector-multi-port-antennas/item/1604","","","","","","","","","","","","","","Unavailable","","{""front"":""Exact wind and dimension source pages are not verified."",""side"":""Exact wind and dimension source pages are not verified."",""rear"":""Exact wind and dimension source pages are not verified."",""max"":""Maximum-force direction and matching reference area are not established; no maximum coefficient is inferred.""}"
"PANEL-CCI-1381","CCI","TPA45R-KU6A","Passive","catalogue","","","","","","","","","","","","","","","Multi-port panel; operating ranges not verified","","","","","","","Public directory snapshot; 2 October 2026","2026-10-02","","","","","https://cciproducts.com/index.php/products/antennas/single-sector-multi-port-antennas?start=115","dafc0db59871d9e4360641626bffb4e9012e60db11d634d59c75656b49fd91e1","identity: Public multiport listing: exact visible model TPA45R-KU6A","Exact model identity indexed from the public CCI directory. Open Product page for its documents; individual spec sheet and mechanical/RF parameters remain unverified. Directory inclusion does not establish current supply or Australian operator use.","","","","","","","Multi-port panel","https://cciproducts.com/index.php/products/antennas/single-sector-multi-port-antennas/item/1381","","","","","","","","","","","","","","Unavailable","","{""front"":""Exact wind and dimension source pages are not verified."",""side"":""Exact wind and dimension source pages are not verified."",""rear"":""Exact wind and dimension source pages are not verified."",""max"":""Maximum-force direction and matching reference area are not established; no maximum coefficient is inferred.""}"
"PANEL-CCI-921","CCI","TPA45R-KU8A","Passive","catalogue","","","","","","","","","","","","","","","Multi-port panel; operating ranges not verified","","","","","","","Public directory snapshot; 2 October 2026","2026-10-02","","","","","https://cciproducts.com/index.php/products/antennas/single-sector-multi-port-antennas?start=115","dafc0db59871d9e4360641626bffb4e9012e60db11d634d59c75656b49fd91e1","identity: Public multiport listing: exact visible model TPA45R-KU8A","Exact model identity indexed from the public CCI directory. Open Product page for its documents; individual spec sheet and mechanical/RF parameters remain unverified. Directory inclusion does not establish current supply or Australian operator use.","","","","","","","Multi-port panel","https://cciproducts.com/index.php/products/antennas/single-sector-multi-port-antennas/item/921","","","","","","","","","","","","","","Unavailable","","{""front"":""Exact wind and dimension source pages are not verified."",""side"":""Exact wind and dimension source pages are not verified."",""rear"":""Exact wind and dimension source pages are not verified."",""max"":""Maximum-force direction and matching reference area are not established; no maximum coefficient is inferred.""}"
"PANEL-CCI-1759","CCI","TPA45R-TU6B","Passive","catalogue","","","","","","","","","","","","","","","Multi-port panel; operating ranges not verified","","","","","","","Public directory snapshot; 2 October 2026","2026-10-02","","","","","https://cciproducts.com/index.php/products/antennas/single-sector-multi-port-antennas?start=115","dafc0db59871d9e4360641626bffb4e9012e60db11d634d59c75656b49fd91e1","identity: Public multiport listing: exact visible model TPA45R-TU6B","Exact model identity indexed from the public CCI directory. Open Product page for its documents; individual spec sheet and mechanical/RF parameters remain unverified. Directory inclusion does not establish current supply or Australian operator use.","","","","","","","Multi-port panel","https://cciproducts.com/index.php/products/antennas/single-sector-multi-port-antennas/item/1759","","","","","","","","","","","","","","Unavailable","","{""front"":""Exact wind and dimension source pages are not verified."",""side"":""Exact wind and dimension source pages are not verified."",""rear"":""Exact wind and dimension source pages are not verified."",""max"":""Maximum-force direction and matching reference area are not established; no maximum coefficient is inferred.""}"
"PANEL-CCI-1758","CCI","TPA45R-TU8B","Passive","catalogue","","","","","","","","","","","","","","","Multi-port panel; operating ranges not verified","","","","","","","Public directory snapshot; 2 October 2026","2026-10-02","","","","","https://cciproducts.com/index.php/products/antennas/single-sector-multi-port-antennas?start=115","dafc0db59871d9e4360641626bffb4e9012e60db11d634d59c75656b49fd91e1","identity: Public multiport listing: exact visible model TPA45R-TU8B","Exact model identity indexed from the public CCI directory. Open Product page for its documents; individual spec sheet and mechanical/RF parameters remain unverified. Directory inclusion does not establish current supply or Australian operator use.","","","","","","","Multi-port panel","https://cciproducts.com/index.php/products/antennas/single-sector-multi-port-antennas/item/1758","","","","","","","","","","","","","","Unavailable","","{""front"":""Exact wind and dimension source pages are not verified."",""side"":""Exact wind and dimension source pages are not verified."",""rear"":""Exact wind and dimension source pages are not verified."",""max"":""Maximum-force direction and matching reference area are not established; no maximum coefficient is inferred.""}"
"PANEL-CCI-1121","CCI","TPA65R-BU4D","Passive","catalogue","","","","","","","","","","","","","","","Multi-port panel; operating ranges not verified","","","","","","","Public directory snapshot; 2 October 2026","2026-10-02","","","","","https://cciproducts.com/index.php/products/antennas/single-sector-multi-port-antennas?start=120","c7e54f3715a04d0a6eddd46193e8882adaa267e23c1f8c8fc23f7cd1c351592c","identity: Public multiport listing: exact visible model TPA65R-BU4D","Exact model identity indexed from the public CCI directory. Open Product page for its documents; individual spec sheet and mechanical/RF parameters remain unverified. Directory inclusion does not establish current supply or Australian operator use.","","","","","","","Multi-port panel","https://cciproducts.com/index.php/products/antennas/single-sector-multi-port-antennas/item/1121","","","","","","","","","","","","","","Unavailable","","{""front"":""Exact wind and dimension source pages are not verified."",""side"":""Exact wind and dimension source pages are not verified."",""rear"":""Exact wind and dimension source pages are not verified."",""max"":""Maximum-force direction and matching reference area are not established; no maximum coefficient is inferred.""}"
"PANEL-CCI-1515","CCI","TPA65R-BU5D","Passive","catalogue","","","","","","","","","","","","","","","Multi-port panel; operating ranges not verified","","","","","","","Public directory snapshot; 2 October 2026","2026-10-02","","","","","https://cciproducts.com/index.php/products/antennas/single-sector-multi-port-antennas?start=120","c7e54f3715a04d0a6eddd46193e8882adaa267e23c1f8c8fc23f7cd1c351592c","identity: Public multiport listing: exact visible model TPA65R-BU5D","Exact model identity indexed from the public CCI directory. Open Product page for its documents; individual spec sheet and mechanical/RF parameters remain unverified. Directory inclusion does not establish current supply or Australian operator use.","","","","","","","Multi-port panel","https://cciproducts.com/index.php/products/antennas/single-sector-multi-port-antennas/item/1515","","","","","","","","","","","","","","Unavailable","","{""front"":""Exact wind and dimension source pages are not verified."",""side"":""Exact wind and dimension source pages are not verified."",""rear"":""Exact wind and dimension source pages are not verified."",""max"":""Maximum-force direction and matching reference area are not established; no maximum coefficient is inferred.""}"
"PANEL-CCI-1505","CCI","TPA65R-BU6Dv2","Passive","catalogue","","","","","","","","","","","","","","","Multi-port panel; operating ranges not verified","","","","","","","Public directory snapshot; 2 October 2026","2026-10-02","","","","","https://cciproducts.com/index.php/products/antennas/single-sector-multi-port-antennas?start=120","c7e54f3715a04d0a6eddd46193e8882adaa267e23c1f8c8fc23f7cd1c351592c","identity: Public multiport listing: exact visible model TPA65R-BU6Dv2","Exact model identity indexed from the public CCI directory. Open Product page for its documents; individual spec sheet and mechanical/RF parameters remain unverified. Directory inclusion does not establish current supply or Australian operator use.","","","","","","","Multi-port panel","https://cciproducts.com/index.php/products/antennas/single-sector-multi-port-antennas/item/1505","","","","","","","","","","","","","","Unavailable","","{""front"":""Exact wind and dimension source pages are not verified."",""side"":""Exact wind and dimension source pages are not verified."",""rear"":""Exact wind and dimension source pages are not verified."",""max"":""Maximum-force direction and matching reference area are not established; no maximum coefficient is inferred.""}"
"PANEL-CCI-1565","CCI","TPA65R-BU6G","Passive","catalogue","","","","","","","","","","","","","","","Multi-port panel; operating ranges not verified","","","","","","","Public directory snapshot; 2 October 2026","2026-10-02","","","","","https://cciproducts.com/index.php/products/antennas/single-sector-multi-port-antennas?start=120","c7e54f3715a04d0a6eddd46193e8882adaa267e23c1f8c8fc23f7cd1c351592c","identity: Public multiport listing: exact visible model TPA65R-BU6G","Exact model identity indexed from the public CCI directory. Open Product page for its documents; individual spec sheet and mechanical/RF parameters remain unverified. Directory inclusion does not establish current supply or Australian operator use.","","","","","","","Multi-port panel","https://cciproducts.com/index.php/products/antennas/single-sector-multi-port-antennas/item/1565","","","","","","","","","","","","","","Unavailable","","{""front"":""Exact wind and dimension source pages are not verified."",""side"":""Exact wind and dimension source pages are not verified."",""rear"":""Exact wind and dimension source pages are not verified."",""max"":""Maximum-force direction and matching reference area are not established; no maximum coefficient is inferred.""}"
"PANEL-CCI-755","CCI","TPA65R-BU8A","Passive","catalogue","","","","","","","","","","","","","","","Multi-port panel; operating ranges not verified","","","","","","","Public directory snapshot; 2 October 2026","2026-10-02","","","","","https://cciproducts.com/index.php/products/antennas/single-sector-multi-port-antennas?start=120","c7e54f3715a04d0a6eddd46193e8882adaa267e23c1f8c8fc23f7cd1c351592c","identity: Public multiport listing: exact visible model TPA65R-BU8A","Exact model identity indexed from the public CCI directory. Open Product page for its documents; individual spec sheet and mechanical/RF parameters remain unverified. Directory inclusion does not establish current supply or Australian operator use.","","","","","","","Multi-port panel","https://cciproducts.com/index.php/products/antennas/single-sector-multi-port-antennas/item/755","","","","","","","","","","","","","","Unavailable","","{""front"":""Exact wind and dimension source pages are not verified."",""side"":""Exact wind and dimension source pages are not verified."",""rear"":""Exact wind and dimension source pages are not verified."",""max"":""Maximum-force direction and matching reference area are not established; no maximum coefficient is inferred.""}"
"PANEL-CCI-1587","CCI","TPA65R-BU8Dv2","Passive","catalogue","","","","","","","","","","","","","","","Multi-port panel; operating ranges not verified","","","","","","","Public directory snapshot; 2 October 2026","2026-10-02","","","","","https://cciproducts.com/index.php/products/antennas/single-sector-multi-port-antennas?start=125","c51de4a0a6449af1dac15d270250e4492ff7df668c1de21436750f0b9cc2891d","identity: Public multiport listing: exact visible model TPA65R-BU8Dv2","Exact model identity indexed from the public CCI directory. Open Product page for its documents; individual spec sheet and mechanical/RF parameters remain unverified. Directory inclusion does not establish current supply or Australian operator use.","","","","","","","Multi-port panel","https://cciproducts.com/index.php/products/antennas/single-sector-multi-port-antennas/item/1587","","","","","","","","","","","","","","Unavailable","","{""front"":""Exact wind and dimension source pages are not verified."",""side"":""Exact wind and dimension source pages are not verified."",""rear"":""Exact wind and dimension source pages are not verified."",""max"":""Maximum-force direction and matching reference area are not established; no maximum coefficient is inferred.""}"
"PANEL-CCI-1574","CCI","TPA65R-BU8G","Passive","catalogue","","","","","","","","","","","","","","","Multi-port panel; operating ranges not verified","","","","","","","Public directory snapshot; 2 October 2026","2026-10-02","","","","","https://cciproducts.com/index.php/products/antennas/single-sector-multi-port-antennas?start=125","c51de4a0a6449af1dac15d270250e4492ff7df668c1de21436750f0b9cc2891d","identity: Public multiport listing: exact visible model TPA65R-BU8G","Exact model identity indexed from the public CCI directory. Open Product page for its documents; individual spec sheet and mechanical/RF parameters remain unverified. Directory inclusion does not establish current supply or Australian operator use.","","","","","","","Multi-port panel","https://cciproducts.com/index.php/products/antennas/single-sector-multi-port-antennas/item/1574","","","","","","","","","","","","","","Unavailable","","{""front"":""Exact wind and dimension source pages are not verified."",""side"":""Exact wind and dimension source pages are not verified."",""rear"":""Exact wind and dimension source pages are not verified."",""max"":""Maximum-force direction and matching reference area are not established; no maximum coefficient is inferred.""}"
"PANEL-CCI-1055","CCI","TPA65R-BW4D","Passive","catalogue","","","","","","","","","","","","","","","Multi-port panel; operating ranges not verified","","","","","","","Public directory snapshot; 2 October 2026","2026-10-02","","","","","https://cciproducts.com/index.php/products/antennas/single-sector-multi-port-antennas?start=125","c51de4a0a6449af1dac15d270250e4492ff7df668c1de21436750f0b9cc2891d","identity: Public multiport listing: exact visible model TPA65R-BW4D","Exact model identity indexed from the public CCI directory. Open Product page for its documents; individual spec sheet and mechanical/RF parameters remain unverified. Directory inclusion does not establish current supply or Australian operator use.","","","","","","","Multi-port panel","https://cciproducts.com/index.php/products/antennas/single-sector-multi-port-antennas/item/1055","","","","","","","","","","","","","","Unavailable","","{""front"":""Exact wind and dimension source pages are not verified."",""side"":""Exact wind and dimension source pages are not verified."",""rear"":""Exact wind and dimension source pages are not verified."",""max"":""Maximum-force direction and matching reference area are not established; no maximum coefficient is inferred.""}"
"PANEL-CCI-1203","CCI","TPA65R-BW6D","Passive","catalogue","","","","","","","","","","","","","","","Multi-port panel; operating ranges not verified","","","","","","","Public directory snapshot; 2 October 2026","2026-10-02","","","","","https://cciproducts.com/index.php/products/antennas/single-sector-multi-port-antennas?start=125","c51de4a0a6449af1dac15d270250e4492ff7df668c1de21436750f0b9cc2891d","identity: Public multiport listing: exact visible model TPA65R-BW6D","Exact model identity indexed from the public CCI directory. Open Product page for its documents; individual spec sheet and mechanical/RF parameters remain unverified. Directory inclusion does not establish current supply or Australian operator use.","","","","","","","Multi-port panel","https://cciproducts.com/index.php/products/antennas/single-sector-multi-port-antennas/item/1203","","","","","","","","","","","","","","Unavailable","","{""front"":""Exact wind and dimension source pages are not verified."",""side"":""Exact wind and dimension source pages are not verified."",""rear"":""Exact wind and dimension source pages are not verified."",""max"":""Maximum-force direction and matching reference area are not established; no maximum coefficient is inferred.""}"
"PANEL-CCI-1057","CCI","TPA65R-BW8D","Passive","catalogue","","","","","","","","","","","","","","","Multi-port panel; operating ranges not verified","","","","","","","Public directory snapshot; 2 October 2026","2026-10-02","","","","","https://cciproducts.com/index.php/products/antennas/single-sector-multi-port-antennas?start=125","c51de4a0a6449af1dac15d270250e4492ff7df668c1de21436750f0b9cc2891d","identity: Public multiport listing: exact visible model TPA65R-BW8D","Exact model identity indexed from the public CCI directory. Open Product page for its documents; individual spec sheet and mechanical/RF parameters remain unverified. Directory inclusion does not establish current supply or Australian operator use.","","","","","","","Multi-port panel","https://cciproducts.com/index.php/products/antennas/single-sector-multi-port-antennas/item/1057","","","","","","","","","","","","","","Unavailable","","{""front"":""Exact wind and dimension source pages are not verified."",""side"":""Exact wind and dimension source pages are not verified."",""rear"":""Exact wind and dimension source pages are not verified."",""max"":""Maximum-force direction and matching reference area are not established; no maximum coefficient is inferred.""}"
"PANEL-CCI-911","CCI","TPA65R-GE4A","Passive","catalogue","","","","","","","","","","","","","","","Multi-port panel; operating ranges not verified","","","","","","","Public directory snapshot; 2 October 2026","2026-10-02","","","","","https://cciproducts.com/index.php/products/antennas/single-sector-multi-port-antennas?start=130","714f25ac0148c7f5ea781a7d32f7dce0a62e26d3470bf9bc51e735e9b48c8d29","identity: Public multiport listing: exact visible model TPA65R-GE4A","Exact model identity indexed from the public CCI directory. Open Product page for its documents; individual spec sheet and mechanical/RF parameters remain unverified. Directory inclusion does not establish current supply or Australian operator use.","","","","","","","Multi-port panel","https://cciproducts.com/index.php/products/antennas/single-sector-multi-port-antennas/item/911","","","","","","","","","","","","","","Unavailable","","{""front"":""Exact wind and dimension source pages are not verified."",""side"":""Exact wind and dimension source pages are not verified."",""rear"":""Exact wind and dimension source pages are not verified."",""max"":""Maximum-force direction and matching reference area are not established; no maximum coefficient is inferred.""}"
"PANEL-CCI-845","CCI","TPA65R-GE6A","Passive","catalogue","","","","","","","","","","","","","","","Multi-port panel; operating ranges not verified","","","","","","","Public directory snapshot; 2 October 2026","2026-10-02","","","","","https://cciproducts.com/index.php/products/antennas/single-sector-multi-port-antennas?start=130","714f25ac0148c7f5ea781a7d32f7dce0a62e26d3470bf9bc51e735e9b48c8d29","identity: Public multiport listing: exact visible model TPA65R-GE6A","Exact model identity indexed from the public CCI directory. Open Product page for its documents; individual spec sheet and mechanical/RF parameters remain unverified. Directory inclusion does not establish current supply or Australian operator use.","","","","","","","Multi-port panel","https://cciproducts.com/index.php/products/antennas/single-sector-multi-port-antennas/item/845","","","","","","","","","","","","","","Unavailable","","{""front"":""Exact wind and dimension source pages are not verified."",""side"":""Exact wind and dimension source pages are not verified."",""rear"":""Exact wind and dimension source pages are not verified."",""max"":""Maximum-force direction and matching reference area are not established; no maximum coefficient is inferred.""}"
"PANEL-CCI-967","CCI","TPA65R-GE8A","Passive","catalogue","","","","","","","","","","","","","","","Multi-port panel; operating ranges not verified","","","","","","","Public directory snapshot; 2 October 2026","2026-10-02","","","","","https://cciproducts.com/index.php/products/antennas/single-sector-multi-port-antennas?start=130","714f25ac0148c7f5ea781a7d32f7dce0a62e26d3470bf9bc51e735e9b48c8d29","identity: Public multiport listing: exact visible model TPA65R-GE8A","Exact model identity indexed from the public CCI directory. Open Product page for its documents; individual spec sheet and mechanical/RF parameters remain unverified. Directory inclusion does not establish current supply or Australian operator use.","","","","","","","Multi-port panel","https://cciproducts.com/index.php/products/antennas/single-sector-multi-port-antennas/item/967","","","","","","","","","","","","","","Unavailable","","{""front"":""Exact wind and dimension source pages are not verified."",""side"":""Exact wind and dimension source pages are not verified."",""rear"":""Exact wind and dimension source pages are not verified."",""max"":""Maximum-force direction and matching reference area are not established; no maximum coefficient is inferred.""}"
"PANEL-CCI-828","CCI","TPA65R-GU6A","Passive","catalogue","","","","","","","","","","","","","","","Multi-port panel; operating ranges not verified","","","","","","","Public directory snapshot; 2 October 2026","2026-10-02","","","","","https://cciproducts.com/index.php/products/antennas/single-sector-multi-port-antennas?start=130","714f25ac0148c7f5ea781a7d32f7dce0a62e26d3470bf9bc51e735e9b48c8d29","identity: Public multiport listing: exact visible model TPA65R-GU6A","Exact model identity indexed from the public CCI directory. Open Product page for its documents; individual spec sheet and mechanical/RF parameters remain unverified. Directory inclusion does not establish current supply or Australian operator use.","","","","","","","Multi-port panel","https://cciproducts.com/index.php/products/antennas/single-sector-multi-port-antennas/item/828","","","","","","","","","","","","","","Unavailable","","{""front"":""Exact wind and dimension source pages are not verified."",""side"":""Exact wind and dimension source pages are not verified."",""rear"":""Exact wind and dimension source pages are not verified."",""max"":""Maximum-force direction and matching reference area are not established; no maximum coefficient is inferred.""}"
"PANEL-CCI-734","CCI","TPA65R-KE4B","Passive","catalogue","","","","","","","","","","","","","","","Multi-port panel; operating ranges not verified","","","","","","","Public directory snapshot; 2 October 2026","2026-10-02","","","","","https://cciproducts.com/index.php/products/antennas/single-sector-multi-port-antennas?start=130","714f25ac0148c7f5ea781a7d32f7dce0a62e26d3470bf9bc51e735e9b48c8d29","identity: Public multiport listing: exact visible model TPA65R-KE4B","Exact model identity indexed from the public CCI directory. Open Product page for its documents; individual spec sheet and mechanical/RF parameters remain unverified. Directory inclusion does not establish current supply or Australian operator use.","","","","","","","Multi-port panel","https://cciproducts.com/index.php/products/antennas/single-sector-multi-port-antennas/item/734","","","","","","","","","","","","","","Unavailable","","{""front"":""Exact wind and dimension source pages are not verified."",""side"":""Exact wind and dimension source pages are not verified."",""rear"":""Exact wind and dimension source pages are not verified."",""max"":""Maximum-force direction and matching reference area are not established; no maximum coefficient is inferred.""}"
"PANEL-CCI-1360","CCI","TPA65R-KE4D","Passive","catalogue","","","","","","","","","","","","","","","Multi-port panel; operating ranges not verified","","","","","","","Public directory snapshot; 2 October 2026","2026-10-02","","","","","https://cciproducts.com/index.php/products/antennas/single-sector-multi-port-antennas?start=135","e2ec729eae44a24b1bccd450a5f8d07d5aa4db3181a1e32d608ebfd4b16ef788","identity: Public multiport listing: exact visible model TPA65R-KE4D","Exact model identity indexed from the public CCI directory. Open Product page for its documents; individual spec sheet and mechanical/RF parameters remain unverified. Directory inclusion does not establish current supply or Australian operator use.","","","","","","","Multi-port panel","https://cciproducts.com/index.php/products/antennas/single-sector-multi-port-antennas/item/1360","","","","","","","","","","","","","","Unavailable","","{""front"":""Exact wind and dimension source pages are not verified."",""side"":""Exact wind and dimension source pages are not verified."",""rear"":""Exact wind and dimension source pages are not verified."",""max"":""Maximum-force direction and matching reference area are not established; no maximum coefficient is inferred.""}"
"PANEL-CCI-1514","CCI","TPA65R-KE5D","Passive","catalogue","","","","","","","","","","","","","","","Multi-port panel; operating ranges not verified","","","","","","","Public directory snapshot; 2 October 2026","2026-10-02","","","","","https://cciproducts.com/index.php/products/antennas/single-sector-multi-port-antennas?start=135","e2ec729eae44a24b1bccd450a5f8d07d5aa4db3181a1e32d608ebfd4b16ef788","identity: Public multiport listing: exact visible model TPA65R-KE5D","Exact model identity indexed from the public CCI directory. Open Product page for its documents; individual spec sheet and mechanical/RF parameters remain unverified. Directory inclusion does not establish current supply or Australian operator use.","","","","","","","Multi-port panel","https://cciproducts.com/index.php/products/antennas/single-sector-multi-port-antennas/item/1514","","","","","","","","","","","","","","Unavailable","","{""front"":""Exact wind and dimension source pages are not verified."",""side"":""Exact wind and dimension source pages are not verified."",""rear"":""Exact wind and dimension source pages are not verified."",""max"":""Maximum-force direction and matching reference area are not established; no maximum coefficient is inferred.""}"
"PANEL-CCI-704","CCI","TPA65R-KE6A","Passive","catalogue","","","","","","","","","","","","","","","Multi-port panel; operating ranges not verified","","","","","","","Public directory snapshot; 2 October 2026","2026-10-02","","","","","https://cciproducts.com/index.php/products/antennas/single-sector-multi-port-antennas?start=135","e2ec729eae44a24b1bccd450a5f8d07d5aa4db3181a1e32d608ebfd4b16ef788","identity: Public multiport listing: exact visible model TPA65R-KE6A","Exact model identity indexed from the public CCI directory. Open Product page for its documents; individual spec sheet and mechanical/RF parameters remain unverified. Directory inclusion does not establish current supply or Australian operator use.","","","","","","","Multi-port panel","https://cciproducts.com/index.php/products/antennas/single-sector-multi-port-antennas/item/704","","","","","","","","","","","","","","Unavailable","","{""front"":""Exact wind and dimension source pages are not verified."",""side"":""Exact wind and dimension source pages are not verified."",""rear"":""Exact wind and dimension source pages are not verified."",""max"":""Maximum-force direction and matching reference area are not established; no maximum coefficient is inferred.""}"
"PANEL-CCI-1361","CCI","TPA65R-KE6D","Passive","datasheet","1808","525","197","31","Without mounting kit","","","","","","","","12","4.3-10 Female","698-960 MHz / 1695-2690 MHz","1446","642","","","161","","Revision 1.5; 2 July 2021","2026-10-02","https://cciproducts.com/DsPdf/ds-tpa65rke6d-v1_5-210702.pdf","","3","3","https://cciproducts.com/DsPdf/ds-tpa65rke6d-v1_5-210702.pdf","619d74ad84757bf67c4fbf1b2831a1c25cea515ef73cef9c3c30debdcd6667e1","identity: PDF p. 1, exact printed model; dimensions: PDF p. 3, antenna dimensions; mass: PDF p. 3, antenna weight and footnote; wind: PDF p. 3, mechanical wind values / stated reference speed; rf: PDF pp. 1-3, explicit Ports coverage headers; mechanical connector count; efpa: PDF p. 3, Equivalent Flat Plate Area; mounting: PDF p. 3, Mounting Pole: 2 to 5 in (5 to 12 cm), rounded source description","Wind forces retain 100 mph (161 km/h); no derived rear or maximum force. Published Equivalent Flat Plate Area is distinct from EPA. Mounting Pole 2 to 5 in (5 to 12 cm) is retained as a rounded source description; no synthetic precise mm limits. Separate RET mass is not mounting-kit mass. No Australian use inferred.","","","","","> 241 km/h","","Multi-port panel","https://cciproducts.com/index.php/products/antennas/single-sector-multi-port-antennas/item/1361","1.2","","","","","1.243534159907082","1.4713552126878346","","1.225","0.9492","0.356176","","161","Equivalent estimate only","Assumed ρ = 1.225 kg/m³; nominal envelope H × W for front/rear and H × D for side. Manufacturer test density, drag versus resultant force, pole/bracket contribution and true projected area are not confirmed. C = F / (0.5 × ρ × V² × A), V in m/s. This is not manufacturer Cd, EPA/EFPA or a site-design coefficient.","{""rear"":""No positive published rear wind force."",""max"":""Maximum-force direction and matching reference area are not established; no maximum coefficient is inferred.""}"
"PANEL-CCI-1503","CCI","TPA65R-KE6Dv2","Passive","datasheet","1808","525","197","31","Without mounting kit","","","","","","0.9","","12","4.3-10 Female","698-960 MHz / 1695-2690 MHz","1085","241","","","161","","Revision 1.0; 7 October 2022","2026-10-02","https://cciproducts.com/DsPdf/ds-tpa65rke6dv2-v1_0-221007.pdf","","4","4","https://cciproducts.com/DsPdf/ds-tpa65rke6dv2-v1_0-221007.pdf","4d7993272ea292861b8e1c09cf14538e2c12926f92cde73ad46b85937ac65856","identity: PDF p. 1, exact model heading and printed revision/date; dimensions: PDF p. 4, Dimensions (L × W × D), printed metric values; L mapped to H; mass: PDF p. 4, Weight and weight-exclusion footnote; rf: PDF pp. 2, 3, explicit Ports coverage headers / RF parameters; PDF p. 4, connector count and interface; wind: PDF p. 4, front/side wind loads at 161 km/h and survival inequality; mounting: PDF p. 4, original mounting pole description; epa: PDF p. 4, Effective Projective Area (EPA), Front","Published metric L/W/D values are retained as H/W/D. Wind forces remain at 161 km/h; rear and maximum-direction force not stated. Survival speed is an inequality. Operating ranges follow explicit port coverage, not sampled performance columns. Antenna mass excludes mounting; no shipping mass or unreviewed kit mass adopted. Mounting pole description 2–5 in (5–12 cm) retained; inconsistent rounded equivalents are not an exact adopted metric OD.","","","","","> 241 km/h","","Multi-port panel","https://cciproducts.com/index.php/products/antennas/single-sector-multi-port-antennas/item/1503","","","","","","0.9330806109952862","0.5523311623952775","","1.225","0.9492","0.356176","","161","Equivalent estimate only","Assumed ρ = 1.225 kg/m³; nominal envelope H × W for front/rear and H × D for side. Manufacturer test density, drag versus resultant force, pole/bracket contribution and true projected area are not confirmed. C = F / (0.5 × ρ × V² × A), V in m/s. This is not manufacturer Cd, EPA/EFPA or a site-design coefficient.","{""rear"":""No positive published rear wind force."",""max"":""Maximum-force direction and matching reference area are not established; no maximum coefficient is inferred.""}"
"PANEL-CCI-1555","CCI","TPA65R-KE6G","Passive","catalogue","","","","","","","","","","","","","","","Multi-port panel; operating ranges not verified","","","","","","","Public directory snapshot; 2 October 2026","2026-10-02","","","","","https://cciproducts.com/index.php/products/antennas/single-sector-multi-port-antennas?start=140","e4e47c6ebd72c6c55168f8c0fe5c75b0af310c2850bed6cd6e68eefb6dc0222f","identity: Public multiport listing: exact visible model TPA65R-KE6G","Exact model identity indexed from the public CCI directory. Open Product page for its documents; individual spec sheet and mechanical/RF parameters remain unverified. Directory inclusion does not establish current supply or Australian operator use.","","","","","","","Multi-port panel","https://cciproducts.com/index.php/products/antennas/single-sector-multi-port-antennas/item/1555","","","","","","","","","","","","","","Unavailable","","{""front"":""Exact wind and dimension source pages are not verified."",""side"":""Exact wind and dimension source pages are not verified."",""rear"":""Exact wind and dimension source pages are not verified."",""max"":""Maximum-force direction and matching reference area are not established; no maximum coefficient is inferred.""}"
"PANEL-CCI-731","CCI","TPA65R-KE8B","Passive","catalogue","","","","","","","","","","","","","","","Multi-port panel; operating ranges not verified","","","","","","","Public directory snapshot; 2 October 2026","2026-10-02","","","","","https://cciproducts.com/index.php/products/antennas/single-sector-multi-port-antennas?start=140","e4e47c6ebd72c6c55168f8c0fe5c75b0af310c2850bed6cd6e68eefb6dc0222f","identity: Public multiport listing: exact visible model TPA65R-KE8B","Exact model identity indexed from the public CCI directory. Open Product page for its documents; individual spec sheet and mechanical/RF parameters remain unverified. Directory inclusion does not establish current supply or Australian operator use.","","","","","","","Multi-port panel","https://cciproducts.com/index.php/products/antennas/single-sector-multi-port-antennas/item/731","","","","","","","","","","","","","","Unavailable","","{""front"":""Exact wind and dimension source pages are not verified."",""side"":""Exact wind and dimension source pages are not verified."",""rear"":""Exact wind and dimension source pages are not verified."",""max"":""Maximum-force direction and matching reference area are not established; no maximum coefficient is inferred.""}"
"PANEL-CCI-1362","CCI","TPA65R-KE8D","Passive","datasheet","2438","525","197","39.5","Without mounting kit","","","","","","","","12","4.3-10 Female","698-960 MHz / 1695-2690 MHz","2033","929","","","161","","Revision 1.3; 5 May 2021","2026-10-02","https://cciproducts.com/DsPdf/ds-tpa65rke8d-v1_3-210505.pdf","","3","3","https://cciproducts.com/DsPdf/ds-tpa65rke8d-v1_3-210505.pdf","b6f0c4dfa0c1a49387af7501f86de0d5b31ddc614be3250ce964eac7c144f6f7","identity: PDF p. 1, exact printed model; dimensions: PDF p. 3, antenna dimensions; mass: PDF p. 3, antenna weight and footnote; wind: PDF p. 3, mechanical wind values / stated reference speed; rf: PDF pp. 1-3, explicit Ports coverage headers; mechanical connector count; efpa: PDF p. 3, Equivalent Flat Plate Area; mounting: PDF p. 3, Mounting Pole: 2 to 5 in (5 to 12 cm), rounded source description","Wind forces retain 100 mph (161 km/h); no derived rear or maximum force. Published Equivalent Flat Plate Area is distinct from EPA. Mounting Pole 2 to 5 in (5 to 12 cm) is retained as a rounded source description; no synthetic precise mm limits. Separate RET mass is not mounting-kit mass. No Australian use inferred.","","","","","> 241 km/h","","Multi-port panel","https://cciproducts.com/index.php/products/antennas/single-sector-multi-port-antennas/item/1362","1.7","","","","","1.296556749671438","1.5789302417060183","","1.225","1.27995","0.480286","","161","Equivalent estimate only","Assumed ρ = 1.225 kg/m³; nominal envelope H × W for front/rear and H × D for side. Manufacturer test density, drag versus resultant force, pole/bracket contribution and true projected area are not confirmed. C = F / (0.5 × ρ × V² × A), V in m/s. This is not manufacturer Cd, EPA/EFPA or a site-design coefficient.","{""rear"":""No positive published rear wind force."",""max"":""Maximum-force direction and matching reference area are not established; no maximum coefficient is inferred.""}"
"PANEL-CCI-1586","CCI","TPA65R-KE8Dv2","Passive","datasheet","2438","525","197","41","Without mounting kit","","","","","","1.3","","12","4.3-10 Female","698-960 MHz / 1695-2690 MHz","1521","375","","","161","","Revision 1.2; 20 September 2023","2026-10-02","https://cciproducts.com/DsPdf/ds-tpa65rke8dv2-v1_2-230920.pdf","","4","4","https://cciproducts.com/DsPdf/ds-tpa65rke8dv2-v1_2-230920.pdf","60c4657111a79c573f847310eb84d9ae43a88e2a9fb1409ebf3f749d6fd31653","identity: PDF p. 1, exact model heading and printed revision/date; dimensions: PDF p. 4, Dimensions (L × W × D), printed metric values; L mapped to H; mass: PDF p. 4, Weight and weight-exclusion footnote; rf: PDF pp. 2, 3, explicit Ports coverage headers / RF parameters; PDF p. 4, connector count and interface; wind: PDF p. 4, front/side wind loads at 161 km/h and survival inequality; mounting: PDF p. 4, original mounting pole description; epa: PDF p. 4, Effective Projective Area (EPA), Front","Published metric L/W/D values are retained as H/W/D. Wind forces remain at 161 km/h; rear and maximum-direction force not stated. Survival speed is an inequality. Operating ranges follow explicit port coverage, not sampled performance columns. Antenna mass excludes mounting; no shipping mass or unreviewed kit mass adopted. Mounting pole description 2–5 in (5–12 cm) retained; inconsistent rounded equivalents are not an exact adopted metric OD.","","","","","> 241 km/h","","Multi-port panel","https://cciproducts.com/index.php/products/antennas/single-sector-multi-port-antennas/item/1586","","","","","","0.9700259794639731","0.6373507434227739","","1.225","1.27995","0.480286","","161","Equivalent estimate only","Assumed ρ = 1.225 kg/m³; nominal envelope H × W for front/rear and H × D for side. Manufacturer test density, drag versus resultant force, pole/bracket contribution and true projected area are not confirmed. C = F / (0.5 × ρ × V² × A), V in m/s. This is not manufacturer Cd, EPA/EFPA or a site-design coefficient.","{""rear"":""No positive published rear wind force."",""max"":""Maximum-force direction and matching reference area are not established; no maximum coefficient is inferred.""}"
"PANEL-CCI-1211","CCI","TPA65R-KE8E","Passive","catalogue","","","","","","","","","","","","","","","Multi-port panel; operating ranges not verified","","","","","","","Public directory snapshot; 2 October 2026","2026-10-02","","","","","https://cciproducts.com/index.php/products/antennas/single-sector-multi-port-antennas?start=140","e4e47c6ebd72c6c55168f8c0fe5c75b0af310c2850bed6cd6e68eefb6dc0222f","identity: Public multiport listing: exact visible model TPA65R-KE8E","Exact model identity indexed from the public CCI directory. Open Product page for its documents; individual spec sheet and mechanical/RF parameters remain unverified. Directory inclusion does not establish current supply or Australian operator use.","","","","","","","Multi-port panel","https://cciproducts.com/index.php/products/antennas/single-sector-multi-port-antennas/item/1211","","","","","","","","","","","","","","Unavailable","","{""front"":""Exact wind and dimension source pages are not verified."",""side"":""Exact wind and dimension source pages are not verified."",""rear"":""Exact wind and dimension source pages are not verified."",""max"":""Maximum-force direction and matching reference area are not established; no maximum coefficient is inferred.""}"
"PANEL-CCI-1572","CCI","TPA65R-KE8G","Passive","datasheet","2436","635","197","48.9","Without mounting kit","","","","","","1.5","","12","4.3-10 Female","698-960 MHz / 1695-2690 MHz","1755","319","","","161","","Revision 1.1; 19 September 2024","2026-10-02","https://cciproducts.com/DsPdf/ds-tpa65rke8g-v1_1-240919.pdf","","4","4","https://cciproducts.com/DsPdf/ds-tpa65rke8g-v1_1-240919.pdf","bc0adbaac414009033c923e2aa46b5fe8784bc61ce6e6d7f16c900bee58198cc","identity: PDF p. 1, exact model heading and printed revision/date; dimensions: PDF p. 4, Dimensions (L × W × D), printed metric values; L mapped to H; mass: PDF p. 4, Weight and weight-exclusion footnote; rf: PDF pp. 2, 3, explicit Ports coverage headers / RF parameters; PDF p. 4, connector count and interface; wind: PDF p. 4, front/side wind loads at 161 km/h and survival inequality; mounting: PDF p. 4, original mounting pole description; epa: PDF p. 4, Effective Projective Area (EPA), Front","Published metric L/W/D values are retained as H/W/D. Wind forces remain at 161 km/h; rear and maximum-direction force not stated. Survival speed is an inequality. Operating ranges follow explicit port coverage, not sampled performance columns. Antenna mass excludes mounting; no shipping mass or unreviewed kit mass adopted. Mounting pole description 2–5 in (5–12 cm) retained; inconsistent rounded equivalents are not an exact adopted metric OD.","","","","","> 241 km/h","","Multi-port panel","https://cciproducts.com/index.php/products/antennas/single-sector-multi-port-antennas/item/1572","","","","","","0.9261328053269047","0.5426181662575222","","1.225","1.54686","0.479892","","161","Equivalent estimate only","Assumed ρ = 1.225 kg/m³; nominal envelope H × W for front/rear and H × D for side. Manufacturer test density, drag versus resultant force, pole/bracket contribution and true projected area are not confirmed. C = F / (0.5 × ρ × V² × A), V in m/s. This is not manufacturer Cd, EPA/EFPA or a site-design coefficient.","{""rear"":""No positive published rear wind force."",""max"":""Maximum-force direction and matching reference area are not established; no maximum coefficient is inferred.""}"
"PANEL-CCI-1371","CCI","TPA65R-KE9D","Passive","catalogue","","","","","","","","","","","","","","","Multi-port panel; operating ranges not verified","","","","","","","Public directory snapshot; 2 October 2026","2026-10-02","","","","","https://cciproducts.com/index.php/products/antennas/single-sector-multi-port-antennas?start=145","39d1d17ef485b6e7e2afcdf12e5c51472b6985b5bb28e297b08131b89e1ed804","identity: Public multiport listing: exact visible model TPA65R-KE9D","Exact model identity indexed from the public CCI directory. Open Product page for its documents; individual spec sheet and mechanical/RF parameters remain unverified. Directory inclusion does not establish current supply or Australian operator use.","","","","","","","Multi-port panel","https://cciproducts.com/index.php/products/antennas/single-sector-multi-port-antennas/item/1371","","","","","","","","","","","","","","Unavailable","","{""front"":""Exact wind and dimension source pages are not verified."",""side"":""Exact wind and dimension source pages are not verified."",""rear"":""Exact wind and dimension source pages are not verified."",""max"":""Maximum-force direction and matching reference area are not established; no maximum coefficient is inferred.""}"
"PANEL-CCI-1114","CCI","TPA65R-TE4C","Passive","catalogue","","","","","","","","","","","","","","","Multi-port panel; operating ranges not verified","","","","","","","Public directory snapshot; 2 October 2026","2026-10-02","","","","","https://cciproducts.com/index.php/products/antennas/single-sector-multi-port-antennas?start=145","39d1d17ef485b6e7e2afcdf12e5c51472b6985b5bb28e297b08131b89e1ed804","identity: Public multiport listing: exact visible model TPA65R-TE4C","Exact model identity indexed from the public CCI directory. Open Product page for its documents; individual spec sheet and mechanical/RF parameters remain unverified. Directory inclusion does not establish current supply or Australian operator use.","","","","","","","Multi-port panel","https://cciproducts.com/index.php/products/antennas/single-sector-multi-port-antennas/item/1114","","","","","","","","","","","","","","Unavailable","","{""front"":""Exact wind and dimension source pages are not verified."",""side"":""Exact wind and dimension source pages are not verified."",""rear"":""Exact wind and dimension source pages are not verified."",""max"":""Maximum-force direction and matching reference area are not established; no maximum coefficient is inferred.""}"
"PANEL-CCI-1111","CCI","TPA65R-TE6C","Passive","catalogue","","","","","","","","","","","","","","","Multi-port panel; operating ranges not verified","","","","","","","Public directory snapshot; 2 October 2026","2026-10-02","","","","","https://cciproducts.com/index.php/products/antennas/single-sector-multi-port-antennas?start=145","39d1d17ef485b6e7e2afcdf12e5c51472b6985b5bb28e297b08131b89e1ed804","identity: Public multiport listing: exact visible model TPA65R-TE6C","Exact model identity indexed from the public CCI directory. Open Product page for its documents; individual spec sheet and mechanical/RF parameters remain unverified. Directory inclusion does not establish current supply or Australian operator use.","","","","","","","Multi-port panel","https://cciproducts.com/index.php/products/antennas/single-sector-multi-port-antennas/item/1111","","","","","","","","","","","","","","Unavailable","","{""front"":""Exact wind and dimension source pages are not verified."",""side"":""Exact wind and dimension source pages are not verified."",""rear"":""Exact wind and dimension source pages are not verified."",""max"":""Maximum-force direction and matching reference area are not established; no maximum coefficient is inferred.""}"
"PANEL-CCI-1091","CCI","TPA65R-TE8C","Passive","catalogue","","","","","","","","","","","","","","","Multi-port panel; operating ranges not verified","","","","","","","Public directory snapshot; 2 October 2026","2026-10-02","","","","","https://cciproducts.com/index.php/products/antennas/single-sector-multi-port-antennas?start=145","39d1d17ef485b6e7e2afcdf12e5c51472b6985b5bb28e297b08131b89e1ed804","identity: Public multiport listing: exact visible model TPA65R-TE8C","Exact model identity indexed from the public CCI directory. Open Product page for its documents; individual spec sheet and mechanical/RF parameters remain unverified. Directory inclusion does not establish current supply or Australian operator use.","","","","","","","Multi-port panel","https://cciproducts.com/index.php/products/antennas/single-sector-multi-port-antennas/item/1091","","","","","","","","","","","","","","Unavailable","","{""front"":""Exact wind and dimension source pages are not verified."",""side"":""Exact wind and dimension source pages are not verified."",""rear"":""Exact wind and dimension source pages are not verified."",""max"":""Maximum-force direction and matching reference area are not established; no maximum coefficient is inferred.""}"
"PANEL-CCI-1729","CCI","TPA65R-TE9E","Passive","catalogue","","","","","","","","","","","","","","","Multi-port panel; operating ranges not verified","","","","","","","Public directory snapshot; 2 October 2026","2026-10-02","","","","","https://cciproducts.com/index.php/products/antennas/single-sector-multi-port-antennas?start=150","d25f51ef4e7c622feebf8eadede011b1786df323dd15dc4b050c56581b1a313b","identity: Public multiport listing: exact visible model TPA65R-TE9E","Exact model identity indexed from the public CCI directory. Open Product page for its documents; individual spec sheet and mechanical/RF parameters remain unverified. Directory inclusion does not establish current supply or Australian operator use.","","","","","","","Multi-port panel","https://cciproducts.com/index.php/products/antennas/single-sector-multi-port-antennas/item/1729","","","","","","","","","","","","","","Unavailable","","{""front"":""Exact wind and dimension source pages are not verified."",""side"":""Exact wind and dimension source pages are not verified."",""rear"":""Exact wind and dimension source pages are not verified."",""max"":""Maximum-force direction and matching reference area are not established; no maximum coefficient is inferred.""}"
"PANEL-CCI-1751","CCI","TPA65R-TU5D","Passive","catalogue","","","","","","","","","","","","","","","Multi-port panel; operating ranges not verified","","","","","","","Public directory snapshot; 2 October 2026","2026-10-02","","","","","https://cciproducts.com/index.php/products/antennas/single-sector-multi-port-antennas?start=150","d25f51ef4e7c622feebf8eadede011b1786df323dd15dc4b050c56581b1a313b","identity: Public multiport listing: exact visible model TPA65R-TU5D","Exact model identity indexed from the public CCI directory. Open Product page for its documents; individual spec sheet and mechanical/RF parameters remain unverified. Directory inclusion does not establish current supply or Australian operator use.","","","","","","","Multi-port panel","https://cciproducts.com/index.php/products/antennas/single-sector-multi-port-antennas/item/1751","","","","","","","","","","","","","","Unavailable","","{""front"":""Exact wind and dimension source pages are not verified."",""side"":""Exact wind and dimension source pages are not verified."",""rear"":""Exact wind and dimension source pages are not verified."",""max"":""Maximum-force direction and matching reference area are not established; no maximum coefficient is inferred.""}"
"PANEL-CCI-1745","CCI","TPA65R-TU6D","Passive","catalogue","","","","","","","","","","","","","","","Multi-port panel; operating ranges not verified","","","","","","","Public directory snapshot; 2 October 2026","2026-10-02","","","","","https://cciproducts.com/index.php/products/antennas/single-sector-multi-port-antennas?start=150","d25f51ef4e7c622feebf8eadede011b1786df323dd15dc4b050c56581b1a313b","identity: Public multiport listing: exact visible model TPA65R-TU6D","Exact model identity indexed from the public CCI directory. Open Product page for its documents; individual spec sheet and mechanical/RF parameters remain unverified. Directory inclusion does not establish current supply or Australian operator use.","","","","","","","Multi-port panel","https://cciproducts.com/index.php/products/antennas/single-sector-multi-port-antennas/item/1745","","","","","","","","","","","","","","Unavailable","","{""front"":""Exact wind and dimension source pages are not verified."",""side"":""Exact wind and dimension source pages are not verified."",""rear"":""Exact wind and dimension source pages are not verified."",""max"":""Maximum-force direction and matching reference area are not established; no maximum coefficient is inferred.""}"
"PANEL-CCI-1743","CCI","TPA65R-TU8D","Passive","catalogue","","","","","","","","","","","","","","","Multi-port panel; operating ranges not verified","","","","","","","Public directory snapshot; 2 October 2026","2026-10-02","","","","","https://cciproducts.com/index.php/products/antennas/single-sector-multi-port-antennas?start=150","d25f51ef4e7c622feebf8eadede011b1786df323dd15dc4b050c56581b1a313b","identity: Public multiport listing: exact visible model TPA65R-TU8D","Exact model identity indexed from the public CCI directory. Open Product page for its documents; individual spec sheet and mechanical/RF parameters remain unverified. Directory inclusion does not establish current supply or Australian operator use.","","","","","","","Multi-port panel","https://cciproducts.com/index.php/products/antennas/single-sector-multi-port-antennas/item/1743","","","","","","","","","","","","","","Unavailable","","{""front"":""Exact wind and dimension source pages are not verified."",""side"":""Exact wind and dimension source pages are not verified."",""rear"":""Exact wind and dimension source pages are not verified."",""max"":""Maximum-force direction and matching reference area are not established; no maximum coefficient is inferred.""}"
"PANEL-CCI-1750","CCI","TPA65R-TU8H","Passive","catalogue","","","","","","","","","","","","","","","Multi-port panel; operating ranges not verified","","","","","","","Public directory snapshot; 2 October 2026","2026-10-02","","","","","https://cciproducts.com/index.php/products/antennas/single-sector-multi-port-antennas?start=150","d25f51ef4e7c622feebf8eadede011b1786df323dd15dc4b050c56581b1a313b","identity: Public multiport listing: exact visible model TPA65R-TU8H","Exact model identity indexed from the public CCI directory. Open Product page for its documents; individual spec sheet and mechanical/RF parameters remain unverified. Directory inclusion does not establish current supply or Australian operator use.","","","","","","","Multi-port panel","https://cciproducts.com/index.php/products/antennas/single-sector-multi-port-antennas/item/1750","","","","","","","","","","","","","","Unavailable","","{""front"":""Exact wind and dimension source pages are not verified."",""side"":""Exact wind and dimension source pages are not verified."",""rear"":""Exact wind and dimension source pages are not verified."",""max"":""Maximum-force direction and matching reference area are not established; no maximum coefficient is inferred.""}"
"PANEL-CCI-1498","CCI","16HBSAR-BWW7NA","Passive","catalogue","","","","","","","","","","","","","","","Bi-sector panel; operating ranges not verified","","","","","","","Public directory snapshot; 2 October 2026","2026-10-02","","","","","https://cciproducts.com/index.php/products/antennas/bi-sector-antennas?start=5","f88ea83cd961f66c7365ffa5b8400ef9d3e9ff9896d305f14a4be136ec1c7410","identity: Public bisector listing: exact visible model 16HBSAR-BWW7NA","Exact model identity indexed from the public CCI directory. Open Product page for its documents; individual spec sheet and mechanical/RF parameters remain unverified. Directory inclusion does not establish current supply or Australian operator use.","","","","","","","Bi-sector panel","https://cciproducts.com/index.php/products/antennas/bi-sector-antennas/item/1498","","","","","","","","","","","","","","Unavailable","","{""front"":""Exact wind and dimension source pages are not verified."",""side"":""Exact wind and dimension source pages are not verified."",""rear"":""Exact wind and dimension source pages are not verified."",""max"":""Maximum-force direction and matching reference area are not established; no maximum coefficient is inferred.""}"
"PANEL-CCI-1487","CCI","16HBSAR-KOE7NA","Passive","datasheet","2120","499","230","40.7","Without mounting kit","","","","","","1","","16","4.3-10 Female","698-960 MHz / 1427-2690 MHz / 1695-2690 MHz","1144","354","","","161","","Revision 1.1; 27 April 2023","2026-10-02","https://cciproducts.com/DsPdf/ds-16hbsarkoe7na-v1_1-230427.pdf","","5","5","https://cciproducts.com/DsPdf/ds-16hbsarkoe7na-v1_1-230427.pdf","c769005b910a6530e1c70727bb1448eba46f7bef92ef1f9029f6d14ea6f41c56","identity: PDF p. 1, exact model heading and printed revision/date; dimensions: PDF p. 5, Dimensions (L × W × D), printed metric values; L mapped to H; mass: PDF p. 5, Weight and weight-exclusion footnote; rf: PDF pp. 2, 3, 4, explicit Ports coverage headers / RF parameters; PDF p. 5, connector count and interface; wind: PDF p. 5, front/side wind loads at 161 km/h and survival inequality; mounting: PDF p. 5, original mounting pole description; epa: PDF p. 5, Effective Projective Area (EPA), Front","Published metric L/W/D values are retained as H/W/D. Wind forces remain at 161 km/h; rear and maximum-direction force not stated. Survival speed is an inequality. Operating ranges follow explicit port coverage, not sampled performance columns. Antenna mass excludes mounting; no shipping mass or unreviewed kit mass adopted. Manufacturer Hybrid Bi-Sector denotes passive beam configurations, not an integrated active radio. Mounting pole description 2–5 in (5–12 cm) retained; inconsistent rounded equivalents are not an exact adopted metric OD.","","","","","> 241 km/h","","Bi-sector panel","https://cciproducts.com/index.php/products/antennas/bi-sector-antennas/item/1487","","","","","","","","","","","","","","Unavailable","","{""front"":""Reference geometry is not a supported nominal panel envelope."",""side"":""Reference geometry is not a supported nominal panel envelope."",""rear"":""Reference geometry is not a supported nominal panel envelope."",""max"":""Maximum-force direction and matching reference area are not established; no maximum coefficient is inferred.""}"
"PANEL-CCI-1367","CCI","20HBSAR-BU9NB","Passive","catalogue","","","","","","","","","","","","","","","Bi-sector panel; operating ranges not verified","","","","","","","Public directory snapshot; 2 October 2026","2026-10-02","","","","","https://cciproducts.com/index.php/products/antennas/bi-sector-antennas?start=5","f88ea83cd961f66c7365ffa5b8400ef9d3e9ff9896d305f14a4be136ec1c7410","identity: Public bisector listing: exact visible model 20HBSAR-BU9NB","Exact model identity indexed from the public CCI directory. Open Product page for its documents; individual spec sheet and mechanical/RF parameters remain unverified. Directory inclusion does not establish current supply or Australian operator use.","","","","","","","Bi-sector panel","https://cciproducts.com/index.php/products/antennas/bi-sector-antennas/item/1367","","","","","","","","","","","","","","Unavailable","","{""front"":""Exact wind and dimension source pages are not verified."",""side"":""Exact wind and dimension source pages are not verified."",""rear"":""Exact wind and dimension source pages are not verified."",""max"":""Maximum-force direction and matching reference area are not established; no maximum coefficient is inferred.""}"
"PANEL-CCI-408","CCI","BSA-M65R-BUU-H4","Passive","catalogue","","","","","","","","","","","","","","","Bi-sector panel; operating ranges not verified","","","","","","","Public directory snapshot; 2 October 2026","2026-10-02","","","","","https://cciproducts.com/index.php/products/antennas/bi-sector-antennas?start=5","f88ea83cd961f66c7365ffa5b8400ef9d3e9ff9896d305f14a4be136ec1c7410","identity: Public bisector listing: exact visible model BSA-M65R-BUU-H4","Exact model identity indexed from the public CCI directory. Open Product page for its documents; individual spec sheet and mechanical/RF parameters remain unverified. Directory inclusion does not establish current supply or Australian operator use.","","","","","","","Bi-sector panel","https://cciproducts.com/index.php/products/antennas/bi-sector-antennas/item/408","","","","","","","","","","","","","","Unavailable","","{""front"":""Exact wind and dimension source pages are not verified."",""side"":""Exact wind and dimension source pages are not verified."",""rear"":""Exact wind and dimension source pages are not verified."",""max"":""Maximum-force direction and matching reference area are not established; no maximum coefficient is inferred.""}"
"PANEL-CCI-409","CCI","BSA-M65R-BUU-H6","Passive","catalogue","","","","","","","","","","","","","","","Bi-sector panel; operating ranges not verified","","","","","","","Public directory snapshot; 2 October 2026","2026-10-02","","","","","https://cciproducts.com/index.php/products/antennas/bi-sector-antennas?start=5","f88ea83cd961f66c7365ffa5b8400ef9d3e9ff9896d305f14a4be136ec1c7410","identity: Public bisector listing: exact visible model BSA-M65R-BUU-H6","Exact model identity indexed from the public CCI directory. Open Product page for its documents; individual spec sheet and mechanical/RF parameters remain unverified. Directory inclusion does not establish current supply or Australian operator use.","","","","","","","Bi-sector panel","https://cciproducts.com/index.php/products/antennas/bi-sector-antennas/item/409","","","","","","","","","","","","","","Unavailable","","{""front"":""Exact wind and dimension source pages are not verified."",""side"":""Exact wind and dimension source pages are not verified."",""rear"":""Exact wind and dimension source pages are not verified."",""max"":""Maximum-force direction and matching reference area are not established; no maximum coefficient is inferred.""}"
"PANEL-CCI-504","CCI","BSA-M65R-DU-H6","Passive","catalogue","","","","","","","","","","","","","","","Bi-sector panel; operating ranges not verified","","","","","","","Public directory snapshot; 2 October 2026","2026-10-02","","","","","https://cciproducts.com/index.php/products/antennas/bi-sector-antennas?start=10","c45c8d0f0d7da78bc54845d0f2e28dbbdfe73b5d582e9d8f7b3ce74a7515ddf1","identity: Public bisector listing: exact visible model BSA-M65R-DU-H6","Exact model identity indexed from the public CCI directory. Open Product page for its documents; individual spec sheet and mechanical/RF parameters remain unverified. Directory inclusion does not establish current supply or Australian operator use.","","","","","","","Bi-sector panel","https://cciproducts.com/index.php/products/antennas/bi-sector-antennas/item/504","","","","","","","","","","","","","","Unavailable","","{""front"":""Exact wind and dimension source pages are not verified."",""side"":""Exact wind and dimension source pages are not verified."",""rear"":""Exact wind and dimension source pages are not verified."",""max"":""Maximum-force direction and matching reference area are not established; no maximum coefficient is inferred.""}"
"PANEL-CCI-531","CCI","BSA-M65R-DUU-H6","Passive","catalogue","","","","","","","","","","","","","","","Bi-sector panel; operating ranges not verified","","","","","","","Public directory snapshot; 2 October 2026","2026-10-02","","","","","https://cciproducts.com/index.php/products/antennas/bi-sector-antennas?start=10","c45c8d0f0d7da78bc54845d0f2e28dbbdfe73b5d582e9d8f7b3ce74a7515ddf1","identity: Public bisector listing: exact visible model BSA-M65R-DUU-H6","Exact model identity indexed from the public CCI directory. Open Product page for its documents; individual spec sheet and mechanical/RF parameters remain unverified. Directory inclusion does not establish current supply or Australian operator use.","","","","","","","Bi-sector panel","https://cciproducts.com/index.php/products/antennas/bi-sector-antennas/item/531","","","","","","","","","","","","","","Unavailable","","{""front"":""Exact wind and dimension source pages are not verified."",""side"":""Exact wind and dimension source pages are not verified."",""rear"":""Exact wind and dimension source pages are not verified."",""max"":""Maximum-force direction and matching reference area are not established; no maximum coefficient is inferred.""}"
"PANEL-CCI-378","CCI","BSA-M65R-UV-H8","Passive","catalogue","","","","","","","","","","","","","","","Bi-sector panel; operating ranges not verified","","","","","","","Public directory snapshot; 2 October 2026","2026-10-02","","","","","https://cciproducts.com/index.php/products/antennas/bi-sector-antennas?start=10","c45c8d0f0d7da78bc54845d0f2e28dbbdfe73b5d582e9d8f7b3ce74a7515ddf1","identity: Public bisector listing: exact visible model BSA-M65R-UV-H8","Exact model identity indexed from the public CCI directory. Open Product page for its documents; individual spec sheet and mechanical/RF parameters remain unverified. Directory inclusion does not establish current supply or Australian operator use.","","","","","","","Bi-sector panel","https://cciproducts.com/index.php/products/antennas/bi-sector-antennas/item/378","","","","","","","","","","","","","","Unavailable","","{""front"":""Exact wind and dimension source pages are not verified."",""side"":""Exact wind and dimension source pages are not verified."",""rear"":""Exact wind and dimension source pages are not verified."",""max"":""Maximum-force direction and matching reference area are not established; no maximum coefficient is inferred.""}"
"PANEL-CCI-243","CCI","BSA-S65R-B-H6","Passive","catalogue","","","","","","","","","","","","","","","Bi-sector panel; operating ranges not verified","","","","","","","Public directory snapshot; 2 October 2026","2026-10-02","","","","","https://cciproducts.com/index.php/products/antennas/bi-sector-antennas?start=10","c45c8d0f0d7da78bc54845d0f2e28dbbdfe73b5d582e9d8f7b3ce74a7515ddf1","identity: Public bisector listing: exact visible model BSA-S65R-B-H6","Exact model identity indexed from the public CCI directory. Open Product page for its documents; individual spec sheet and mechanical/RF parameters remain unverified. Directory inclusion does not establish current supply or Australian operator use.","","","","","","","Bi-sector panel","https://cciproducts.com/index.php/products/antennas/bi-sector-antennas/item/243","","","","","","","","","","","","","","Unavailable","","{""front"":""Exact wind and dimension source pages are not verified."",""side"":""Exact wind and dimension source pages are not verified."",""rear"":""Exact wind and dimension source pages are not verified."",""max"":""Maximum-force direction and matching reference area are not established; no maximum coefficient is inferred.""}"
"PANEL-CCI-486","CCI","BSA-S65R-D-H6","Passive","catalogue","","","","","","","","","","","","","","","Bi-sector panel; operating ranges not verified","","","","","","","Public directory snapshot; 2 October 2026","2026-10-02","","","","","https://cciproducts.com/index.php/products/antennas/bi-sector-antennas?start=10","c45c8d0f0d7da78bc54845d0f2e28dbbdfe73b5d582e9d8f7b3ce74a7515ddf1","identity: Public bisector listing: exact visible model BSA-S65R-D-H6","Exact model identity indexed from the public CCI directory. Open Product page for its documents; individual spec sheet and mechanical/RF parameters remain unverified. Directory inclusion does not establish current supply or Australian operator use.","","","","","","","Bi-sector panel","https://cciproducts.com/index.php/products/antennas/bi-sector-antennas/item/486","","","","","","","","","","","","","","Unavailable","","{""front"":""Exact wind and dimension source pages are not verified."",""side"":""Exact wind and dimension source pages are not verified."",""rear"":""Exact wind and dimension source pages are not verified."",""max"":""Maximum-force direction and matching reference area are not established; no maximum coefficient is inferred.""}"
"PANEL-CCI-554","CCI","BSA-S65R-U-H5","Passive","catalogue","","","","","","","","","","","","","","","Bi-sector panel; operating ranges not verified","","","","","","","Public directory snapshot; 2 October 2026","2026-10-02","","","","","https://cciproducts.com/index.php/products/antennas/bi-sector-antennas?start=15","f15add9c089d2698e56f1aa8b79640bf26754affb7bfe9d3375997ac735f5f6f","identity: Public bisector listing: exact visible model BSA-S65R-U-H5","Exact model identity indexed from the public CCI directory. Open Product page for its documents; individual spec sheet and mechanical/RF parameters remain unverified. Directory inclusion does not establish current supply or Australian operator use.","","","","","","","Bi-sector panel","https://cciproducts.com/index.php/products/antennas/bi-sector-antennas/item/554","","","","","","","","","","","","","","Unavailable","","{""front"":""Exact wind and dimension source pages are not verified."",""side"":""Exact wind and dimension source pages are not verified."",""rear"":""Exact wind and dimension source pages are not verified."",""max"":""Maximum-force direction and matching reference area are not established; no maximum coefficient is inferred.""}"
"PANEL-CCI-555","CCI","BSA-S65R-V-H3","Passive","catalogue","","","","","","","","","","","","","","","Bi-sector panel; operating ranges not verified","","","","","","","Public directory snapshot; 2 October 2026","2026-10-02","","","","","https://cciproducts.com/index.php/products/antennas/bi-sector-antennas?start=15","f15add9c089d2698e56f1aa8b79640bf26754affb7bfe9d3375997ac735f5f6f","identity: Public bisector listing: exact visible model BSA-S65R-V-H3","Exact model identity indexed from the public CCI directory. Open Product page for its documents; individual spec sheet and mechanical/RF parameters remain unverified. Directory inclusion does not establish current supply or Australian operator use.","","","","","","","Bi-sector panel","https://cciproducts.com/index.php/products/antennas/bi-sector-antennas/item/555","","","","","","","","","","","","","","Unavailable","","{""front"":""Exact wind and dimension source pages are not verified."",""side"":""Exact wind and dimension source pages are not verified."",""rear"":""Exact wind and dimension source pages are not verified."",""max"":""Maximum-force direction and matching reference area are not established; no maximum coefficient is inferred.""}"
"PANEL-CCI-414","CCI","BSA-S65R-W-H5","Passive","catalogue","","","","","","","","","","","","","","","Bi-sector panel; operating ranges not verified","","","","","","","Public directory snapshot; 2 October 2026","2026-10-02","","","","","https://cciproducts.com/index.php/products/antennas/bi-sector-antennas?start=15","f15add9c089d2698e56f1aa8b79640bf26754affb7bfe9d3375997ac735f5f6f","identity: Public bisector listing: exact visible model BSA-S65R-W-H5","Exact model identity indexed from the public CCI directory. Open Product page for its documents; individual spec sheet and mechanical/RF parameters remain unverified. Directory inclusion does not establish current supply or Australian operator use.","","","","","","","Bi-sector panel","https://cciproducts.com/index.php/products/antennas/bi-sector-antennas/item/414","","","","","","","","","","","","","","Unavailable","","{""front"":""Exact wind and dimension source pages are not verified."",""side"":""Exact wind and dimension source pages are not verified."",""rear"":""Exact wind and dimension source pages are not verified."",""max"":""Maximum-force direction and matching reference area are not established; no maximum coefficient is inferred.""}"
"PANEL-CCI-1419","CCI","BSA33R-BU6B","Passive","catalogue","","","","","","","","","","","","","","","Bi-sector panel; operating ranges not verified","","","","","","","Public directory snapshot; 2 October 2026","2026-10-02","","","","","https://cciproducts.com/index.php/products/antennas/bi-sector-antennas?start=15","f15add9c089d2698e56f1aa8b79640bf26754affb7bfe9d3375997ac735f5f6f","identity: Public bisector listing: exact visible model BSA33R-BU6B","Exact model identity indexed from the public CCI directory. Open Product page for its documents; individual spec sheet and mechanical/RF parameters remain unverified. Directory inclusion does not establish current supply or Australian operator use.","","","","","","","Bi-sector panel","https://cciproducts.com/index.php/products/antennas/bi-sector-antennas/item/1419","","","","","","","","","","","","","","Unavailable","","{""front"":""Exact wind and dimension source pages are not verified."",""side"":""Exact wind and dimension source pages are not verified."",""rear"":""Exact wind and dimension source pages are not verified."",""max"":""Maximum-force direction and matching reference area are not established; no maximum coefficient is inferred.""}"
"PANEL-CCI-1389","CCI","BSA33R-BU8B","Passive","catalogue","","","","","","","","","","","","","","","Bi-sector panel; operating ranges not verified","","","","","","","Public directory snapshot; 2 October 2026","2026-10-02","","","","","https://cciproducts.com/index.php/products/antennas/bi-sector-antennas?start=15","f15add9c089d2698e56f1aa8b79640bf26754affb7bfe9d3375997ac735f5f6f","identity: Public bisector listing: exact visible model BSA33R-BU8B","Exact model identity indexed from the public CCI directory. Open Product page for its documents; individual spec sheet and mechanical/RF parameters remain unverified. Directory inclusion does not establish current supply or Australian operator use.","","","","","","","Bi-sector panel","https://cciproducts.com/index.php/products/antennas/bi-sector-antennas/item/1389","","","","","","","","","","","","","","Unavailable","","{""front"":""Exact wind and dimension source pages are not verified."",""side"":""Exact wind and dimension source pages are not verified."",""rear"":""Exact wind and dimension source pages are not verified."",""max"":""Maximum-force direction and matching reference area are not established; no maximum coefficient is inferred.""}"
"PANEL-CCI-1420","CCI","BSA33R-BW6B","Passive","catalogue","","","","","","","","","","","","","","","Bi-sector panel; operating ranges not verified","","","","","","","Public directory snapshot; 2 October 2026","2026-10-02","","","","","https://cciproducts.com/index.php/products/antennas/bi-sector-antennas?start=20","26ac4894523865052326bd59e09cc6c71cc652f4313bb3ab6341ed9ebc0b7f76","identity: Public bisector listing: exact visible model BSA33R-BW6B","Exact model identity indexed from the public CCI directory. Open Product page for its documents; individual spec sheet and mechanical/RF parameters remain unverified. Directory inclusion does not establish current supply or Australian operator use.","","","","","","","Bi-sector panel","https://cciproducts.com/index.php/products/antennas/bi-sector-antennas/item/1420","","","","","","","","","","","","","","Unavailable","","{""front"":""Exact wind and dimension source pages are not verified."",""side"":""Exact wind and dimension source pages are not verified."",""rear"":""Exact wind and dimension source pages are not verified."",""max"":""Maximum-force direction and matching reference area are not established; no maximum coefficient is inferred.""}"
"PANEL-CCI-1554","CCI","BSA33R-BW8B","Passive","catalogue","","","","","","","","","","","","","","","Bi-sector panel; operating ranges not verified","","","","","","","Public directory snapshot; 2 October 2026","2026-10-02","","","","","https://cciproducts.com/index.php/products/antennas/bi-sector-antennas?start=20","26ac4894523865052326bd59e09cc6c71cc652f4313bb3ab6341ed9ebc0b7f76","identity: Public bisector listing: exact visible model BSA33R-BW8B","Exact model identity indexed from the public CCI directory. Open Product page for its documents; individual spec sheet and mechanical/RF parameters remain unverified. Directory inclusion does not establish current supply or Australian operator use.","","","","","","","Bi-sector panel","https://cciproducts.com/index.php/products/antennas/bi-sector-antennas/item/1554","","","","","","","","","","","","","","Unavailable","","{""front"":""Exact wind and dimension source pages are not verified."",""side"":""Exact wind and dimension source pages are not verified."",""rear"":""Exact wind and dimension source pages are not verified."",""max"":""Maximum-force direction and matching reference area are not established; no maximum coefficient is inferred.""}"
"PANEL-CCI-1323","CCI","BSA33R-E5A","Passive","catalogue","","","","","","","","","","","","","","","Bi-sector panel; operating ranges not verified","","","","","","","Public directory snapshot; 2 October 2026","2026-10-02","","","","","https://cciproducts.com/index.php/products/antennas/bi-sector-antennas?start=20","26ac4894523865052326bd59e09cc6c71cc652f4313bb3ab6341ed9ebc0b7f76","identity: Public bisector listing: exact visible model BSA33R-E5A","Exact model identity indexed from the public CCI directory. Open Product page for its documents; individual spec sheet and mechanical/RF parameters remain unverified. Directory inclusion does not establish current supply or Australian operator use.","","","","","","","Bi-sector panel","https://cciproducts.com/index.php/products/antennas/bi-sector-antennas/item/1323","","","","","","","","","","","","","","Unavailable","","{""front"":""Exact wind and dimension source pages are not verified."",""side"":""Exact wind and dimension source pages are not verified."",""rear"":""Exact wind and dimension source pages are not verified."",""max"":""Maximum-force direction and matching reference area are not established; no maximum coefficient is inferred.""}"
"PANEL-CCI-1226","CCI","BSA33R-E5B","Passive","catalogue","","","","","","","","","","","","","","","Bi-sector panel; operating ranges not verified","","","","","","","Public directory snapshot; 2 October 2026","2026-10-02","","","","","https://cciproducts.com/index.php/products/antennas/bi-sector-antennas?start=20","26ac4894523865052326bd59e09cc6c71cc652f4313bb3ab6341ed9ebc0b7f76","identity: Public bisector listing: exact visible model BSA33R-E5B","Exact model identity indexed from the public CCI directory. Open Product page for its documents; individual spec sheet and mechanical/RF parameters remain unverified. Directory inclusion does not establish current supply or Australian operator use.","","","","","","","Bi-sector panel","https://cciproducts.com/index.php/products/antennas/bi-sector-antennas/item/1226","","","","","","","","","","","","","","Unavailable","","{""front"":""Exact wind and dimension source pages are not verified."",""side"":""Exact wind and dimension source pages are not verified."",""rear"":""Exact wind and dimension source pages are not verified."",""max"":""Maximum-force direction and matching reference area are not established; no maximum coefficient is inferred.""}"
"PANEL-CCI-1119","CCI","BSA33R-K5A","Passive","catalogue","","","","","","","","","","","","","","","Bi-sector panel; operating ranges not verified","","","","","","","Public directory snapshot; 2 October 2026","2026-10-02","","","","","https://cciproducts.com/index.php/products/antennas/bi-sector-antennas?start=20","26ac4894523865052326bd59e09cc6c71cc652f4313bb3ab6341ed9ebc0b7f76","identity: Public bisector listing: exact visible model BSA33R-K5A","Exact model identity indexed from the public CCI directory. Open Product page for its documents; individual spec sheet and mechanical/RF parameters remain unverified. Directory inclusion does not establish current supply or Australian operator use.","","","","","","","Bi-sector panel","https://cciproducts.com/index.php/products/antennas/bi-sector-antennas/item/1119","","","","","","","","","","","","","","Unavailable","","{""front"":""Exact wind and dimension source pages are not verified."",""side"":""Exact wind and dimension source pages are not verified."",""rear"":""Exact wind and dimension source pages are not verified."",""max"":""Maximum-force direction and matching reference area are not established; no maximum coefficient is inferred.""}"
"PANEL-CCI-1416","CCI","BSA33R-KE6B","Passive","datasheet","1805","723","245","56.8","Without mounting kit","","","","","","","","16","4.3-10 Female","698-960 MHz / 1695-2690 MHz","1919","766","","","161","","Revision 1.0; 1 November 2021","2026-10-02","https://cciproducts.com/DsPdf/ds-bsa33rke6b-v1_0-211101.pdf","","4","4","https://cciproducts.com/DsPdf/ds-bsa33rke6b-v1_0-211101.pdf","a6a02d1695e8e2bd841f697f2dadd837ce6fedfeaef382ff32c3e30cf3a25f85","identity: PDF p. 1, exact model heading and printed revision/date; dimensions: PDF p. 4, Dimensions (L × W × D), printed metric values; L mapped to H; mass: PDF p. 4, Weight and weight-exclusion footnote; rf: PDF pp. 2, 3, explicit Ports coverage headers / RF parameters; PDF p. 4, connector count and interface; wind: PDF p. 4, front/side wind loads at 161 km/h and survival inequality; mounting: PDF p. 4, original mounting pole description; efpa: PDF p. 4, Equivalent Flat Plate Area, printed metric value","Published metric L/W/D values are retained as H/W/D. Wind forces remain at 161 km/h; rear and maximum-direction force not stated. Survival speed is an inequality. Operating ranges follow explicit port coverage, not sampled performance columns. Antenna mass excludes mounting; no shipping mass or unreviewed kit mass adopted. Equivalent flat plate area is kept separately from EPA and has not been relabelled or derived. Mounting pole description 3–5 in (7.5–12.7 cm) retained; no exact converted OD adopted.","","","","","> 241 km/h","","Bi-sector panel","https://cciproducts.com/index.php/products/antennas/bi-sector-antennas/item/1416","1.6","","","","","","","","","","","","","Unavailable","","{""front"":""Reference geometry is not a supported nominal panel envelope."",""side"":""Reference geometry is not a supported nominal panel envelope."",""rear"":""Reference geometry is not a supported nominal panel envelope."",""max"":""Maximum-force direction and matching reference area are not established; no maximum coefficient is inferred.""}"
"PANEL-CCI-1204","CCI","BSA33R-KE8A","Passive","catalogue","","","","","","","","","","","","","","","Bi-sector panel; operating ranges not verified","","","","","","","Public directory snapshot; 2 October 2026","2026-10-02","","","","","https://cciproducts.com/index.php/products/antennas/bi-sector-antennas?start=25","65bdd2f1ac116540195246afba3484bac14589ab24fb556725c3e29ec4644c16","identity: Public bisector listing: exact visible model BSA33R-KE8A","Exact model identity indexed from the public CCI directory. Open Product page for its documents; individual spec sheet and mechanical/RF parameters remain unverified. Directory inclusion does not establish current supply or Australian operator use.","","","","","","","Bi-sector panel","https://cciproducts.com/index.php/products/antennas/bi-sector-antennas/item/1204","","","","","","","","","","","","","","Unavailable","","{""front"":""Exact wind and dimension source pages are not verified."",""side"":""Exact wind and dimension source pages are not verified."",""rear"":""Exact wind and dimension source pages are not verified."",""max"":""Maximum-force direction and matching reference area are not established; no maximum coefficient is inferred.""}"
"PANEL-CCI-1390","CCI","BSA33R-KE8B","Passive","datasheet","2436","723","245","69.6","Without mounting kit","","","","","","","","16","4.3-10 Female","698-960 MHz / 1695-2690 MHz","2673","1097","","","161","","Revision 1.0; 19 August 2021","2026-10-02","https://cciproducts.com/DsPdf/ds-bsa33rke8b-v1_0-210819.pdf","","4","4","https://cciproducts.com/DsPdf/ds-bsa33rke8b-v1_0-210819.pdf","b23171dad2e81972e24961fc7b737831d20207a16f981a745ba8ea1d95f0b9c5","identity: PDF p. 1, exact model heading and printed revision/date; dimensions: PDF p. 4, Dimensions (L × W × D), printed metric values; L mapped to H; mass: PDF p. 4, Weight and weight-exclusion footnote; rf: PDF pp. 2, 3, explicit Ports coverage headers / RF parameters; PDF p. 4, connector count and interface; wind: PDF p. 4, front/side wind loads at 161 km/h and survival inequality; mounting: PDF p. 4, original mounting pole description; efpa: PDF p. 4, Equivalent Flat Plate Area, printed metric value","Published metric L/W/D values are retained as H/W/D. Wind forces remain at 161 km/h; rear and maximum-direction force not stated. Survival speed is an inequality. Operating ranges follow explicit port coverage, not sampled performance columns. Antenna mass excludes mounting; no shipping mass or unreviewed kit mass adopted. Equivalent flat plate area is kept separately from EPA and has not been relabelled or derived. Mounting pole description 3–5 in (7.5–12.7 cm) retained; no exact converted OD adopted.","","","","","> 241 km/h","","Bi-sector panel","https://cciproducts.com/index.php/products/antennas/bi-sector-antennas/item/1390","2.2","","","","","","","","","","","","","Unavailable","","{""front"":""Reference geometry is not a supported nominal panel envelope."",""side"":""Reference geometry is not a supported nominal panel envelope."",""rear"":""Reference geometry is not a supported nominal panel envelope."",""max"":""Maximum-force direction and matching reference area are not established; no maximum coefficient is inferred.""}"
"PANEL-CCI-827","CCI","BSA33R-U3A","Passive","catalogue","","","","","","","","","","","","","","","Bi-sector panel; operating ranges not verified","","","","","","","Public directory snapshot; 2 October 2026","2026-10-02","","","","","https://cciproducts.com/index.php/products/antennas/bi-sector-antennas?start=25","65bdd2f1ac116540195246afba3484bac14589ab24fb556725c3e29ec4644c16","identity: Public bisector listing: exact visible model BSA33R-U3A","Exact model identity indexed from the public CCI directory. Open Product page for its documents; individual spec sheet and mechanical/RF parameters remain unverified. Directory inclusion does not establish current supply or Australian operator use.","","","","","","","Bi-sector panel","https://cciproducts.com/index.php/products/antennas/bi-sector-antennas/item/827","","","","","","","","","","","","","","Unavailable","","{""front"":""Exact wind and dimension source pages are not verified."",""side"":""Exact wind and dimension source pages are not verified."",""rear"":""Exact wind and dimension source pages are not verified."",""max"":""Maximum-force direction and matching reference area are not established; no maximum coefficient is inferred.""}"
"PANEL-CCI-1094","CCI","BSA33R-U5C","Passive","catalogue","","","","","","","","","","","","","","","Bi-sector panel; operating ranges not verified","","","","","","","Public directory snapshot; 2 October 2026","2026-10-02","","","","","https://cciproducts.com/index.php/products/antennas/bi-sector-antennas?start=25","65bdd2f1ac116540195246afba3484bac14589ab24fb556725c3e29ec4644c16","identity: Public bisector listing: exact visible model BSA33R-U5C","Exact model identity indexed from the public CCI directory. Open Product page for its documents; individual spec sheet and mechanical/RF parameters remain unverified. Directory inclusion does not establish current supply or Australian operator use.","","","","","","","Bi-sector panel","https://cciproducts.com/index.php/products/antennas/bi-sector-antennas/item/1094","","","","","","","","","","","","","","Unavailable","","{""front"":""Exact wind and dimension source pages are not verified."",""side"":""Exact wind and dimension source pages are not verified."",""rear"":""Exact wind and dimension source pages are not verified."",""max"":""Maximum-force direction and matching reference area are not established; no maximum coefficient is inferred.""}"
"PANEL-CCI-1063","CCI","BSA33R-U6A","Passive","catalogue","","","","","","","","","","","","","","","Bi-sector panel; operating ranges not verified","","","","","","","Public directory snapshot; 2 October 2026","2026-10-02","","","","","https://cciproducts.com/index.php/products/antennas/bi-sector-antennas?start=30","52f4d7d850de458a3e562802af2407d83f6891625c29e221b5b876dcff3a16e4","identity: Public bisector listing: exact visible model BSA33R-U6A","Exact model identity indexed from the public CCI directory. Open Product page for its documents; individual spec sheet and mechanical/RF parameters remain unverified. Directory inclusion does not establish current supply or Australian operator use.","","","","","","","Bi-sector panel","https://cciproducts.com/index.php/products/antennas/bi-sector-antennas/item/1063","","","","","","","","","","","","","","Unavailable","","{""front"":""Exact wind and dimension source pages are not verified."",""side"":""Exact wind and dimension source pages are not verified."",""rear"":""Exact wind and dimension source pages are not verified."",""max"":""Maximum-force direction and matching reference area are not established; no maximum coefficient is inferred.""}"
"PANEL-CCI-1496","CCI","BSA33R-W3A","Passive","catalogue","","","","","","","","","","","","","","","Bi-sector panel; operating ranges not verified","","","","","","","Public directory snapshot; 2 October 2026","2026-10-02","","","","","https://cciproducts.com/index.php/products/antennas/bi-sector-antennas?start=30","52f4d7d850de458a3e562802af2407d83f6891625c29e221b5b876dcff3a16e4","identity: Public bisector listing: exact visible model BSA33R-W3A","Exact model identity indexed from the public CCI directory. Open Product page for its documents; individual spec sheet and mechanical/RF parameters remain unverified. Directory inclusion does not establish current supply or Australian operator use.","","","","","","","Bi-sector panel","https://cciproducts.com/index.php/products/antennas/bi-sector-antennas/item/1496","","","","","","","","","","","","","","Unavailable","","{""front"":""Exact wind and dimension source pages are not verified."",""side"":""Exact wind and dimension source pages are not verified."",""rear"":""Exact wind and dimension source pages are not verified."",""max"":""Maximum-force direction and matching reference area are not established; no maximum coefficient is inferred.""}"
"PANEL-CCI-410","CCI","BSAM65R-BWW-H4","Passive","catalogue","","","","","","","","","","","","","","","Bi-sector panel; operating ranges not verified","","","","","","","Public directory snapshot; 2 October 2026","2026-10-02","","","","","https://cciproducts.com/index.php/products/antennas/bi-sector-antennas?start=30","52f4d7d850de458a3e562802af2407d83f6891625c29e221b5b876dcff3a16e4","identity: Public bisector listing: exact visible model BSAM65R-BWW-H4","Exact model identity indexed from the public CCI directory. Open Product page for its documents; individual spec sheet and mechanical/RF parameters remain unverified. Directory inclusion does not establish current supply or Australian operator use.","","","","","","","Bi-sector panel","https://cciproducts.com/index.php/products/antennas/bi-sector-antennas/item/410","","","","","","","","","","","","","","Unavailable","","{""front"":""Exact wind and dimension source pages are not verified."",""side"":""Exact wind and dimension source pages are not verified."",""rear"":""Exact wind and dimension source pages are not verified."",""max"":""Maximum-force direction and matching reference area are not established; no maximum coefficient is inferred.""}"
"PANEL-CCI-1202","CCI","BSAM65R-BWW-H6","Passive","catalogue","","","","","","","","","","","","","","","Bi-sector panel; operating ranges not verified","","","","","","","Public directory snapshot; 2 October 2026","2026-10-02","","","","","https://cciproducts.com/index.php/products/antennas/bi-sector-antennas?start=30","52f4d7d850de458a3e562802af2407d83f6891625c29e221b5b876dcff3a16e4","identity: Public bisector listing: exact visible model BSAM65R-BWW-H6","Exact model identity indexed from the public CCI directory. Open Product page for its documents; individual spec sheet and mechanical/RF parameters remain unverified. Directory inclusion does not establish current supply or Australian operator use.","","","","","","","Bi-sector panel","https://cciproducts.com/index.php/products/antennas/bi-sector-antennas/item/1202","","","","","","","","","","","","","","Unavailable","","{""front"":""Exact wind and dimension source pages are not verified."",""side"":""Exact wind and dimension source pages are not verified."",""rear"":""Exact wind and dimension source pages are not verified."",""max"":""Maximum-force direction and matching reference area are not established; no maximum coefficient is inferred.""}"
"PANEL-CCI-424","CCI","HBSA-M65R-DU-H6","Passive","catalogue","","","","","","","","","","","","","","","Bi-sector panel; operating ranges not verified","","","","","","","Public directory snapshot; 2 October 2026","2026-10-02","","","","","https://cciproducts.com/index.php/products/antennas/bi-sector-antennas?start=30","52f4d7d850de458a3e562802af2407d83f6891625c29e221b5b876dcff3a16e4","identity: Public bisector listing: exact visible model HBSA-M65R-DU-H6","Exact model identity indexed from the public CCI directory. Open Product page for its documents; individual spec sheet and mechanical/RF parameters remain unverified. Directory inclusion does not establish current supply or Australian operator use.","","","","","","","Bi-sector panel","https://cciproducts.com/index.php/products/antennas/bi-sector-antennas/item/424","","","","","","","","","","","","","","Unavailable","","{""front"":""Exact wind and dimension source pages are not verified."",""side"":""Exact wind and dimension source pages are not verified."",""rear"":""Exact wind and dimension source pages are not verified."",""max"":""Maximum-force direction and matching reference area are not established; no maximum coefficient is inferred.""}"
"PANEL-CCI-425","CCI","HBSA-M65R-DU-H8","Passive","catalogue","","","","","","","","","","","","","","","Bi-sector panel; operating ranges not verified","","","","","","","Public directory snapshot; 2 October 2026","2026-10-02","","","","","https://cciproducts.com/index.php/products/antennas/bi-sector-antennas?start=35","dad4e4282a0fd18f167ccb72bb9ca8814416ceeaea48c0f18653099c5542f669","identity: Public bisector listing: exact visible model HBSA-M65R-DU-H8","Exact model identity indexed from the public CCI directory. Open Product page for its documents; individual spec sheet and mechanical/RF parameters remain unverified. Directory inclusion does not establish current supply or Australian operator use.","","","","","","","Bi-sector panel","https://cciproducts.com/index.php/products/antennas/bi-sector-antennas/item/425","","","","","","","","","","","","","","Unavailable","","{""front"":""Exact wind and dimension source pages are not verified."",""side"":""Exact wind and dimension source pages are not verified."",""rear"":""Exact wind and dimension source pages are not verified."",""max"":""Maximum-force direction and matching reference area are not established; no maximum coefficient is inferred.""}"
"PANEL-CCI-427","CCI","HBSA-M65R-KU-H4","Passive","catalogue","","","","","","","","","","","","","","","Bi-sector panel; operating ranges not verified","","","","","","","Public directory snapshot; 2 October 2026","2026-10-02","","","","","https://cciproducts.com/index.php/products/antennas/bi-sector-antennas?start=35","dad4e4282a0fd18f167ccb72bb9ca8814416ceeaea48c0f18653099c5542f669","identity: Public bisector listing: exact visible model HBSA-M65R-KU-H4","Exact model identity indexed from the public CCI directory. Open Product page for its documents; individual spec sheet and mechanical/RF parameters remain unverified. Directory inclusion does not establish current supply or Australian operator use.","","","","","","","Bi-sector panel","https://cciproducts.com/index.php/products/antennas/bi-sector-antennas/item/427","","","","","","","","","","","","","","Unavailable","","{""front"":""Exact wind and dimension source pages are not verified."",""side"":""Exact wind and dimension source pages are not verified."",""rear"":""Exact wind and dimension source pages are not verified."",""max"":""Maximum-force direction and matching reference area are not established; no maximum coefficient is inferred.""}"
"PANEL-CCI-429","CCI","HBSA-M65R-KU-H8","Passive","catalogue","","","","","","","","","","","","","","","Bi-sector panel; operating ranges not verified","","","","","","","Public directory snapshot; 2 October 2026","2026-10-02","","","","","https://cciproducts.com/index.php/products/antennas/bi-sector-antennas?start=35","dad4e4282a0fd18f167ccb72bb9ca8814416ceeaea48c0f18653099c5542f669","identity: Public bisector listing: exact visible model HBSA-M65R-KU-H8","Exact model identity indexed from the public CCI directory. Open Product page for its documents; individual spec sheet and mechanical/RF parameters remain unverified. Directory inclusion does not establish current supply or Australian operator use.","","","","","","","Bi-sector panel","https://cciproducts.com/index.php/products/antennas/bi-sector-antennas/item/429","","","","","","","","","","","","","","Unavailable","","{""front"":""Exact wind and dimension source pages are not verified."",""side"":""Exact wind and dimension source pages are not verified."",""rear"":""Exact wind and dimension source pages are not verified."",""max"":""Maximum-force direction and matching reference area are not established; no maximum coefficient is inferred.""}"
"PANEL-CCI-804","CCI","HBSA33R-GU6A","Passive","catalogue","","","","","","","","","","","","","","","Bi-sector panel; operating ranges not verified","","","","","","","Public directory snapshot; 2 October 2026","2026-10-02","","","","","https://cciproducts.com/index.php/products/antennas/bi-sector-antennas?start=35","dad4e4282a0fd18f167ccb72bb9ca8814416ceeaea48c0f18653099c5542f669","identity: Public bisector listing: exact visible model HBSA33R-GU6A","Exact model identity indexed from the public CCI directory. Open Product page for its documents; individual spec sheet and mechanical/RF parameters remain unverified. Directory inclusion does not establish current supply or Australian operator use.","","","","","","","Bi-sector panel","https://cciproducts.com/index.php/products/antennas/bi-sector-antennas/item/804","","","","","","","","","","","","","","Unavailable","","{""front"":""Exact wind and dimension source pages are not verified."",""side"":""Exact wind and dimension source pages are not verified."",""rear"":""Exact wind and dimension source pages are not verified."",""max"":""Maximum-force direction and matching reference area are not established; no maximum coefficient is inferred.""}"
"PANEL-CCI-729","CCI","HBSA33R-KE4A","Passive","catalogue","","","","","","","","","","","","","","","Bi-sector panel; operating ranges not verified","","","","","","","Public directory snapshot; 2 October 2026","2026-10-02","","","","","https://cciproducts.com/index.php/products/antennas/bi-sector-antennas?start=35","dad4e4282a0fd18f167ccb72bb9ca8814416ceeaea48c0f18653099c5542f669","identity: Public bisector listing: exact visible model HBSA33R-KE4A","Exact model identity indexed from the public CCI directory. Open Product page for its documents; individual spec sheet and mechanical/RF parameters remain unverified. Directory inclusion does not establish current supply or Australian operator use.","","","","","","","Bi-sector panel","https://cciproducts.com/index.php/products/antennas/bi-sector-antennas/item/729","","","","","","","","","","","","","","Unavailable","","{""front"":""Exact wind and dimension source pages are not verified."",""side"":""Exact wind and dimension source pages are not verified."",""rear"":""Exact wind and dimension source pages are not verified."",""max"":""Maximum-force direction and matching reference area are not established; no maximum coefficient is inferred.""}"
"PANEL-CCI-1116","CCI","HBSA33R-KE6B","Passive","datasheet","1838","348","216","27","Without mounting kit","","","","","","","","10","4.3-10 Female","698-960 MHz / 1695-2690 MHz","1037","705","","","161","","Revision 1.0; 18 August 2021","2026-10-02","https://cciproducts.com/DsPdf/ds-hbsa33rke6b-v1_0-210818.pdf","","3","3","https://cciproducts.com/DsPdf/ds-hbsa33rke6b-v1_0-210818.pdf","f3fbf0f04d259e3284f90d560bbc4ea7e238e9047c8a1b66b88f12113633bed3","identity: PDF p. 1, exact printed model; dimensions: PDF p. 3, antenna dimensions; mass: PDF p. 3, antenna weight and footnote; wind: PDF p. 3, mechanical wind values / stated reference speed; rf: PDF pp. 1-3, explicit Ports coverage headers; mechanical connector count; efpa: PDF p. 3, Equivalent Flat Plate Area; mounting: PDF p. 3, Mounting Pole: 2 to 5 in (5 to 12 cm), rounded source description","Wind forces retain 100 mph (161 km/h); no derived rear or maximum force. Published Equivalent Flat Plate Area is distinct from EPA. Mounting Pole 2 to 5 in (5 to 12 cm) is retained as a rounded source description; no synthetic precise mm limits. Separate RET mass is not mounting-kit mass. No Australian use inferred.","","","","","> 241 km/h","","Bi-sector panel","https://cciproducts.com/index.php/products/antennas/bi-sector-antennas/item/1116","0.8","","","","","","","","","","","","","Unavailable","","{""front"":""Reference geometry is not a supported nominal panel envelope."",""side"":""Reference geometry is not a supported nominal panel envelope."",""rear"":""Reference geometry is not a supported nominal panel envelope."",""max"":""Maximum-force direction and matching reference area are not established; no maximum coefficient is inferred.""}"
"PANEL-CCI-1197","CCI","HBSA33R-KE6C","Passive","datasheet","1838","662","229","50","Without mounting kit","","","","","","","","18","4.3-10 Female","698-960 MHz / 1695-2690 MHz","1808","740","","","161","","Revision 1.0; 17 July 2020","2026-10-02","https://cciproducts.com/DsPdf/ds-hbsa33rke6c-v1_0-200717.pdf","","3","3","https://cciproducts.com/DsPdf/ds-hbsa33rke6c-v1_0-200717.pdf","5ed3cc0d9f8a7f50ef3b097b153b7d0c02a06e811254053f28abc5f74203c369","identity: PDF p. 1, exact model heading and printed revision/date; dimensions: PDF p. 3, Dimensions (L × W × D), printed metric values; L mapped to H; mass: PDF p. 3, Weight and weight-exclusion footnote; rf: PDF pp. 2, 3, explicit Ports coverage headers / RF parameters; PDF p. 3, connector count and interface; wind: PDF p. 3, front/side wind loads at 161 km/h and survival inequality; mounting: PDF p. 3, original mounting pole description; efpa: PDF p. 3, Equivalent Flat Plate Area, printed metric value","Published metric L/W/D values are retained as H/W/D. Wind forces remain at 161 km/h; rear and maximum-direction force not stated. Survival speed is an inequality. Operating ranges follow explicit port coverage, not sampled performance columns. Antenna mass excludes mounting; no shipping mass or unreviewed kit mass adopted. Manufacturer Hybrid Bi-Sector denotes passive beam configurations, not an integrated active radio. Equivalent flat plate area is kept separately from EPA and has not been relabelled or derived. Mounting pole description 2–5 in (5–12 cm) retained; inconsistent rounded equivalents are not an exact adopted metric OD.","","","","","> 241 km/h","","Bi-sector panel","https://cciproducts.com/index.php/products/antennas/bi-sector-antennas/item/1197","1.5","","","","","","","","","","","","","Unavailable","","{""front"":""Reference geometry is not a supported nominal panel envelope."",""side"":""Reference geometry is not a supported nominal panel envelope."",""rear"":""Reference geometry is not a supported nominal panel envelope."",""max"":""Maximum-force direction and matching reference area are not established; no maximum coefficient is inferred.""}"
"PANEL-CCI-1193","CCI","HBSA33R-KE9A","Passive","catalogue","","","","","","","","","","","","","","","Bi-sector panel; operating ranges not verified","","","","","","","Public directory snapshot; 2 October 2026","2026-10-02","","","","","https://cciproducts.com/index.php/products/antennas/bi-sector-antennas?start=40","b70a122763edd6f8e1493390a4bb8863c991af9db2148c2d15963816c8c90535","identity: Public bisector listing: exact visible model HBSA33R-KE9A","Exact model identity indexed from the public CCI directory. Open Product page for its documents; individual spec sheet and mechanical/RF parameters remain unverified. Directory inclusion does not establish current supply or Australian operator use.","","","","","","","Bi-sector panel","https://cciproducts.com/index.php/products/antennas/bi-sector-antennas/item/1193","","","","","","","","","","","","","","Unavailable","","{""front"":""Exact wind and dimension source pages are not verified."",""side"":""Exact wind and dimension source pages are not verified."",""rear"":""Exact wind and dimension source pages are not verified."",""max"":""Maximum-force direction and matching reference area are not established; no maximum coefficient is inferred.""}"
"PANEL-CCI-1200","CCI","HBSA33R-KE9B","Passive","catalogue","","","","","","","","","","","","","","","Bi-sector panel; operating ranges not verified","","","","","","","Public directory snapshot; 2 October 2026","2026-10-02","","","","","https://cciproducts.com/index.php/products/antennas/bi-sector-antennas?start=40","b70a122763edd6f8e1493390a4bb8863c991af9db2148c2d15963816c8c90535","identity: Public bisector listing: exact visible model HBSA33R-KE9B","Exact model identity indexed from the public CCI directory. Open Product page for its documents; individual spec sheet and mechanical/RF parameters remain unverified. Directory inclusion does not establish current supply or Australian operator use.","","","","","","","Bi-sector panel","https://cciproducts.com/index.php/products/antennas/bi-sector-antennas/item/1200","","","","","","","","","","","","","","Unavailable","","{""front"":""Exact wind and dimension source pages are not verified."",""side"":""Exact wind and dimension source pages are not verified."",""rear"":""Exact wind and dimension source pages are not verified."",""max"":""Maximum-force direction and matching reference area are not established; no maximum coefficient is inferred.""}"
"PANEL-CCI-747","CCI","HBSA33R-KU6A","Passive","catalogue","","","","","","","","","","","","","","","Bi-sector panel; operating ranges not verified","","","","","","","Public directory snapshot; 2 October 2026","2026-10-02","","","","","https://cciproducts.com/index.php/products/antennas/bi-sector-antennas?start=40","b70a122763edd6f8e1493390a4bb8863c991af9db2148c2d15963816c8c90535","identity: Public bisector listing: exact visible model HBSA33R-KU6A","Exact model identity indexed from the public CCI directory. Open Product page for its documents; individual spec sheet and mechanical/RF parameters remain unverified. Directory inclusion does not establish current supply or Australian operator use.","","","","","","","Bi-sector panel","https://cciproducts.com/index.php/products/antennas/bi-sector-antennas/item/747","","","","","","","","","","","","","","Unavailable","","{""front"":""Exact wind and dimension source pages are not verified."",""side"":""Exact wind and dimension source pages are not verified."",""rear"":""Exact wind and dimension source pages are not verified."",""max"":""Maximum-force direction and matching reference area are not established; no maximum coefficient is inferred.""}"
"PANEL-CCI-1118","CCI","HBSA33R-KU6B","Passive","datasheet","1838","348","216","27","Without mounting kit","","","","","","","","10","4.3-10 Female","698-960 MHz / 1695-2400 MHz","1037","705","","","161","","Revision 1.0; 7 October 2019","2026-10-02","https://cciproducts.com/DsPdf/ds-hbsa33rku6b-v1_0-191007.pdf","","3","3","https://cciproducts.com/DsPdf/ds-hbsa33rku6b-v1_0-191007.pdf","89cfa4103699e4dc590839f715bc5b4d66ab4d406a9aeb96bc6bc46f1df4b210","identity: PDF p. 1, exact printed model; dimensions: PDF p. 3, antenna dimensions; mass: PDF p. 3, antenna weight and footnote; wind: PDF p. 3, mechanical wind values / stated reference speed; rf: PDF pp. 1-3, explicit Ports coverage headers; mechanical connector count; efpa: PDF p. 3, Equivalent Flat Plate Area; mounting: PDF p. 3, Mounting Pole: 2 to 5 in (5 to 12 cm), rounded source description","Wind forces retain 100 mph (161 km/h); no derived rear or maximum force. Published Equivalent Flat Plate Area is distinct from EPA. Mounting Pole 2 to 5 in (5 to 12 cm) is retained as a rounded source description; no synthetic precise mm limits. Separate RET mass is not mounting-kit mass. No Australian use inferred.","","","","","> 241 km/h","","Bi-sector panel","https://cciproducts.com/index.php/products/antennas/bi-sector-antennas/item/1118","0.8","","","","","","","","","","","","","Unavailable","","{""front"":""Reference geometry is not a supported nominal panel envelope."",""side"":""Reference geometry is not a supported nominal panel envelope."",""rear"":""Reference geometry is not a supported nominal panel envelope."",""max"":""Maximum-force direction and matching reference area are not established; no maximum coefficient is inferred.""}"
"PANEL-CCI-737","CCI","HBSA33R-KU8A","Passive","catalogue","","","","","","","","","","","","","","","Bi-sector panel; operating ranges not verified","","","","","","","Public directory snapshot; 2 October 2026","2026-10-02","","","","","https://cciproducts.com/index.php/products/antennas/bi-sector-antennas?start=45","dc41285622a61eade0e6642a4325dd928b2e56bab364223d485f352f2572c8c4","identity: Public bisector listing: exact visible model HBSA33R-KU8A","Exact model identity indexed from the public CCI directory. Open Product page for its documents; individual spec sheet and mechanical/RF parameters remain unverified. Directory inclusion does not establish current supply or Australian operator use.","","","","","","","Bi-sector panel","https://cciproducts.com/index.php/products/antennas/bi-sector-antennas/item/737","","","","","","","","","","","","","","Unavailable","","{""front"":""Exact wind and dimension source pages are not verified."",""side"":""Exact wind and dimension source pages are not verified."",""rear"":""Exact wind and dimension source pages are not verified."",""max"":""Maximum-force direction and matching reference area are not established; no maximum coefficient is inferred.""}"
"PANEL-CCI-941","CCI","HBSA65R-KUE9A","Passive","datasheet","2700","340","216","31","Without mounting kit and RET","","","","","","","","10","7-16 DIN long-neck Female / 4.3-10 Female; select ordering variant","694-960 MHz / 1695-2690 MHz / 1695-2400 MHz","1611","1132","","","161","","Revision 1.1; 21 June 2018","2026-10-02","https://cciproducts.com/DsPdf/ds-hbsa65rkue9a-v1_1-180621.pdf","","4","4","https://cciproducts.com/DsPdf/ds-hbsa65rkue9a-v1_1-180621.pdf","33b4cdf5716e87822b5cbe3434948f92e17c9b00ae36aa62cb97d1cacf4fc3bf","identity: PDF p. 1, exact model heading and printed revision/date; dimensions: PDF p. 4, Dimensions (L × W × D), printed metric values; L mapped to H; mass: PDF p. 4, Weight and weight-exclusion footnote; rf: PDF p. 3, explicit Ports coverage headers / RF parameters; PDF p. 4, connector count and interface; PDF p. 1, connector ordering options; wind: PDF p. 4, front/side wind loads at 161 km/h and survival inequality; mounting: PDF p. 4, original mounting pole description; efpa: PDF p. 4, Equivalent Flat Plate Area, printed metric value","Published metric L/W/D values are retained as H/W/D. Wind forces remain at 161 km/h; rear and maximum-direction force not stated. Survival speed is an inequality. Operating ranges follow explicit port coverage, not sampled performance columns. Antenna mass excludes mounting; no shipping mass or unreviewed kit mass adopted. Published antenna mass also excludes RET; obtain separate RET / mounting mass for the installed assembly. The sheet separately states RET system weight 3.0 kg; it is not a mounting-kit mass and is not added to the antenna value. Manufacturer Hybrid Bi-Sector denotes passive beam configurations, not an integrated active radio. Connector options require the exact ordering variant; the base heading does not choose one option. R-model mass 31.0 kg; do not substitute the VET variant mass. Connector text prints DIM; PDF p. 1 explicitly identifies the ordering option as 7/16 DIN. Equivalent flat plate area is kept separately from EPA and has not been relabelled or derived. Mounting pole description 2–5 in (5–12 cm) retained; inconsistent rounded equivalents are not an exact adopted metric OD.","","","","","> 241 km/h","","Bi-sector panel","https://cciproducts.com/index.php/products/antennas/bi-sector-antennas/item/941","1.3","","","","","","","","","","","","","Unavailable","","{""front"":""Reference geometry is not a supported nominal panel envelope."",""side"":""Reference geometry is not a supported nominal panel envelope."",""rear"":""Reference geometry is not a supported nominal panel envelope."",""max"":""Maximum-force direction and matching reference area are not established; no maximum coefficient is inferred.""}"
"PANEL-CCI-672","CCI","HBSA65R-KUE9B","Passive","datasheet","2700","340","216","30.4","Without mounting kit and RET","","","","","","","","8","7-16 DIN long-neck Female","694-960 MHz / 1695-2690 MHz / 1695-2400 MHz","1611","1132","","","161","","Revision 1.1; 2 October 2019","2026-10-02","https://cciproducts.com/DsPdf/ds-hbsa65rkue9b-v1_1-191002.pdf","","4","4","https://cciproducts.com/DsPdf/ds-hbsa65rkue9b-v1_1-191002.pdf","19ef21883e4ef9319dac111e67e6b1271abdef77bb12bee9d15f6fee67af6523","identity: PDF p. 1, exact model heading and printed revision/date; dimensions: PDF p. 4, Dimensions (L × W × D), printed metric values; L mapped to H; mass: PDF p. 4, Weight and weight-exclusion footnote; rf: PDF p. 3, explicit Ports coverage headers / RF parameters; PDF p. 4, connector count and interface; wind: PDF p. 4, front/side wind loads at 161 km/h and survival inequality; mounting: PDF p. 4, original mounting pole description; efpa: PDF p. 4, Equivalent Flat Plate Area, printed metric value","Published metric L/W/D values are retained as H/W/D. Wind forces remain at 161 km/h; rear and maximum-direction force not stated. Survival speed is an inequality. Operating ranges follow explicit port coverage, not sampled performance columns. Antenna mass excludes mounting; no shipping mass or unreviewed kit mass adopted. Published antenna mass also excludes RET; obtain separate RET / mounting mass for the installed assembly. The sheet separately states RET system weight 3.0 kg; it is not a mounting-kit mass and is not added to the antenna value. Manufacturer Hybrid Bi-Sector denotes passive beam configurations, not an integrated active radio. This B variant has eight ports and 30.4 kg; A-variant ten-port / 31.0 kg values are not transferable. VET variant mass is excluded. Equivalent flat plate area is kept separately from EPA and has not been relabelled or derived. Mounting pole description 2–5 in (5–12 cm) retained; inconsistent rounded equivalents are not an exact adopted metric OD.","","","","","> 241 km/h","","Bi-sector panel","https://cciproducts.com/index.php/products/antennas/bi-sector-antennas/item/672","1.3","","","","","","","","","","","","","Unavailable","","{""front"":""Reference geometry is not a supported nominal panel envelope."",""side"":""Reference geometry is not a supported nominal panel envelope."",""rear"":""Reference geometry is not a supported nominal panel envelope."",""max"":""Maximum-force direction and matching reference area are not established; no maximum coefficient is inferred.""}"
"PANEL-CCI-807","CCI","MBA3F-B3A","Passive","catalogue","","","","","","","","","","","","","","","Multi-sector / multi-beam panel; operating ranges not verified","","","","","","","Public directory snapshot; 2 October 2026","2026-10-02","","","","","https://cciproducts.com/index.php/products/antennas/multi-sector-special-events-antennas?start=5","6f0bb33e4d639e3775dbae79730ac153cb8fb32bc40b8a1152c93a116345b706","identity: Public multisector listing: exact visible model MBA3F-B3A","Exact model identity indexed from the public CCI directory. Open Product page for its documents; individual spec sheet and mechanical/RF parameters remain unverified. Directory inclusion does not establish current supply or Australian operator use.","","","","","","","Multi-sector / multi-beam panel","https://cciproducts.com/index.php/products/antennas/multi-sector-special-events-antennas/item/807","","","","","","","","","","","","","","Unavailable","","{""front"":""Exact wind and dimension source pages are not verified."",""side"":""Exact wind and dimension source pages are not verified."",""rear"":""Exact wind and dimension source pages are not verified."",""max"":""Maximum-force direction and matching reference area are not established; no maximum coefficient is inferred.""}"
"PANEL-CCI-896","CCI","MBA3F-E3A","Passive","catalogue","","","","","","","","","","","","","","","Multi-sector / multi-beam panel; operating ranges not verified","","","","","","","Public directory snapshot; 2 October 2026","2026-10-02","","","","","https://cciproducts.com/index.php/products/antennas/multi-sector-special-events-antennas?start=5","6f0bb33e4d639e3775dbae79730ac153cb8fb32bc40b8a1152c93a116345b706","identity: Public multisector listing: exact visible model MBA3F-E3A","Exact model identity indexed from the public CCI directory. Open Product page for its documents; individual spec sheet and mechanical/RF parameters remain unverified. Directory inclusion does not establish current supply or Australian operator use.","","","","","","","Multi-sector / multi-beam panel","https://cciproducts.com/index.php/products/antennas/multi-sector-special-events-antennas/item/896","","","","","","","","","","","","","","Unavailable","","{""front"":""Exact wind and dimension source pages are not verified."",""side"":""Exact wind and dimension source pages are not verified."",""rear"":""Exact wind and dimension source pages are not verified."",""max"":""Maximum-force direction and matching reference area are not established; no maximum coefficient is inferred.""}"
"PANEL-CCI-1717","CCI","MBA3F-H3A","Passive","catalogue","","","","","","","","","","","","","","","Multi-sector / multi-beam panel; operating ranges not verified","","","","","","","Public directory snapshot; 2 October 2026","2026-10-02","","","","","https://cciproducts.com/index.php/products/antennas/multi-sector-special-events-antennas?start=5","6f0bb33e4d639e3775dbae79730ac153cb8fb32bc40b8a1152c93a116345b706","identity: Public multisector listing: exact visible model MBA3F-H3A","Exact model identity indexed from the public CCI directory. Open Product page for its documents; individual spec sheet and mechanical/RF parameters remain unverified. Directory inclusion does not establish current supply or Australian operator use.","","","","","","","Multi-sector / multi-beam panel","https://cciproducts.com/index.php/products/antennas/multi-sector-special-events-antennas/item/1717","","","","","","","","","","","","","","Unavailable","","{""front"":""Exact wind and dimension source pages are not verified."",""side"":""Exact wind and dimension source pages are not verified."",""rear"":""Exact wind and dimension source pages are not verified."",""max"":""Maximum-force direction and matching reference area are not established; no maximum coefficient is inferred.""}"
"PANEL-CCI-1432","CCI","MBA3F-K3A","Passive","catalogue","","","","","","","","","","","","","","","Multi-sector / multi-beam panel; operating ranges not verified","","","","","","","Public directory snapshot; 2 October 2026","2026-10-02","","","","","https://cciproducts.com/index.php/products/antennas/multi-sector-special-events-antennas?start=5","6f0bb33e4d639e3775dbae79730ac153cb8fb32bc40b8a1152c93a116345b706","identity: Public multisector listing: exact visible model MBA3F-K3A","Exact model identity indexed from the public CCI directory. Open Product page for its documents; individual spec sheet and mechanical/RF parameters remain unverified. Directory inclusion does not establish current supply or Australian operator use.","","","","","","","Multi-sector / multi-beam panel","https://cciproducts.com/index.php/products/antennas/multi-sector-special-events-antennas/item/1432","","","","","","","","","","","","","","Unavailable","","{""front"":""Exact wind and dimension source pages are not verified."",""side"":""Exact wind and dimension source pages are not verified."",""rear"":""Exact wind and dimension source pages are not verified."",""max"":""Maximum-force direction and matching reference area are not established; no maximum coefficient is inferred.""}"
"PANEL-CCI-784","CCI","MBA3F-U3A","Passive","catalogue","","","","","","","","","","","","","","","Multi-sector / multi-beam panel; operating ranges not verified","","","","","","","Public directory snapshot; 2 October 2026","2026-10-02","","","","","https://cciproducts.com/index.php/products/antennas/multi-sector-special-events-antennas?start=5","6f0bb33e4d639e3775dbae79730ac153cb8fb32bc40b8a1152c93a116345b706","identity: Public multisector listing: exact visible model MBA3F-U3A","Exact model identity indexed from the public CCI directory. Open Product page for its documents; individual spec sheet and mechanical/RF parameters remain unverified. Directory inclusion does not establish current supply or Australian operator use.","","","","","","","Multi-sector / multi-beam panel","https://cciproducts.com/index.php/products/antennas/multi-sector-special-events-antennas/item/784","","","","","","","","","","","","","","Unavailable","","{""front"":""Exact wind and dimension source pages are not verified."",""side"":""Exact wind and dimension source pages are not verified."",""rear"":""Exact wind and dimension source pages are not verified."",""max"":""Maximum-force direction and matching reference area are not established; no maximum coefficient is inferred.""}"
"PANEL-CCI-809","CCI","MBA3F-W3A","Passive","catalogue","","","","","","","","","","","","","","","Multi-sector / multi-beam panel; operating ranges not verified","","","","","","","Public directory snapshot; 2 October 2026","2026-10-02","","","","","https://cciproducts.com/index.php/products/antennas/multi-sector-special-events-antennas?start=10","0ca3fd609f742100686684baaaa25425bc1e3685696db49c9232a30d4fc652a6","identity: Public multisector listing: exact visible model MBA3F-W3A","Exact model identity indexed from the public CCI directory. Open Product page for its documents; individual spec sheet and mechanical/RF parameters remain unverified. Directory inclusion does not establish current supply or Australian operator use.","","","","","","","Multi-sector / multi-beam panel","https://cciproducts.com/index.php/products/antennas/multi-sector-special-events-antennas/item/809","","","","","","","","","","","","","","Unavailable","","{""front"":""Exact wind and dimension source pages are not verified."",""side"":""Exact wind and dimension source pages are not verified."",""rear"":""Exact wind and dimension source pages are not verified."",""max"":""Maximum-force direction and matching reference area are not established; no maximum coefficient is inferred.""}"
"PANEL-CCI-808","CCI","MBA3R-B4A","Passive","catalogue","","","","","","","","","","","","","","","Multi-sector / multi-beam panel; operating ranges not verified","","","","","","","Public directory snapshot; 2 October 2026","2026-10-02","","","","","https://cciproducts.com/index.php/products/antennas/multi-sector-special-events-antennas?start=10","0ca3fd609f742100686684baaaa25425bc1e3685696db49c9232a30d4fc652a6","identity: Public multisector listing: exact visible model MBA3R-B4A","Exact model identity indexed from the public CCI directory. Open Product page for its documents; individual spec sheet and mechanical/RF parameters remain unverified. Directory inclusion does not establish current supply or Australian operator use.","","","","","","","Multi-sector / multi-beam panel","https://cciproducts.com/index.php/products/antennas/multi-sector-special-events-antennas/item/808","","","","","","","","","","","","","","Unavailable","","{""front"":""Exact wind and dimension source pages are not verified."",""side"":""Exact wind and dimension source pages are not verified."",""rear"":""Exact wind and dimension source pages are not verified."",""max"":""Maximum-force direction and matching reference area are not established; no maximum coefficient is inferred.""}"
"PANEL-CCI-700","CCI","MBA3R-K4A","Passive","catalogue","","","","","","","","","","","","","","","Multi-sector / multi-beam panel; operating ranges not verified","","","","","","","Public directory snapshot; 2 October 2026","2026-10-02","","","","","https://cciproducts.com/index.php/products/antennas/multi-sector-special-events-antennas?start=10","0ca3fd609f742100686684baaaa25425bc1e3685696db49c9232a30d4fc652a6","identity: Public multisector listing: exact visible model MBA3R-K4A","Exact model identity indexed from the public CCI directory. Open Product page for its documents; individual spec sheet and mechanical/RF parameters remain unverified. Directory inclusion does not establish current supply or Australian operator use.","","","","","","","Multi-sector / multi-beam panel","https://cciproducts.com/index.php/products/antennas/multi-sector-special-events-antennas/item/700","","","","","","","","","","","","","","Unavailable","","{""front"":""Exact wind and dimension source pages are not verified."",""side"":""Exact wind and dimension source pages are not verified."",""rear"":""Exact wind and dimension source pages are not verified."",""max"":""Maximum-force direction and matching reference area are not established; no maximum coefficient is inferred.""}"
"PANEL-CCI-715","CCI","MBA5F-U3A","Passive","catalogue","","","","","","","","","","","","","","","Multi-sector / multi-beam panel; operating ranges not verified","","","","","","","Public directory snapshot; 2 October 2026","2026-10-02","","","","","https://cciproducts.com/index.php/products/antennas/multi-sector-special-events-antennas?start=10","0ca3fd609f742100686684baaaa25425bc1e3685696db49c9232a30d4fc652a6","identity: Public multisector listing: exact visible model MBA5F-U3A","Exact model identity indexed from the public CCI directory. Open Product page for its documents; individual spec sheet and mechanical/RF parameters remain unverified. Directory inclusion does not establish current supply or Australian operator use.","","","","","","","Multi-sector / multi-beam panel","https://cciproducts.com/index.php/products/antennas/multi-sector-special-events-antennas/item/715","","","","","","","","","","","","","","Unavailable","","{""front"":""Exact wind and dimension source pages are not verified."",""side"":""Exact wind and dimension source pages are not verified."",""rear"":""Exact wind and dimension source pages are not verified."",""max"":""Maximum-force direction and matching reference area are not established; no maximum coefficient is inferred.""}"
"PANEL-CCI-1518","CCI","MBA6-11F-BU-H3","Passive","catalogue","","","","","","","","","","","","","","","Multi-sector / multi-beam panel; operating ranges not verified","","","","","","","Public directory snapshot; 2 October 2026","2026-10-02","","","","","https://cciproducts.com/index.php/products/antennas/multi-sector-special-events-antennas?start=10","0ca3fd609f742100686684baaaa25425bc1e3685696db49c9232a30d4fc652a6","identity: Public multisector listing: exact visible model MBA6-11F-BU-H3","Exact model identity indexed from the public CCI directory. Open Product page for its documents; individual spec sheet and mechanical/RF parameters remain unverified. Directory inclusion does not establish current supply or Australian operator use.","","","","","","","Multi-sector / multi-beam panel","https://cciproducts.com/index.php/products/antennas/multi-sector-special-events-antennas/item/1518","","","","","","","","","","","","","","Unavailable","","{""front"":""Exact wind and dimension source pages are not verified."",""side"":""Exact wind and dimension source pages are not verified."",""rear"":""Exact wind and dimension source pages are not verified."",""max"":""Maximum-force direction and matching reference area are not established; no maximum coefficient is inferred.""}"
"PANEL-CCI-1524","CCI","MBA6-11F-CP-H3","Passive","catalogue","","","","","","","","","","","","","","","Multi-sector / multi-beam panel; operating ranges not verified","","","","","","","Public directory snapshot; 2 October 2026","2026-10-02","","","","","https://cciproducts.com/index.php/products/antennas/multi-sector-special-events-antennas?start=15","e6374ba65b848b23c8da489c5036625d11306c812efbf3ef1fc4de38b1c7e9a5","identity: Public multisector listing: exact visible model MBA6-11F-CP-H3","Exact model identity indexed from the public CCI directory. Open Product page for its documents; individual spec sheet and mechanical/RF parameters remain unverified. Directory inclusion does not establish current supply or Australian operator use.","","","","","","","Multi-sector / multi-beam panel","https://cciproducts.com/index.php/products/antennas/multi-sector-special-events-antennas/item/1524","","","","","","","","","","","","","","Unavailable","","{""front"":""Exact wind and dimension source pages are not verified."",""side"":""Exact wind and dimension source pages are not verified."",""rear"":""Exact wind and dimension source pages are not verified."",""max"":""Maximum-force direction and matching reference area are not established; no maximum coefficient is inferred.""}"
"PANEL-CCI-1527","CCI","MBA6-9F-BW-H3","Passive","catalogue","","","","","","","","","","","","","","","Multi-sector / multi-beam panel; operating ranges not verified","","","","","","","Public directory snapshot; 2 October 2026","2026-10-02","","","","","https://cciproducts.com/index.php/products/antennas/multi-sector-special-events-antennas?start=15","e6374ba65b848b23c8da489c5036625d11306c812efbf3ef1fc4de38b1c7e9a5","identity: Public multisector listing: exact visible model MBA6-9F-BW-H3","Exact model identity indexed from the public CCI directory. Open Product page for its documents; individual spec sheet and mechanical/RF parameters remain unverified. Directory inclusion does not establish current supply or Australian operator use.","","","","","","","Multi-sector / multi-beam panel","https://cciproducts.com/index.php/products/antennas/multi-sector-special-events-antennas/item/1527","","","","","","","","","","","","","","Unavailable","","{""front"":""Exact wind and dimension source pages are not verified."",""side"":""Exact wind and dimension source pages are not verified."",""rear"":""Exact wind and dimension source pages are not verified."",""max"":""Maximum-force direction and matching reference area are not established; no maximum coefficient is inferred.""}"
"PANEL-CCI-1537","CCI","MBA6-9F-E-H3","Passive","catalogue","","","","","","","","","","","","","","","Multi-sector / multi-beam panel; operating ranges not verified","","","","","","","Public directory snapshot; 2 October 2026","2026-10-02","","","","","https://cciproducts.com/index.php/products/antennas/multi-sector-special-events-antennas?start=15","e6374ba65b848b23c8da489c5036625d11306c812efbf3ef1fc4de38b1c7e9a5","identity: Public multisector listing: exact visible model MBA6-9F-E-H3","Exact model identity indexed from the public CCI directory. Open Product page for its documents; individual spec sheet and mechanical/RF parameters remain unverified. Directory inclusion does not establish current supply or Australian operator use.","","","","","","","Multi-sector / multi-beam panel","https://cciproducts.com/index.php/products/antennas/multi-sector-special-events-antennas/item/1537","","","","","","","","","","","","","","Unavailable","","{""front"":""Exact wind and dimension source pages are not verified."",""side"":""Exact wind and dimension source pages are not verified."",""rear"":""Exact wind and dimension source pages are not verified."",""max"":""Maximum-force direction and matching reference area are not established; no maximum coefficient is inferred.""}"
"PANEL-CCI-483","CCI","MBA6-9F-P-H3","Passive","catalogue","","","","","","","","","","","","","","","Multi-sector / multi-beam panel; operating ranges not verified","","","","","","","Public directory snapshot; 2 October 2026","2026-10-02","","","","","https://cciproducts.com/index.php/products/antennas/multi-sector-special-events-antennas?start=15","e6374ba65b848b23c8da489c5036625d11306c812efbf3ef1fc4de38b1c7e9a5","identity: Public multisector listing: exact visible model MBA6-9F-P-H3","Exact model identity indexed from the public CCI directory. Open Product page for its documents; individual spec sheet and mechanical/RF parameters remain unverified. Directory inclusion does not establish current supply or Australian operator use.","","","","","","","Multi-sector / multi-beam panel","https://cciproducts.com/index.php/products/antennas/multi-sector-special-events-antennas/item/483","","","","","","","","","","","","","","Unavailable","","{""front"":""Exact wind and dimension source pages are not verified."",""side"":""Exact wind and dimension source pages are not verified."",""rear"":""Exact wind and dimension source pages are not verified."",""max"":""Maximum-force direction and matching reference area are not established; no maximum coefficient is inferred.""}"
"PANEL-CCI-455","CCI","MBA6-9F-V-H3","Passive","catalogue","","","","","","","","","","","","","","","Multi-sector / multi-beam panel; operating ranges not verified","","","","","","","Public directory snapshot; 2 October 2026","2026-10-02","","","","","https://cciproducts.com/index.php/products/antennas/multi-sector-special-events-antennas?start=15","e6374ba65b848b23c8da489c5036625d11306c812efbf3ef1fc4de38b1c7e9a5","identity: Public multisector listing: exact visible model MBA6-9F-V-H3","Exact model identity indexed from the public CCI directory. Open Product page for its documents; individual spec sheet and mechanical/RF parameters remain unverified. Directory inclusion does not establish current supply or Australian operator use.","","","","","","","Multi-sector / multi-beam panel","https://cciproducts.com/index.php/products/antennas/multi-sector-special-events-antennas/item/455","","","","","","","","","","","","","","Unavailable","","{""front"":""Exact wind and dimension source pages are not verified."",""side"":""Exact wind and dimension source pages are not verified."",""rear"":""Exact wind and dimension source pages are not verified."",""max"":""Maximum-force direction and matching reference area are not established; no maximum coefficient is inferred.""}"
"PANEL-CCI-394","CCI","MBA6-9F-W-H3","Passive","catalogue","","","","","","","","","","","","","","","Multi-sector / multi-beam panel; operating ranges not verified","","","","","","","Public directory snapshot; 2 October 2026","2026-10-02","","","","","https://cciproducts.com/index.php/products/antennas/multi-sector-special-events-antennas?start=20","d8d76816d1c1ee9a44e761b1f4afd5718986ef4498a49f4c2bad3bd897a2933a","identity: Public multisector listing: exact visible model MBA6-9F-W-H3","Exact model identity indexed from the public CCI directory. Open Product page for its documents; individual spec sheet and mechanical/RF parameters remain unverified. Directory inclusion does not establish current supply or Australian operator use.","","","","","","","Multi-sector / multi-beam panel","https://cciproducts.com/index.php/products/antennas/multi-sector-special-events-antennas/item/394","","","","","","","","","","","","","","Unavailable","","{""front"":""Exact wind and dimension source pages are not verified."",""side"":""Exact wind and dimension source pages are not verified."",""rear"":""Exact wind and dimension source pages are not verified."",""max"":""Maximum-force direction and matching reference area are not established; no maximum coefficient is inferred.""}"
"PANEL-CCI-844","CCI","MBA6F-V2A","Passive","catalogue","","","","","","","","","","","","","","","Multi-sector / multi-beam panel; operating ranges not verified","","","","","","","Public directory snapshot; 2 October 2026","2026-10-02","","","","","https://cciproducts.com/index.php/products/antennas/multi-sector-special-events-antennas?start=20","d8d76816d1c1ee9a44e761b1f4afd5718986ef4498a49f4c2bad3bd897a2933a","identity: Public multisector listing: exact visible model MBA6F-V2A","Exact model identity indexed from the public CCI directory. Open Product page for its documents; individual spec sheet and mechanical/RF parameters remain unverified. Directory inclusion does not establish current supply or Australian operator use.","","","","","","","Multi-sector / multi-beam panel","https://cciproducts.com/index.php/products/antennas/multi-sector-special-events-antennas/item/844","","","","","","","","","","","","","","Unavailable","","{""front"":""Exact wind and dimension source pages are not verified."",""side"":""Exact wind and dimension source pages are not verified."",""rear"":""Exact wind and dimension source pages are not verified."",""max"":""Maximum-force direction and matching reference area are not established; no maximum coefficient is inferred.""}"
"PANEL-CCI-1540","CCI","MBA6F-W3A","Passive","catalogue","","","","","","","","","","","","","","","Multi-sector / multi-beam panel; operating ranges not verified","","","","","","","Public directory snapshot; 2 October 2026","2026-10-02","","","","","https://cciproducts.com/index.php/products/antennas/multi-sector-special-events-antennas?start=20","d8d76816d1c1ee9a44e761b1f4afd5718986ef4498a49f4c2bad3bd897a2933a","identity: Public multisector listing: exact visible model MBA6F-W3A","Exact model identity indexed from the public CCI directory. Open Product page for its documents; individual spec sheet and mechanical/RF parameters remain unverified. Directory inclusion does not establish current supply or Australian operator use.","","","","","","","Multi-sector / multi-beam panel","https://cciproducts.com/index.php/products/antennas/multi-sector-special-events-antennas/item/1540","","","","","","","","","","","","","","Unavailable","","{""front"":""Exact wind and dimension source pages are not verified."",""side"":""Exact wind and dimension source pages are not verified."",""rear"":""Exact wind and dimension source pages are not verified."",""max"":""Maximum-force direction and matching reference area are not established; no maximum coefficient is inferred.""}"
"PANEL-CCI-1581","CCI","MBA9-6F-P-H3","Passive","catalogue","","","","","","","","","","","","","","","Multi-sector / multi-beam panel; operating ranges not verified","","","","","","","Public directory snapshot; 2 October 2026","2026-10-02","","","","","https://cciproducts.com/index.php/products/antennas/multi-sector-special-events-antennas?start=20","d8d76816d1c1ee9a44e761b1f4afd5718986ef4498a49f4c2bad3bd897a2933a","identity: Public multisector listing: exact visible model MBA9-6F-P-H3","Exact model identity indexed from the public CCI directory. Open Product page for its documents; individual spec sheet and mechanical/RF parameters remain unverified. Directory inclusion does not establish current supply or Australian operator use.","","","","","","","Multi-sector / multi-beam panel","https://cciproducts.com/index.php/products/antennas/multi-sector-special-events-antennas/item/1581","","","","","","","","","","","","","","Unavailable","","{""front"":""Exact wind and dimension source pages are not verified."",""side"":""Exact wind and dimension source pages are not verified."",""rear"":""Exact wind and dimension source pages are not verified."",""max"":""Maximum-force direction and matching reference area are not established; no maximum coefficient is inferred.""}"
"PANEL-CCI-1580","CCI","MBA9-6F-U-H3","Passive","catalogue","","","","","","","","","","","","","","","Multi-sector / multi-beam panel; operating ranges not verified","","","","","","","Public directory snapshot; 2 October 2026","2026-10-02","","","","","https://cciproducts.com/index.php/products/antennas/multi-sector-special-events-antennas?start=20","d8d76816d1c1ee9a44e761b1f4afd5718986ef4498a49f4c2bad3bd897a2933a","identity: Public multisector listing: exact visible model MBA9-6F-U-H3","Exact model identity indexed from the public CCI directory. Open Product page for its documents; individual spec sheet and mechanical/RF parameters remain unverified. Directory inclusion does not establish current supply or Australian operator use.","","","","","","","Multi-sector / multi-beam panel","https://cciproducts.com/index.php/products/antennas/multi-sector-special-events-antennas/item/1580","","","","","","","","","","","","","","Unavailable","","{""front"":""Exact wind and dimension source pages are not verified."",""side"":""Exact wind and dimension source pages are not verified."",""rear"":""Exact wind and dimension source pages are not verified."",""max"":""Maximum-force direction and matching reference area are not established; no maximum coefficient is inferred.""}"
"PANEL-CCI-1592","CCI","MBA9-6F-W-H3","Passive","catalogue","","","","","","","","","","","","","","","Multi-sector / multi-beam panel; operating ranges not verified","","","","","","","Public directory snapshot; 2 October 2026","2026-10-02","","","","","https://cciproducts.com/index.php/products/antennas/multi-sector-special-events-antennas?start=25","8946dc2ea4d9be3eab49d647392f77d1e1f7a2784fbf4be4797e6047438dde4e","identity: Public multisector listing: exact visible model MBA9-6F-W-H3","Exact model identity indexed from the public CCI directory. Open Product page for its documents; individual spec sheet and mechanical/RF parameters remain unverified. Directory inclusion does not establish current supply or Australian operator use.","","","","","","","Multi-sector / multi-beam panel","https://cciproducts.com/index.php/products/antennas/multi-sector-special-events-antennas/item/1592","","","","","","","","","","","","","","Unavailable","","{""front"":""Exact wind and dimension source pages are not verified."",""side"":""Exact wind and dimension source pages are not verified."",""rear"":""Exact wind and dimension source pages are not verified."",""max"":""Maximum-force direction and matching reference area are not established; no maximum coefficient is inferred.""}"
"PANEL-CCI-1703","CCI","MBA9F-BW3A","Passive","catalogue","","","","","","","","","","","","","","","Multi-sector / multi-beam panel; operating ranges not verified","","","","","","","Public directory snapshot; 2 October 2026","2026-10-02","","","","","https://cciproducts.com/index.php/products/antennas/multi-sector-special-events-antennas?start=25","8946dc2ea4d9be3eab49d647392f77d1e1f7a2784fbf4be4797e6047438dde4e","identity: Public multisector listing: exact visible model MBA9F-BW3A","Exact model identity indexed from the public CCI directory. Open Product page for its documents; individual spec sheet and mechanical/RF parameters remain unverified. Directory inclusion does not establish current supply or Australian operator use.","","","","","","","Multi-sector / multi-beam panel","https://cciproducts.com/index.php/products/antennas/multi-sector-special-events-antennas/item/1703","","","","","","","","","","","","","","Unavailable","","{""front"":""Exact wind and dimension source pages are not verified."",""side"":""Exact wind and dimension source pages are not verified."",""rear"":""Exact wind and dimension source pages are not verified."",""max"":""Maximum-force direction and matching reference area are not established; no maximum coefficient is inferred.""}"
"PANEL-CCI-1585","CCI","MBA9F-KE3A","Passive","datasheet","988","1345","228","41","Without mounting kit","","","","","","1.5","","18","4.3-10 Female","694-960 MHz / 1695-2690 MHz","1745","78","","","161","","Revision 1.4; 14 September 2023","2026-10-02","https://cciproducts.com/DsPdf/ds-mba9fke3a-v1_4-230914.pdf","","3","3","https://cciproducts.com/DsPdf/ds-mba9fke3a-v1_4-230914.pdf","7b5bfa0166b234be8471ae73e2f494ad92e024d3cb3d031576aa5d861b6d0ff5","identity: PDF p. 1, exact model heading and printed revision/date; dimensions: PDF p. 3, Dimensions (L × W × D), printed metric values; L mapped to H; mass: PDF p. 3, Weight and weight-exclusion footnote; rf: PDF p. 2, explicit Ports coverage headers / RF parameters; PDF p. 3, connector count and interface; wind: PDF p. 3, front/side wind loads at 161 km/h and survival inequality; mounting: PDF p. 3, original mounting pole description; epa: PDF p. 3, Effective Projective Area (EPA), Front","Published metric L/W/D values are retained as H/W/D. Wind forces remain at 161 km/h; rear and maximum-direction force not stated. Survival speed is an inequality. Operating ranges follow explicit port coverage, not sampled performance columns. Antenna mass excludes mounting; no shipping mass or unreviewed kit mass adopted. Mounting pole description 2–5 in (5–12 cm) retained; inconsistent rounded equivalents are not an exact adopted metric OD.","","","","","> 241 km/h","","Multi-sector / multi-beam panel","https://cciproducts.com/index.php/products/antennas/multi-sector-special-events-antennas/item/1585","","","","","","","","","","","","","","Unavailable","","{""front"":""Reference geometry is not a supported nominal panel envelope."",""side"":""Reference geometry is not a supported nominal panel envelope."",""rear"":""Reference geometry is not a supported nominal panel envelope."",""max"":""Maximum-force direction and matching reference area are not established; no maximum coefficient is inferred.""}"
"PANEL-CCI-712","CCI","MBA9F-V2A","Passive","datasheet","608","1354","170","33.3","Without mounting kit","","","","","","","","18","7-16 DIN long-neck Female / 4.3-10 Female; select ordering variant","2300-2690 MHz","1210","158","","","161","","Revision 1.1; 9 May 2019","2026-10-02","https://cciproducts.com/DsPdf/ds-mba9fv2a-v1_1-190509.pdf","","2","2","https://cciproducts.com/DsPdf/ds-mba9fv2a-v1_1-190509.pdf","9c6652ce737fc080c4a246a1235df9e01ec6aaf0f63446fdbf6ab69eb20659a7","identity: PDF p. 1, exact model heading and printed revision/date; dimensions: PDF p. 2, Dimensions (L × W × D), printed metric values; L mapped to H; mass: PDF p. 2, Weight and weight-exclusion footnote; rf: PDF p. 2, explicit Ports coverage headers / RF parameters; PDF p. 2, connector count and interface; wind: PDF p. 2, front/side wind loads at 161 km/h and survival inequality; mounting: PDF p. 2, original mounting pole description; efpa: PDF p. 2, Equivalent Flat Plate Area, printed metric value","Published metric L/W/D values are retained as H/W/D. Wind forces remain at 161 km/h; rear and maximum-direction force not stated. Survival speed is an inequality. Operating ranges follow explicit port coverage, not sampled performance columns. Antenna mass excludes mounting; no shipping mass or unreviewed kit mass adopted. Connector options require the exact ordering variant; the base heading does not choose one option. Equivalent flat plate area is kept separately from EPA and has not been relabelled or derived. Mounting pole description 2–5 in (5–12 cm) retained; inconsistent rounded equivalents are not an exact adopted metric OD.","","","","","> 241 km/h","","Multi-sector / multi-beam panel","https://cciproducts.com/index.php/products/antennas/multi-sector-special-events-antennas/item/712","1","","","","","","","","","","","","","Unavailable","","{""front"":""Reference geometry is not a supported nominal panel envelope."",""side"":""Reference geometry is not a supported nominal panel envelope."",""rear"":""Reference geometry is not a supported nominal panel envelope."",""max"":""Maximum-force direction and matching reference area are not established; no maximum coefficient is inferred.""}"
"PANEL-CCI-1744","CCI","MBM3R-H3A","Passive","catalogue","","","","","","","","","","","","","","","Multi-sector / multi-beam panel; operating ranges not verified","","","","","","","Public directory snapshot; 2 October 2026","2026-10-02","","","","","https://cciproducts.com/index.php/products/antennas/multi-sector-special-events-antennas?start=25","8946dc2ea4d9be3eab49d647392f77d1e1f7a2784fbf4be4797e6047438dde4e","identity: Public multisector listing: exact visible model MBM3R-H3A","Exact model identity indexed from the public CCI directory. Open Product page for its documents; individual spec sheet and mechanical/RF parameters remain unverified. Directory inclusion does not establish current supply or Australian operator use.","","","","","","","Multi-sector / multi-beam panel","https://cciproducts.com/index.php/products/antennas/multi-sector-special-events-antennas/item/1744","","","","","","","","","","","","","","Unavailable","","{""front"":""Exact wind and dimension source pages are not verified."",""side"":""Exact wind and dimension source pages are not verified."",""rear"":""Exact wind and dimension source pages are not verified."",""max"":""Maximum-force direction and matching reference area are not established; no maximum coefficient is inferred.""}"
"PANEL-CCI-1715","CCI","MBM6F-E3B","Passive","catalogue","","","","","","","","","","","","","","","Multi-sector / multi-beam panel; operating ranges not verified","","","","","","","Public directory snapshot; 2 October 2026","2026-10-02","","","","","https://cciproducts.com/index.php/products/antennas/multi-sector-special-events-antennas?start=30","4a52a0427f9578a9d864b2a64009cf5fcf5311392a00d587f4882cf7eea0c83a","identity: Public multisector listing: exact visible model MBM6F-E3B","Exact model identity indexed from the public CCI directory. Open Product page for its documents; individual spec sheet and mechanical/RF parameters remain unverified. Directory inclusion does not establish current supply or Australian operator use.","","","","","","","Multi-sector / multi-beam panel","https://cciproducts.com/index.php/products/antennas/multi-sector-special-events-antennas/item/1715","","","","","","","","","","","","","","Unavailable","","{""front"":""Exact wind and dimension source pages are not verified."",""side"":""Exact wind and dimension source pages are not verified."",""rear"":""Exact wind and dimension source pages are not verified."",""max"":""Maximum-force direction and matching reference area are not established; no maximum coefficient is inferred.""}"
"PANEL-CCI-1339","CCI","MBM6F-P3B","Passive","catalogue","","","","","","","","","","","","","","","Multi-sector / multi-beam panel; operating ranges not verified","","","","","","","Public directory snapshot; 2 October 2026","2026-10-02","","","","","https://cciproducts.com/index.php/products/antennas/multi-sector-special-events-antennas?start=30","4a52a0427f9578a9d864b2a64009cf5fcf5311392a00d587f4882cf7eea0c83a","identity: Public multisector listing: exact visible model MBM6F-P3B","Exact model identity indexed from the public CCI directory. Open Product page for its documents; individual spec sheet and mechanical/RF parameters remain unverified. Directory inclusion does not establish current supply or Australian operator use.","","","","","","","Multi-sector / multi-beam panel","https://cciproducts.com/index.php/products/antennas/multi-sector-special-events-antennas/item/1339","","","","","","","","","","","","","","Unavailable","","{""front"":""Exact wind and dimension source pages are not verified."",""side"":""Exact wind and dimension source pages are not verified."",""rear"":""Exact wind and dimension source pages are not verified."",""max"":""Maximum-force direction and matching reference area are not established; no maximum coefficient is inferred.""}"
"PANEL-CCI-1341","CCI","MBM6F-U3B","Passive","catalogue","","","","","","","","","","","","","","","Multi-sector / multi-beam panel; operating ranges not verified","","","","","","","Public directory snapshot; 2 October 2026","2026-10-02","","","","","https://cciproducts.com/index.php/products/antennas/multi-sector-special-events-antennas?start=30","4a52a0427f9578a9d864b2a64009cf5fcf5311392a00d587f4882cf7eea0c83a","identity: Public multisector listing: exact visible model MBM6F-U3B","Exact model identity indexed from the public CCI directory. Open Product page for its documents; individual spec sheet and mechanical/RF parameters remain unverified. Directory inclusion does not establish current supply or Australian operator use.","","","","","","","Multi-sector / multi-beam panel","https://cciproducts.com/index.php/products/antennas/multi-sector-special-events-antennas/item/1341","","","","","","","","","","","","","","Unavailable","","{""front"":""Exact wind and dimension source pages are not verified."",""side"":""Exact wind and dimension source pages are not verified."",""rear"":""Exact wind and dimension source pages are not verified."",""max"":""Maximum-force direction and matching reference area are not established; no maximum coefficient is inferred.""}"
"PANEL-CCI-1338","CCI","MBM6F-V3B","Passive","catalogue","","","","","","","","","","","","","","","Multi-sector / multi-beam panel; operating ranges not verified","","","","","","","Public directory snapshot; 2 October 2026","2026-10-02","","","","","https://cciproducts.com/index.php/products/antennas/multi-sector-special-events-antennas?start=30","4a52a0427f9578a9d864b2a64009cf5fcf5311392a00d587f4882cf7eea0c83a","identity: Public multisector listing: exact visible model MBM6F-V3B","Exact model identity indexed from the public CCI directory. Open Product page for its documents; individual spec sheet and mechanical/RF parameters remain unverified. Directory inclusion does not establish current supply or Australian operator use.","","","","","","","Multi-sector / multi-beam panel","https://cciproducts.com/index.php/products/antennas/multi-sector-special-events-antennas/item/1338","","","","","","","","","","","","","","Unavailable","","{""front"":""Exact wind and dimension source pages are not verified."",""side"":""Exact wind and dimension source pages are not verified."",""rear"":""Exact wind and dimension source pages are not verified."",""max"":""Maximum-force direction and matching reference area are not established; no maximum coefficient is inferred.""}"
"PANEL-CCI-1340","CCI","MBM6F-W3B","Passive","catalogue","","","","","","","","","","","","","","","Multi-sector / multi-beam panel; operating ranges not verified","","","","","","","Public directory snapshot; 2 October 2026","2026-10-02","","","","","https://cciproducts.com/index.php/products/antennas/multi-sector-special-events-antennas?start=30","4a52a0427f9578a9d864b2a64009cf5fcf5311392a00d587f4882cf7eea0c83a","identity: Public multisector listing: exact visible model MBM6F-W3B","Exact model identity indexed from the public CCI directory. Open Product page for its documents; individual spec sheet and mechanical/RF parameters remain unverified. Directory inclusion does not establish current supply or Australian operator use.","","","","","","","Multi-sector / multi-beam panel","https://cciproducts.com/index.php/products/antennas/multi-sector-special-events-antennas/item/1340","","","","","","","","","","","","","","Unavailable","","{""front"":""Exact wind and dimension source pages are not verified."",""side"":""Exact wind and dimension source pages are not verified."",""rear"":""Exact wind and dimension source pages are not verified."",""max"":""Maximum-force direction and matching reference area are not established; no maximum coefficient is inferred.""}"
"PANEL-CCI-1272","CCI","MBM9F-BU6A","Passive","catalogue","","","","","","","","","","","","","","","Multi-sector / multi-beam panel; operating ranges not verified","","","","","","","Public directory snapshot; 2 October 2026","2026-10-02","","","","","https://cciproducts.com/index.php/products/antennas/multi-sector-special-events-antennas?start=35","c70f1ee843ae2e95d576b5e23be7e45cfff52cd9c83cd212b68dfe348a22eecf","identity: Public multisector listing: exact visible model MBM9F-BU6A","Exact model identity indexed from the public CCI directory. Open Product page for its documents; individual spec sheet and mechanical/RF parameters remain unverified. Directory inclusion does not establish current supply or Australian operator use.","","","","","","","Multi-sector / multi-beam panel","https://cciproducts.com/index.php/products/antennas/multi-sector-special-events-antennas/item/1272","","","","","","","","","","","","","","Unavailable","","{""front"":""Exact wind and dimension source pages are not verified."",""side"":""Exact wind and dimension source pages are not verified."",""rear"":""Exact wind and dimension source pages are not verified."",""max"":""Maximum-force direction and matching reference area are not established; no maximum coefficient is inferred.""}"
"PANEL-CCI-1230","CCI","MBM9F-BW6A","Passive","catalogue","","","","","","","","","","","","","","","Multi-sector / multi-beam panel; operating ranges not verified","","","","","","","Public directory snapshot; 2 October 2026","2026-10-02","","","","","https://cciproducts.com/index.php/products/antennas/multi-sector-special-events-antennas?start=35","c70f1ee843ae2e95d576b5e23be7e45cfff52cd9c83cd212b68dfe348a22eecf","identity: Public multisector listing: exact visible model MBM9F-BW6A","Exact model identity indexed from the public CCI directory. Open Product page for its documents; individual spec sheet and mechanical/RF parameters remain unverified. Directory inclusion does not establish current supply or Australian operator use.","","","","","","","Multi-sector / multi-beam panel","https://cciproducts.com/index.php/products/antennas/multi-sector-special-events-antennas/item/1230","","","","","","","","","","","","","","Unavailable","","{""front"":""Exact wind and dimension source pages are not verified."",""side"":""Exact wind and dimension source pages are not verified."",""rear"":""Exact wind and dimension source pages are not verified."",""max"":""Maximum-force direction and matching reference area are not established; no maximum coefficient is inferred.""}"
"PANEL-CCI-1718","CCI","MBM9F-E3C","Passive","catalogue","","","","","","","","","","","","","","","Multi-sector / multi-beam panel; operating ranges not verified","","","","","","","Public directory snapshot; 2 October 2026","2026-10-02","","","","","https://cciproducts.com/index.php/products/antennas/multi-sector-special-events-antennas?start=35","c70f1ee843ae2e95d576b5e23be7e45cfff52cd9c83cd212b68dfe348a22eecf","identity: Public multisector listing: exact visible model MBM9F-E3C","Exact model identity indexed from the public CCI directory. Open Product page for its documents; individual spec sheet and mechanical/RF parameters remain unverified. Directory inclusion does not establish current supply or Australian operator use.","","","","","","","Multi-sector / multi-beam panel","https://cciproducts.com/index.php/products/antennas/multi-sector-special-events-antennas/item/1718","","","","","","","","","","","","","","Unavailable","","{""front"":""Exact wind and dimension source pages are not verified."",""side"":""Exact wind and dimension source pages are not verified."",""rear"":""Exact wind and dimension source pages are not verified."",""max"":""Maximum-force direction and matching reference area are not established; no maximum coefficient is inferred.""}"
"PANEL-CCI-1270","CCI","MBM9F-KE6A","Passive","catalogue","","","","","","","","","","","","","","","Multi-sector / multi-beam panel; operating ranges not verified","","","","","","","Public directory snapshot; 2 October 2026","2026-10-02","","","","","https://cciproducts.com/index.php/products/antennas/multi-sector-special-events-antennas?start=35","c70f1ee843ae2e95d576b5e23be7e45cfff52cd9c83cd212b68dfe348a22eecf","identity: Public multisector listing: exact visible model MBM9F-KE6A","Exact model identity indexed from the public CCI directory. Open Product page for its documents; individual spec sheet and mechanical/RF parameters remain unverified. Directory inclusion does not establish current supply or Australian operator use.","","","","","","","Multi-sector / multi-beam panel","https://cciproducts.com/index.php/products/antennas/multi-sector-special-events-antennas/item/1270","","","","","","","","","","","","","","Unavailable","","{""front"":""Exact wind and dimension source pages are not verified."",""side"":""Exact wind and dimension source pages are not verified."",""rear"":""Exact wind and dimension source pages are not verified."",""max"":""Maximum-force direction and matching reference area are not established; no maximum coefficient is inferred.""}"
"PANEL-CCI-1335","CCI","MBM9F-U3C","Passive","catalogue","","","","","","","","","","","","","","","Multi-sector / multi-beam panel; operating ranges not verified","","","","","","","Public directory snapshot; 2 October 2026","2026-10-02","","","","","https://cciproducts.com/index.php/products/antennas/multi-sector-special-events-antennas?start=35","c70f1ee843ae2e95d576b5e23be7e45cfff52cd9c83cd212b68dfe348a22eecf","identity: Public multisector listing: exact visible model MBM9F-U3C","Exact model identity indexed from the public CCI directory. Open Product page for its documents; individual spec sheet and mechanical/RF parameters remain unverified. Directory inclusion does not establish current supply or Australian operator use.","","","","","","","Multi-sector / multi-beam panel","https://cciproducts.com/index.php/products/antennas/multi-sector-special-events-antennas/item/1335","","","","","","","","","","","","","","Unavailable","","{""front"":""Exact wind and dimension source pages are not verified."",""side"":""Exact wind and dimension source pages are not verified."",""rear"":""Exact wind and dimension source pages are not verified."",""max"":""Maximum-force direction and matching reference area are not established; no maximum coefficient is inferred.""}"
"PANEL-CCI-1649","CCI","MBMD6F-E5A","Passive","catalogue","","","","","","","","","","","","","","","Multi-sector / multi-beam panel; operating ranges not verified","","","","","","","Public directory snapshot; 2 October 2026","2026-10-02","","","","","https://cciproducts.com/index.php/products/antennas/multi-sector-special-events-antennas?start=40","c218a1b775e921bdf9493654d755cd69f91c8400ea4e99905bf50b971441a872","identity: Public multisector listing: exact visible model MBMD6F-E5A","Exact model identity indexed from the public CCI directory. Open Product page for its documents; individual spec sheet and mechanical/RF parameters remain unverified. Directory inclusion does not establish current supply or Australian operator use.","","","","","","","Multi-sector / multi-beam panel","https://cciproducts.com/index.php/products/antennas/multi-sector-special-events-antennas/item/1649","","","","","","","","","","","","","","Unavailable","","{""front"":""Exact wind and dimension source pages are not verified."",""side"":""Exact wind and dimension source pages are not verified."",""rear"":""Exact wind and dimension source pages are not verified."",""max"":""Maximum-force direction and matching reference area are not established; no maximum coefficient is inferred.""}"
"PANEL-CCI-1566","CCI","MBMD6F-U7A","Passive","catalogue","","","","","","","","","","","","","","","Multi-sector / multi-beam panel; operating ranges not verified","","","","","","","Public directory snapshot; 2 October 2026","2026-10-02","","","","","https://cciproducts.com/index.php/products/antennas/multi-sector-special-events-antennas?start=40","c218a1b775e921bdf9493654d755cd69f91c8400ea4e99905bf50b971441a872","identity: Public multisector listing: exact visible model MBMD6F-U7A","Exact model identity indexed from the public CCI directory. Open Product page for its documents; individual spec sheet and mechanical/RF parameters remain unverified. Directory inclusion does not establish current supply or Australian operator use.","","","","","","","Multi-sector / multi-beam panel","https://cciproducts.com/index.php/products/antennas/multi-sector-special-events-antennas/item/1566","","","","","","","","","","","","","","Unavailable","","{""front"":""Exact wind and dimension source pages are not verified."",""side"":""Exact wind and dimension source pages are not verified."",""rear"":""Exact wind and dimension source pages are not verified."",""max"":""Maximum-force direction and matching reference area are not established; no maximum coefficient is inferred.""}"
"PANEL-CCI-1573","CCI","MBMD6F-W7A","Passive","catalogue","","","","","","","","","","","","","","","Multi-sector / multi-beam panel; operating ranges not verified","","","","","","","Public directory snapshot; 2 October 2026","2026-10-02","","","","","https://cciproducts.com/index.php/products/antennas/multi-sector-special-events-antennas?start=40","c218a1b775e921bdf9493654d755cd69f91c8400ea4e99905bf50b971441a872","identity: Public multisector listing: exact visible model MBMD6F-W7A","Exact model identity indexed from the public CCI directory. Open Product page for its documents; individual spec sheet and mechanical/RF parameters remain unverified. Directory inclusion does not establish current supply or Australian operator use.","","","","","","","Multi-sector / multi-beam panel","https://cciproducts.com/index.php/products/antennas/multi-sector-special-events-antennas/item/1573","","","","","","","","","","","","","","Unavailable","","{""front"":""Exact wind and dimension source pages are not verified."",""side"":""Exact wind and dimension source pages are not verified."",""rear"":""Exact wind and dimension source pages are not verified."",""max"":""Maximum-force direction and matching reference area are not established; no maximum coefficient is inferred.""}"
"PANEL-CCI-1683","CCI","MBMD9F-BU4A","Passive","catalogue","","","","","","","","","","","","","","","Multi-sector / multi-beam panel; operating ranges not verified","","","","","","","Public directory snapshot; 2 October 2026","2026-10-02","","","","","https://cciproducts.com/index.php/products/antennas/multi-sector-special-events-antennas?start=40","c218a1b775e921bdf9493654d755cd69f91c8400ea4e99905bf50b971441a872","identity: Public multisector listing: exact visible model MBMD9F-BU4A","Exact model identity indexed from the public CCI directory. Open Product page for its documents; individual spec sheet and mechanical/RF parameters remain unverified. Directory inclusion does not establish current supply or Australian operator use.","","","","","","","Multi-sector / multi-beam panel","https://cciproducts.com/index.php/products/antennas/multi-sector-special-events-antennas/item/1683","","","","","","","","","","","","","","Unavailable","","{""front"":""Exact wind and dimension source pages are not verified."",""side"":""Exact wind and dimension source pages are not verified."",""rear"":""Exact wind and dimension source pages are not verified."",""max"":""Maximum-force direction and matching reference area are not established; no maximum coefficient is inferred.""}"
"PANEL-CCI-1704","CCI","MBMD9F-BW4A","Passive","catalogue","","","","","","","","","","","","","","","Multi-sector / multi-beam panel; operating ranges not verified","","","","","","","Public directory snapshot; 2 October 2026","2026-10-02","","","","","https://cciproducts.com/index.php/products/antennas/multi-sector-special-events-antennas?start=40","c218a1b775e921bdf9493654d755cd69f91c8400ea4e99905bf50b971441a872","identity: Public multisector listing: exact visible model MBMD9F-BW4A","Exact model identity indexed from the public CCI directory. Open Product page for its documents; individual spec sheet and mechanical/RF parameters remain unverified. Directory inclusion does not establish current supply or Australian operator use.","","","","","","","Multi-sector / multi-beam panel","https://cciproducts.com/index.php/products/antennas/multi-sector-special-events-antennas/item/1704","","","","","","","","","","","","","","Unavailable","","{""front"":""Exact wind and dimension source pages are not verified."",""side"":""Exact wind and dimension source pages are not verified."",""rear"":""Exact wind and dimension source pages are not verified."",""max"":""Maximum-force direction and matching reference area are not established; no maximum coefficient is inferred.""}"
"PANEL-CCI-1716","CCI","TSB20R-E7A","Passive","datasheet","2272","494","171","38.9","Without mounting kit","","","","","","","","12","4.3-10 Female","1695-2690 MHz","1779","766","","","161","","Revision 1.1; 24 June 2025","2026-10-02","https://cciproducts.com/DsPdf/ds-tsb20re7a-v1_1-250624.pdf","","4","4","https://cciproducts.com/DsPdf/ds-tsb20re7a-v1_1-250624.pdf","cf6f49285ff71aaa58984c45dca2cdfa1def65de6d8f78eeed67172c36702cfe","identity: PDF p. 1, exact model heading and printed revision/date; dimensions: PDF p. 4, Dimensions (L × W × D), printed metric values; L mapped to H; mass: PDF p. 4, Weight and weight-exclusion footnote; rf: PDF p. 3, explicit Ports coverage headers / RF parameters; PDF p. 4, connector count and interface; wind: PDF p. 4, front/side wind loads at 161 km/h and survival inequality; mounting: PDF p. 4, original mounting pole description; efpa: PDF p. 4, Equivalent Flat Plate Area, printed metric value","Published metric L/W/D values are retained as H/W/D. Wind forces remain at 161 km/h; rear and maximum-direction force not stated. Survival speed is an inequality. Operating ranges follow explicit port coverage, not sampled performance columns. Antenna mass excludes mounting; no shipping mass or unreviewed kit mass adopted. Equivalent flat plate area is kept separately from EPA and has not been relabelled or derived. Mounting pole description 2–5 in (5–12 cm) retained; inconsistent rounded equivalents are not an exact adopted metric OD.","","","","","> 241 km/h","","Multi-sector / multi-beam panel","https://cciproducts.com/index.php/products/antennas/multi-sector-special-events-antennas/item/1716","1.5","","","","","","","","","","","","","Unavailable","","{""front"":""Reference geometry is not a supported nominal panel envelope."",""side"":""Reference geometry is not a supported nominal panel envelope."",""rear"":""Reference geometry is not a supported nominal panel envelope."",""max"":""Maximum-force direction and matching reference area are not established; no maximum coefficient is inferred.""}"
"PANEL-CCI-1266","CCI","TSB20R-U7A","Passive","catalogue","","","","","","","","","","","","","","","Multi-sector / multi-beam panel; operating ranges not verified","","","","","","","Public directory snapshot; 2 October 2026","2026-10-02","","","","","https://cciproducts.com/index.php/products/antennas/multi-sector-special-events-antennas?start=45","03073069a5a175d3e1f6082e753f6040e2d116af84d15131ace5f0513251a6fa","identity: Public multisector listing: exact visible model TSB20R-U7A","Exact model identity indexed from the public CCI directory. Open Product page for its documents; individual spec sheet and mechanical/RF parameters remain unverified. Directory inclusion does not establish current supply or Australian operator use.","","","","","","","Multi-sector / multi-beam panel","https://cciproducts.com/index.php/products/antennas/multi-sector-special-events-antennas/item/1266","","","","","","","","","","","","","","Unavailable","","{""front"":""Exact wind and dimension source pages are not verified."",""side"":""Exact wind and dimension source pages are not verified."",""rear"":""Exact wind and dimension source pages are not verified."",""max"":""Maximum-force direction and matching reference area are not established; no maximum coefficient is inferred.""}"
"PANEL-CCI-1343","CCI","TSB20R-W7A","Passive","catalogue","","","","","","","","","","","","","","","Multi-sector / multi-beam panel; operating ranges not verified","","","","","","","Public directory snapshot; 2 October 2026","2026-10-02","","","","","https://cciproducts.com/index.php/products/antennas/multi-sector-special-events-antennas?start=45","03073069a5a175d3e1f6082e753f6040e2d116af84d15131ace5f0513251a6fa","identity: Public multisector listing: exact visible model TSB20R-W7A","Exact model identity indexed from the public CCI directory. Open Product page for its documents; individual spec sheet and mechanical/RF parameters remain unverified. Directory inclusion does not establish current supply or Australian operator use.","","","","","","","Multi-sector / multi-beam panel","https://cciproducts.com/index.php/products/antennas/multi-sector-special-events-antennas/item/1343","","","","","","","","","","","","","","Unavailable","","{""front"":""Exact wind and dimension source pages are not verified."",""side"":""Exact wind and dimension source pages are not verified."",""rear"":""Exact wind and dimension source pages are not verified."",""max"":""Maximum-force direction and matching reference area are not established; no maximum coefficient is inferred.""}"
"PANEL-CCI-1726","CCI","14C65R-BUH5A","Passive","datasheet","1514","332","214","19.3","Without mounting kit","","","","","","0.5","","14","10 × 4.3-10 Female + 4 × NEX10 Female","698-896 MHz / 1695-2400 MHz / 3300-4000 MHz","590","187","","","161","","Revision 1.3; 11 June 2026","2026-10-02","https://cciproducts.com/DsPdf/ds-14c65rbuh5a-v1_3-260611.pdf","","3","3","https://cciproducts.com/DsPdf/ds-14c65rbuh5a-v1_3-260611.pdf","1856b54950714646f3dc3ebaede9d7f57206dca4b3f3bd3a848cf01d7b581915","identity: PDF p. 1, exact model heading and printed revision/date; dimensions: PDF p. 3, Dimensions (L × W × D), printed metric values; L mapped to H; mass: PDF p. 3, Weight and weight-exclusion footnote; rf: PDF p. 2, explicit Ports coverage headers / RF parameters; PDF p. 3, connector count and interface; wind: PDF p. 3, front/side wind loads at 161 km/h and survival inequality; mounting: PDF p. 3, original mounting pole description; epa: PDF p. 3, Effective Projective Area (EPA), Front","Published metric L/W/D values are retained as H/W/D. Wind forces remain at 161 km/h; rear and maximum-direction force not stated. Survival speed is an inequality. Operating ranges follow explicit port coverage, not sampled performance columns. Antenna mass excludes mounting; no shipping mass or unreviewed kit mass adopted. Mounting pole description 4–10.75 in (10.2–27.3 cm) retained; no exact converted OD adopted.","","","","","> 241 km/h","","Multi-port panel","https://cciproducts.com/index.php/products/antennas/single-sector-multi-port-antennas/item/1726","","","","","","0.9581537622180915","0.4711390636270235","","1.225","0.502648","0.323996","","161","Equivalent estimate only","Assumed ρ = 1.225 kg/m³; nominal envelope H × W for front/rear and H × D for side. Manufacturer test density, drag versus resultant force, pole/bracket contribution and true projected area are not confirmed. C = F / (0.5 × ρ × V² × A), V in m/s. This is not manufacturer Cd, EPA/EFPA or a site-design coefficient.","{""rear"":""No positive published rear wind force."",""max"":""Maximum-force direction and matching reference area are not established; no maximum coefficient is inferred.""}"
"PANEL-CCI-1710","CCI","16C65R-BUH8A","Passive","datasheet","2438","332","214","28.5","Without mounting kit","","","","","","0.9","","16","12 × 4.3-10 Female + 4 × NEX10 Female","698-896 MHz / 1695-2400 MHz / 3300-4000 MHz","1027","327","","","161","","Revision 1.2; 5 February 2026","2026-10-02","https://cciproducts.com/DsPdf/ds-16c65rbuh8a-v1_2-260205.pdf","","3","3","https://cciproducts.com/DsPdf/ds-16c65rbuh8a-v1_2-260205.pdf","e522f901c394911e28ceb3d6c4b26f2ea1b5cf604da063c570f7b0123ef38c9c","identity: PDF p. 1, exact model heading and printed revision/date; dimensions: PDF p. 3, Dimensions (L × W × D), printed metric values; L mapped to H; mass: PDF p. 3, Weight and weight-exclusion footnote; rf: PDF p. 2, explicit Ports coverage headers / RF parameters; PDF p. 3, connector count and interface; wind: PDF p. 3, front/side wind loads at 161 km/h and survival inequality; mounting: PDF p. 3, original mounting pole description; epa: PDF p. 3, Effective Projective Area (EPA), Front","Published metric L/W/D values are retained as H/W/D. Wind forces remain at 161 km/h; rear and maximum-direction force not stated. Survival speed is an inequality. Operating ranges follow explicit port coverage, not sampled performance columns. Antenna mass excludes mounting; no shipping mass or unreviewed kit mass adopted. Mounting pole description 4–10.75 in (10.2–27.3 cm) retained; no exact converted OD adopted.","","","","","> 241 km/h","","Multi-port panel","https://cciproducts.com/index.php/products/antennas/single-sector-multi-port-antennas/item/1710","","","","","","1.0357282334020255","0.5116199070473729","","1.225","0.809416","0.521732","","161","Equivalent estimate only","Assumed ρ = 1.225 kg/m³; nominal envelope H × W for front/rear and H × D for side. Manufacturer test density, drag versus resultant force, pole/bracket contribution and true projected area are not confirmed. C = F / (0.5 × ρ × V² × A), V in m/s. This is not manufacturer Cd, EPA/EFPA or a site-design coefficient.","{""rear"":""No positive published rear wind force."",""max"":""Maximum-force direction and matching reference area are not established; no maximum coefficient is inferred.""}"
"PANEL-CCI-1727","CCI","16C65R-BWH8A","Passive","datasheet","2438","332","214","28.5","Without mounting kit","","","","","","0.9","","16","12 × 4.3-10 Female + 4 × NEX10 Female","698-896 MHz / 1695-2180 MHz / 3300-4000 MHz","1027","327","","","161","","Revision 1.1; 6 February 2026","2026-10-02","https://cciproducts.com/DsPdf/ds-16c65rbwh8a-v1_1-260206.pdf","","3","3","https://cciproducts.com/DsPdf/ds-16c65rbwh8a-v1_1-260206.pdf","ad83cce58702d495ba9dfae0ff36a6adc69e085d469c181e20551037b7455ba9","identity: PDF p. 1, exact model heading and printed revision/date; dimensions: PDF p. 3, Dimensions (L × W × D), printed metric values; L mapped to H; mass: PDF p. 3, Weight and weight-exclusion footnote; rf: PDF p. 2, explicit Ports coverage headers / RF parameters; PDF p. 3, connector count and interface; wind: PDF p. 3, front/side wind loads at 161 km/h and survival inequality; mounting: PDF p. 3, original mounting pole description; epa: PDF p. 3, Effective Projective Area (EPA), Front","Published metric L/W/D values are retained as H/W/D. Wind forces remain at 161 km/h; rear and maximum-direction force not stated. Survival speed is an inequality. Operating ranges follow explicit port coverage, not sampled performance columns. Antenna mass excludes mounting; no shipping mass or unreviewed kit mass adopted. Mounting pole description 4–10.75 in (10.2–27.3 cm) retained; no exact converted OD adopted.","","","","","> 241 km/h","","Multi-port panel","https://cciproducts.com/index.php/products/antennas/single-sector-multi-port-antennas/item/1727","","","","","","1.0357282334020255","0.5116199070473729","","1.225","0.809416","0.521732","","161","Equivalent estimate only","Assumed ρ = 1.225 kg/m³; nominal envelope H × W for front/rear and H × D for side. Manufacturer test density, drag versus resultant force, pole/bracket contribution and true projected area are not confirmed. C = F / (0.5 × ρ × V² × A), V in m/s. This is not manufacturer Cd, EPA/EFPA or a site-design coefficient.","{""rear"":""No positive published rear wind force."",""max"":""Maximum-force direction and matching reference area are not established; no maximum coefficient is inferred.""}"
"PANEL-CCI-1132","CCI","2PA65R-E5A","Passive","catalogue","","","","","","","","","","","","","","","Multi-port panel; operating ranges not verified","","","","","","","Public directory snapshot; 2 October 2026","2026-10-02","","","","","https://cciproducts.com/index.php/products/antennas/single-sector-multi-port-antennas","66a15758f99bae73989dd6999e7fbe506e00839903c2f393166638499392cc33","identity: Public multiport listing: exact visible model 2PA65R-E5A","Exact model identity indexed from the public CCI directory. Open Product page for its documents; individual spec sheet and mechanical/RF parameters remain unverified. Directory inclusion does not establish current supply or Australian operator use.","","","","","","","Multi-port panel","https://cciproducts.com/index.php/products/antennas/single-sector-multi-port-antennas/item/1132","","","","","","","","","","","","","","Unavailable","","{""front"":""Exact wind and dimension source pages are not verified."",""side"":""Exact wind and dimension source pages are not verified."",""rear"":""Exact wind and dimension source pages are not verified."",""max"":""Maximum-force direction and matching reference area are not established; no maximum coefficient is inferred.""}"
"PANEL-CCI-1488","CCI","2PA65R-K5A","Passive","catalogue","","","","","","","","","","","","","","","Multi-port panel; operating ranges not verified","","","","","","","Public directory snapshot; 2 October 2026","2026-10-02","","","","","https://cciproducts.com/index.php/products/antennas/single-sector-multi-port-antennas","66a15758f99bae73989dd6999e7fbe506e00839903c2f393166638499392cc33","identity: Public multiport listing: exact visible model 2PA65R-K5A","Exact model identity indexed from the public CCI directory. Open Product page for its documents; individual spec sheet and mechanical/RF parameters remain unverified. Directory inclusion does not establish current supply or Australian operator use.","","","","","","","Multi-port panel","https://cciproducts.com/index.php/products/antennas/single-sector-multi-port-antennas/item/1488","","","","","","","","","","","","","","Unavailable","","{""front"":""Exact wind and dimension source pages are not verified."",""side"":""Exact wind and dimension source pages are not verified."",""rear"":""Exact wind and dimension source pages are not verified."",""max"":""Maximum-force direction and matching reference area are not established; no maximum coefficient is inferred.""}"
"PANEL-CCI-1288","CCI","12HBSAR-BU6NA","Passive","catalogue","","","","","","","","","","","","","","","Bi-sector panel; operating ranges not verified","","","","","","","Public directory snapshot; 2 October 2026","2026-10-02","","","","","https://cciproducts.com/index.php/products/antennas/bi-sector-antennas","43f0437dbc2768176318757affee7f27d8d82e5f64ed063529f828bdd66106aa","identity: Public bisector listing: exact visible model 12HBSAR-BU6NA","Exact model identity indexed from the public CCI directory. Open Product page for its documents; individual spec sheet and mechanical/RF parameters remain unverified. Directory inclusion does not establish current supply or Australian operator use.","","","","","","","Bi-sector panel","https://cciproducts.com/index.php/products/antennas/bi-sector-antennas/item/1288","","","","","","","","","","","","","","Unavailable","","{""front"":""Exact wind and dimension source pages are not verified."",""side"":""Exact wind and dimension source pages are not verified."",""rear"":""Exact wind and dimension source pages are not verified."",""max"":""Maximum-force direction and matching reference area are not established; no maximum coefficient is inferred.""}"
"PANEL-CCI-1434","CCI","12HBSAR-BW6NA","Passive","catalogue","","","","","","","","","","","","","","","Bi-sector panel; operating ranges not verified","","","","","","","Public directory snapshot; 2 October 2026","2026-10-02","","","","","https://cciproducts.com/index.php/products/antennas/bi-sector-antennas","43f0437dbc2768176318757affee7f27d8d82e5f64ed063529f828bdd66106aa","identity: Public bisector listing: exact visible model 12HBSAR-BW6NA","Exact model identity indexed from the public CCI directory. Open Product page for its documents; individual spec sheet and mechanical/RF parameters remain unverified. Directory inclusion does not establish current supply or Australian operator use.","","","","","","","Bi-sector panel","https://cciproducts.com/index.php/products/antennas/bi-sector-antennas/item/1434","","","","","","","","","","","","","","Unavailable","","{""front"":""Exact wind and dimension source pages are not verified."",""side"":""Exact wind and dimension source pages are not verified."",""rear"":""Exact wind and dimension source pages are not verified."",""max"":""Maximum-force direction and matching reference area are not established; no maximum coefficient is inferred.""}"
"PANEL-CCI-1271","CCI","12HBSAR-KE6NA","Passive","datasheet","1981","496","230","39","Without mounting kit","","","","","","","","12","4.3-10 Female","698-960 MHz / 1695-2690 MHz","1525","812","","","161","","Revision 1.0; 10 December 2020","2026-10-02","https://cciproducts.com/DsPdf/ds-12hbsarke6na-v1_0-201210.pdf","","3","3","https://cciproducts.com/DsPdf/ds-12hbsarke6na-v1_0-201210.pdf","575e2730dd06e67d5650cf25b91b85af2ddc6c9195abf7a39885d10ec2c3e938","identity: PDF p. 1, exact model heading and printed revision/date; dimensions: PDF p. 3, Dimensions (L × W × D), printed metric values; L mapped to H; mass: PDF p. 3, Weight and weight-exclusion footnote; rf: PDF pp. 2, 3, explicit Ports coverage headers / RF parameters; PDF p. 3, connector count and interface; wind: PDF p. 3, front/side wind loads at 161 km/h and survival inequality; mounting: PDF p. 3, original mounting pole description; efpa: PDF p. 3, Equivalent Flat Plate Area, printed metric value","Published metric L/W/D values are retained as H/W/D. Wind forces remain at 161 km/h; rear and maximum-direction force not stated. Survival speed is an inequality. Operating ranges follow explicit port coverage, not sampled performance columns. Antenna mass excludes mounting; no shipping mass or unreviewed kit mass adopted. Manufacturer Hybrid Bi-Sector denotes passive beam configurations, not an integrated active radio. Equivalent flat plate area is kept separately from EPA and has not been relabelled or derived. Mounting pole description 2–5 in (5–12 cm) retained; inconsistent rounded equivalents are not an exact adopted metric OD.","","","","","> 241 km/h","","Bi-sector panel","https://cciproducts.com/index.php/products/antennas/bi-sector-antennas/item/1271","1.2","","","","","","","","","","","","","Unavailable","","{""front"":""Reference geometry is not a supported nominal panel envelope."",""side"":""Reference geometry is not a supported nominal panel envelope."",""rear"":""Reference geometry is not a supported nominal panel envelope."",""max"":""Maximum-force direction and matching reference area are not established; no maximum coefficient is inferred.""}"
"PANEL-CCI-1228","CCI","12HBSAR-KU6NB","Passive","datasheet","1929","570","220","31.2","Without mounting kit and RET","","","","","","","","12","4.3-10 Female","698-960 MHz / 1695-2400 MHz","1670","759","","","161","","Revision 1.0; 11 August 2020","2026-10-02","https://cciproducts.com/DsPdf/ds-12hbsarku6nb-v1_0-200811.pdf","","3","3","https://cciproducts.com/DsPdf/ds-12hbsarku6nb-v1_0-200811.pdf","8fd99384640150500edf12a5b6aa498bd8a133e85dc26885cca88d335b62c4ad","identity: PDF p. 1, exact model heading and printed revision/date; dimensions: PDF p. 3, Dimensions (L × W × D), printed metric values; L mapped to H; mass: PDF p. 3, Weight and weight-exclusion footnote; rf: PDF p. 2, explicit Ports coverage headers / RF parameters; PDF p. 3, connector count and interface; wind: PDF p. 3, front/side wind loads at 161 km/h and survival inequality; mounting: PDF p. 3, original mounting pole description; efpa: PDF p. 3, Equivalent Flat Plate Area, printed metric value","Published metric L/W/D values are retained as H/W/D. Wind forces remain at 161 km/h; rear and maximum-direction force not stated. Survival speed is an inequality. Operating ranges follow explicit port coverage, not sampled performance columns. Antenna mass excludes mounting; no shipping mass or unreviewed kit mass adopted. Published antenna mass also excludes RET; obtain separate RET / mounting mass for the installed assembly. Manufacturer Hybrid Bi-Sector denotes passive beam configurations, not an integrated active radio. Equivalent flat plate area is kept separately from EPA and has not been relabelled or derived. Mounting pole description 2–5 in (5–12 cm) retained; inconsistent rounded equivalents are not an exact adopted metric OD.","","","","","> 241 km/h","","Bi-sector panel","https://cciproducts.com/index.php/products/antennas/bi-sector-antennas/item/1228","1.4","","","","","","","","","","","","","Unavailable","","{""front"":""Reference geometry is not a supported nominal panel envelope."",""side"":""Reference geometry is not a supported nominal panel envelope."",""rear"":""Reference geometry is not a supported nominal panel envelope."",""max"":""Maximum-force direction and matching reference area are not established; no maximum coefficient is inferred.""}"
"PANEL-CCI-1495","CCI","16HBSAR-BUU7NA","Passive","catalogue","","","","","","","","","","","","","","","Bi-sector panel; operating ranges not verified","","","","","","","Public directory snapshot; 2 October 2026","2026-10-02","","","","","https://cciproducts.com/index.php/products/antennas/bi-sector-antennas","43f0437dbc2768176318757affee7f27d8d82e5f64ed063529f828bdd66106aa","identity: Public bisector listing: exact visible model 16HBSAR-BUU7NA","Exact model identity indexed from the public CCI directory. Open Product page for its documents; individual spec sheet and mechanical/RF parameters remain unverified. Directory inclusion does not establish current supply or Australian operator use.","","","","","","","Bi-sector panel","https://cciproducts.com/index.php/products/antennas/bi-sector-antennas/item/1495","","","","","","","","","","","","","","Unavailable","","{""front"":""Exact wind and dimension source pages are not verified."",""side"":""Exact wind and dimension source pages are not verified."",""rear"":""Exact wind and dimension source pages are not verified."",""max"":""Maximum-force direction and matching reference area are not established; no maximum coefficient is inferred.""}"
"PANEL-CCI-1749","CCI","HTSB4R-KE6A","Passive","datasheet","1968","497","224","36","Without mounting kit","","","","","","0.9","","16","4.3-10 Female","698-960 MHz / 1695-2690 MHz","1070","295","","","161","","Revision 1.0; 30 March 2026","2026-10-02","https://cciproducts.com/DsPdf/ds-htsb4rke6a-v1_0-260330.pdf","","4","4","https://cciproducts.com/DsPdf/ds-htsb4rke6a-v1_0-260330.pdf","48882a20041ae930e51d6ff9ee5e7fe27252eace62e0daa9b429b7df7e513e8f","identity: PDF p. 1, exact model heading and printed revision/date; dimensions: PDF p. 4, Dimensions (L × W × D), printed metric values; L mapped to H; mass: PDF p. 4, Weight and weight-exclusion footnote; rf: PDF pp. 2, 3, explicit Ports coverage headers / RF parameters; PDF p. 4, connector count and interface; wind: PDF p. 4, front/side wind loads at 161 km/h and survival inequality; mounting: PDF p. 4, original mounting pole description; epa: PDF p. 4, Effective Projective Area (EPA), Front","Published metric L/W/D values are retained as H/W/D. Wind forces remain at 161 km/h; rear and maximum-direction force not stated. Survival speed is an inequality. Operating ranges follow explicit port coverage, not sampled performance columns. Antenna mass excludes mounting; no shipping mass or unreviewed kit mass adopted. Mounting pole description 2–5 in (5–12 cm) retained; inconsistent rounded equivalents are not an exact adopted metric OD.","","","","","> 241 km/h","","Multi-sector / multi-beam panel","https://cciproducts.com/index.php/products/antennas/multi-sector-special-events-antennas/item/1749","","","","","","","","","","","","","","Unavailable","","{""front"":""Reference geometry is not a supported nominal panel envelope."",""side"":""Reference geometry is not a supported nominal panel envelope."",""rear"":""Reference geometry is not a supported nominal panel envelope."",""max"":""Maximum-force direction and matching reference area are not established; no maximum coefficient is inferred.""}"
"PANEL-CCI-1605","CCI","HTSBD5R-BU8A","Passive","datasheet","2464","565","254","58","Without mounting kit","","","","","","","","20","4.3-10 Female","698-896 MHz / 1695-1780 MHz / 1850-1995 MHz / 2110-2360 MHz","2019","259","","","161","","Revision 1.1; 3 February 2025","2026-10-02","https://cciproducts.com/DsPdf/ds-htsbd5rbu8a-v1_1-250203.pdf","","5","5","https://cciproducts.com/DsPdf/ds-htsbd5rbu8a-v1_1-250203.pdf","7fbe65d1138bf125970bf7957487227bb801b188b7b2b7880f041da97f242673","identity: PDF p. 1, exact model heading and printed revision/date; dimensions: PDF p. 5, Dimensions (L × W × D), printed metric values; L mapped to H; mass: PDF p. 5, Weight and weight-exclusion footnote; rf: PDF pp. 3, 4, explicit Ports coverage headers / RF parameters; PDF p. 5, connector count and interface; wind: PDF p. 5, front/side wind loads at 161 km/h and survival inequality; mounting: PDF p. 5, original mounting pole description; epa: PDF p. 5, inconsistent EPA unit pair; field withheld","Published metric L/W/D values are retained as H/W/D. Wind forces remain at 161 km/h; rear and maximum-direction force not stated. Survival speed is an inequality. Operating ranges follow explicit port coverage, not sampled performance columns. Antenna mass excludes mounting; no shipping mass or unreviewed kit mass adopted. Mounting pole description 2–5 in (5–12 cm) retained; inconsistent rounded equivalents are not an exact adopted metric OD. High-band port header restricts coverage to 1695–1780, 1850–1995 and 2110–2360 MHz only; preserve these gaps.","","","","","> 241 km/h","epa: PDF p. 5 publishes EPA Front 18.0 ft² (2.0 m²), an inconsistent unit pair. EPA is unresolved; no derived value adopted.","Multi-sector / multi-beam panel","https://cciproducts.com/index.php/products/antennas/multi-sector-special-events-antennas/item/1605","","","","","","","","","","","","","","Unavailable","","{""front"":""Reference geometry is not a supported nominal panel envelope."",""side"":""Reference geometry is not a supported nominal panel envelope."",""rear"":""Reference geometry is not a supported nominal panel envelope."",""max"":""Maximum-force direction and matching reference area are not established; no maximum coefficient is inferred.""}"
"PANEL-CCI-1618","CCI","HTSBD5R-BW8A","Passive","catalogue","","","","","","","","","","","","","","","Multi-sector / multi-beam panel; operating ranges not verified","","","","","","","Public directory snapshot; 2 October 2026","2026-10-02","","","","","https://cciproducts.com/index.php/products/antennas/multi-sector-special-events-antennas","f4c2b7a37db47e86cd160dffcf5479e27091186e4594f871305d9c5f7febb249","identity: Public multisector listing: exact visible model HTSBD5R-BW8A","Exact model identity indexed from the public CCI directory. Open Product page for its documents; individual spec sheet and mechanical/RF parameters remain unverified. Directory inclusion does not establish current supply or Australian operator use.","","","","","","","Multi-sector / multi-beam panel","https://cciproducts.com/index.php/products/antennas/multi-sector-special-events-antennas/item/1618","","","","","","","","","","","","","","Unavailable","","{""front"":""Exact wind and dimension source pages are not verified."",""side"":""Exact wind and dimension source pages are not verified."",""rear"":""Exact wind and dimension source pages are not verified."",""max"":""Maximum-force direction and matching reference area are not established; no maximum coefficient is inferred.""}"
"PANEL-CCI-1579","CCI","MBA10-5F-BW-H3","Passive","catalogue","","","","","","","","","","","","","","","Multi-sector / multi-beam panel; operating ranges not verified","","","","","","","Public directory snapshot; 2 October 2026","2026-10-02","","","","","https://cciproducts.com/index.php/products/antennas/multi-sector-special-events-antennas","f4c2b7a37db47e86cd160dffcf5479e27091186e4594f871305d9c5f7febb249","identity: Public multisector listing: exact visible model MBA10-5F-BW-H3","Exact model identity indexed from the public CCI directory. Open Product page for its documents; individual spec sheet and mechanical/RF parameters remain unverified. Directory inclusion does not establish current supply or Australian operator use.","","","","","","","Multi-sector / multi-beam panel","https://cciproducts.com/index.php/products/antennas/multi-sector-special-events-antennas/item/1579","","","","","","","","","","","","","","Unavailable","","{""front"":""Exact wind and dimension source pages are not verified."",""side"":""Exact wind and dimension source pages are not verified."",""rear"":""Exact wind and dimension source pages are not verified."",""max"":""Maximum-force direction and matching reference area are not established; no maximum coefficient is inferred.""}"
"PANEL-CCI-ARCH-001","CCI","BSA-M65R-BU-H6","Passive","datasheet","1828","723","245","43.7","Without mounting kit and RET","","","","","","","","8","7-16 DIN long-neck Female","698-896 MHz / 1695-2360 MHz","1947","778","","","161","","Revision 1.2; 22 March 2016","2026-10-02","https://cciproducts.com/images/Images/discprod/Antenna_s-ds-bsam65rbuh6-v1_2-160322.pdf","","2","2","https://cciproducts.com/images/Images/discprod/Antenna_s-ds-bsam65rbuh6-v1_2-160322.pdf","85d0b6e6414a0cd7b49066b8656690e8fa1092f52b750f6e123f8e3f6a1db576","identity: PDF p. 1, exact model heading and printed revision/date; dimensions: PDF p. 2, Dimensions (L × W × D), printed metric values; L mapped to H; mass: PDF p. 2, Weight and weight-exclusion footnote; rf: PDF p. 2, explicit Ports coverage headers / RF parameters; PDF p. 2, connector count and interface; wind: PDF p. 2, front/side wind loads at 161 km/h and survival inequality; mounting: PDF p. 2, original mounting pole description; efpa: PDF p. 2, Equivalent Flat Plate Area, printed metric value","Published metric L/W/D values are retained as H/W/D. Wind forces remain at 161 km/h; rear and maximum-direction force not stated. Survival speed is an inequality. Operating ranges follow explicit port coverage, not sampled performance columns. Antenna mass excludes mounting; no shipping mass or unreviewed kit mass adopted. Published antenna mass also excludes RET; obtain separate RET / mounting mass for the installed assembly. The sheet separately states RET system weight 3.0 kg; it is not a mounting-kit mass and is not added to the antenna value. Equivalent flat plate area is kept separately from EPA and has not been relabelled or derived. Mounting pole description 2–5 in (5–12 cm) retained; inconsistent rounded equivalents are not an exact adopted metric OD. Archived BU-H6 is distinct from the currently indexed BUU-H6; no suffix substitution or current-supply claim.","","","","","> 240 km/h","","Bi-sector panel","","1.6","","","","","","","","","","","","","Unavailable","","{""front"":""Reference geometry is not a supported nominal panel envelope."",""side"":""Reference geometry is not a supported nominal panel envelope."",""rear"":""Reference geometry is not a supported nominal panel envelope."",""max"":""Maximum-force direction and matching reference area are not established; no maximum coefficient is inferred.""}"
"PANEL-RECHECK-001","Kaelus","F6IHEU01","Passive","datasheet","2705","498","217","54.3","Antenna only","","","","","","","","8","4.3-10 Female","694-960 MHz / 1695-2200 MHz / 2496-2690 MHz","991","349","","","150","200","23 February 2026","2026-10-02","https://www.kaelus.com/wp-content/uploads/2026/06/F6IHEU01-2026-02-26-_KAELUS.pdf","","1","1","https://www.kaelus.com/wp-content/uploads/2026/06/F6IHEU01-2026-02-26-_KAELUS.pdf","bf88581c1c293f03fcf9693e1832d81658694a6e0794b3acc7de131e137e0638","identity: PDF p. 1, exact printed model; dimensions: PDF p. 1, antenna dimensions; mass: PDF p. 1, antenna weight and footnote; wind: PDF p. 1, mechanical wind values / stated reference speed; rf: PDF p. 1, General frequency / ports and mechanical connector quantity","Selected printed metric values; net antenna mass excludes separately listed shipping / gross weight. No Australian deployment inferred. Radio transparency 3300-4000 MHz is not panel operating coverage. Printed revision 23 February 2026 differs from filename 26 February.","","","","","","","Beam-through panel","","","","","","","0.6918205092428261","0.5591325996057682","","1.225","1.34709","0.586985","","150","Equivalent estimate only","Assumed ρ = 1.225 kg/m³; nominal envelope H × W for front/rear and H × D for side. Manufacturer test density, drag versus resultant force, pole/bracket contribution and true projected area are not confirmed. C = F / (0.5 × ρ × V² × A), V in m/s. This is not manufacturer Cd, EPA/EFPA or a site-design coefficient.","{""rear"":""No positive published rear wind force."",""max"":""Maximum-force direction and matching reference area are not established; no maximum coefficient is inferred.""}"
"PANEL-RECHECK-002","Kaelus","M0FEBF02","Passive","datasheet","","","","8.85","Antenna only","","","","","","","","14","4.3-10 Female","617-896 MHz / 1695-2690 MHz / 3300-4200 MHz / 5150-5925 MHz","","","","","150","241.4","14 January 2020","2026-10-02","https://www.kaelus.com/wp-content/uploads/2026/07/M0FEBF02-2021-01-14-_KAELUS.pdf","","1","1","https://www.kaelus.com/wp-content/uploads/2026/07/M0FEBF02-2021-01-14-_KAELUS.pdf","d96850dd3beceb072878fbbcaea7fabf68fc2fa904b725d594cc8effc98f2358","identity: PDF p. 1, exact printed model; dimensions: PDF p. 1, antenna dimensions; mass: PDF p. 1, antenna weight and footnote; wind: PDF p. 1, mechanical wind values / stated reference speed; rf: PDF p. 1, General frequency / ports and mechanical connector quantity","Imperial-only original: L 29 in, diameter 14 in, mass 19.5 lb, wind calculation 93.2 mph and survival 150 mph. Explicit conversions: 1 in = 25.4 mm, 1 lb = 0.45359237 kg, 1 mph = 1.609344 km/h; mass displayed rounded to 8.85 kg, speeds rounded to 150 / 241.4 km/h. Wind force is not published. Printed revision 14 January 2020 overrides the 2021 filename.","","736.6","355.6","Length 736.6 mm × diameter 355.6 mm","150 mph (241.4 km/h converted)","","Canister","","","","","","","","","","","","","","","Unavailable","","{""front"":""Reference geometry is not a supported nominal panel envelope."",""side"":""Reference geometry is not a supported nominal panel envelope."",""rear"":""Reference geometry is not a supported nominal panel envelope."",""max"":""Maximum-force direction and matching reference area are not established; no maximum coefficient is inferred.""}"
"PANEL-RECHECK-003","Kaelus","M0MDBF01","Passive","datasheet","","","","8","Antenna only","","","","","","","","4","4.3-10 Female","1695-2690 MHz","","","","85","150","200","25 Augusti 2022 (printed)","2026-10-02","https://www.kaelus.com/wp-content/uploads/2026/07/M0MDBF01-2022-08-25_KAELUS.pdf","","1","1","https://www.kaelus.com/wp-content/uploads/2026/07/M0MDBF01-2022-08-25_KAELUS.pdf","9c3358c6791bf2defe6c13daa4609e43c902b3586c45d3ee0d24c2fb22bf4464","identity: PDF p. 1, exact printed model; dimensions: PDF p. 1, antenna dimensions; mass: PDF p. 1, antenna weight and footnote; wind: PDF p. 1, mechanical wind values / stated reference speed; rf: PDF p. 1, General frequency / ports and mechanical connector quantity","Selected printed metric values; net antenna mass excludes separately listed shipping / gross weight. No Australian deployment inferred.","","640","254","Length 640 mm × diameter 254 mm","","","Canister","","","","","","","","","","","","","","","Unavailable","","{""front"":""Reference geometry is not a supported nominal panel envelope."",""side"":""Reference geometry is not a supported nominal panel envelope."",""rear"":""Reference geometry is not a supported nominal panel envelope."",""max"":""Maximum-force direction and matching reference area are not established; no maximum coefficient is inferred.""}"
"PANEL-RECHECK-004","Kaelus","M0MPBF01","Passive","datasheet","","","","7.1","Antenna only","","","","","","","","10","4.3-10 Female","1695-2690 MHz / 3300-4200 MHz / 5150-5925 MHz","","","","85","150","241.4","29 April 2021","2026-10-02","https://www.kaelus.com/wp-content/uploads/2026/07/M0MPBF01-2021-04-29-_KAELUS.pdf","","1","1","https://www.kaelus.com/wp-content/uploads/2026/07/M0MPBF01-2021-04-29-_KAELUS.pdf","53582a487599b1ee7c80b6b5cf0534a8903d68e6c9960b0b9051e641dc4c96a0","identity: PDF p. 1, exact printed model; dimensions: PDF p. 1, antenna dimensions; mass: PDF p. 1, antenna weight and footnote; wind: PDF p. 1, mechanical wind values / stated reference speed; rf: PDF p. 1, General frequency / ports and mechanical connector quantity","Selected printed metric values; net antenna mass excludes separately listed shipping / gross weight. No Australian deployment inferred.","","640","254","Length 640 mm × diameter 254 mm","","","Canister","","","","","","","","","","","","","","","Unavailable","","{""front"":""Reference geometry is not a supported nominal panel envelope."",""side"":""Reference geometry is not a supported nominal panel envelope."",""rear"":""Reference geometry is not a supported nominal panel envelope."",""max"":""Maximum-force direction and matching reference area are not established; no maximum coefficient is inferred.""}"
"PANEL-RECHECK-005","Kaelus","M0MPBF02","Passive","datasheet","","","","7.1","Antenna only","","","","","","","","10","4.3-10 Female","1695-2690 MHz / 3300-4200 MHz / 5150-5925 MHz","","","","85","150","241.4","28 April 2021","2026-10-02","https://www.kaelus.com/wp-content/uploads/2026/07/M0MPBF02-2021-04-28-_KAELUS.pdf","","1","1","https://www.kaelus.com/wp-content/uploads/2026/07/M0MPBF02-2021-04-28-_KAELUS.pdf","45754859e5b7eaf9512a6b632747ad7925fece6323dd3776e05c84640b9e58d4","identity: PDF p. 1, exact printed model; dimensions: PDF p. 1, antenna dimensions; mass: PDF p. 1, antenna weight and footnote; wind: PDF p. 1, mechanical wind values / stated reference speed; rf: PDF p. 1, General frequency / ports and mechanical connector quantity","Selected printed metric values; net antenna mass excludes separately listed shipping / gross weight. No Australian deployment inferred. Printed revision is 28 April 2021; filename date is not adopted.","","640","254","Length 640 mm × diameter 254 mm","","","Canister","","","","","","","","","","","","","","","Unavailable","","{""front"":""Reference geometry is not a supported nominal panel envelope."",""side"":""Reference geometry is not a supported nominal panel envelope."",""rear"":""Reference geometry is not a supported nominal panel envelope."",""max"":""Maximum-force direction and matching reference area are not established; no maximum coefficient is inferred.""}"
"PANEL-RECHECK-006","Kaelus","M0MPBF03","Passive","datasheet","","","","7.1","Antenna only","","","","","","","","10","4.3-10 Female","1695-2690 MHz / 3300-4200 MHz / 5150-5925 MHz","","","","85","150","241.4","28 April 2021","2026-10-02","https://www.kaelus.com/wp-content/uploads/2026/07/M0MPBF03-2021-04-29-_KAELUS.pdf","","1","1","https://www.kaelus.com/wp-content/uploads/2026/07/M0MPBF03-2021-04-29-_KAELUS.pdf","fc5275b0a10484f1ab0e44eb0efbb8aadc821adcab9f49a19395fd5748d5f467","identity: PDF p. 1, exact printed model; dimensions: PDF p. 1, antenna dimensions; mass: PDF p. 1, antenna weight and footnote; wind: PDF p. 1, mechanical wind values / stated reference speed; rf: PDF p. 1, General frequency / ports and mechanical connector quantity","Selected printed metric values; net antenna mass excludes separately listed shipping / gross weight. No Australian deployment inferred. Printed revision is 28 April 2021; filename date is not adopted.","","640","254","Length 640 mm × diameter 254 mm","","","Canister","","","","","","","","","","","","","","","Unavailable","","{""front"":""Reference geometry is not a supported nominal panel envelope."",""side"":""Reference geometry is not a supported nominal panel envelope."",""rear"":""Reference geometry is not a supported nominal panel envelope."",""max"":""Maximum-force direction and matching reference area are not established; no maximum coefficient is inferred.""}"
"PANEL-RECHECK-007","Kaelus","M0OSSU02","Passive","datasheet","","","","14","Antenna only","","","","","","","","4","4.3-10 Female","1695-2690 MHz","","","","151","150","240","21 June 2022","2026-10-02","https://www.kaelus.com/wp-content/uploads/2026/07/M0OSSU02-20220621.pdf","","1","1","https://www.kaelus.com/wp-content/uploads/2026/07/M0OSSU02-20220621.pdf","8d31c34e083ffde09f34498e94202b0d9ce1ab34090364a79b4aa44096372857","identity: PDF p. 1, exact printed model; dimensions: PDF p. 1, antenna dimensions; mass: PDF p. 1, antenna weight and footnote; wind: PDF p. 1, mechanical wind values / stated reference speed; rf: PDF p. 1, General frequency / ports and mechanical connector quantity","Selected printed metric values; net antenna mass excludes separately listed shipping / gross weight. No Australian deployment inferred.","","1140","254","Length 1140 mm × diameter 254 mm","","","Canister","","","","","","","","","","","","","","","Unavailable","","{""front"":""Reference geometry is not a supported nominal panel envelope."",""side"":""Reference geometry is not a supported nominal panel envelope."",""rear"":""Reference geometry is not a supported nominal panel envelope."",""max"":""Maximum-force direction and matching reference area are not established; no maximum coefficient is inferred.""}"
"PANEL-RECHECK-008","Kaelus","M6MDBF01","Passive","datasheet","","","","8","Antenna only","","","","","","","","4","4.3-10 Female","1695-2690 MHz","","","","85","150","200","29 April 2021","2026-10-02","https://www.kaelus.com/wp-content/uploads/2026/07/M6MDBF01-2021-04-29-_KAELUS.pdf","","1","1","https://www.kaelus.com/wp-content/uploads/2026/07/M6MDBF01-2021-04-29-_KAELUS.pdf","dd245dd3dd5446a1fe13191bc26300c31b8d362593b2256fe23f70566a30dfed","identity: PDF p. 1, exact printed model; dimensions: PDF p. 1, antenna dimensions; mass: PDF p. 1, antenna weight and footnote; wind: PDF p. 1, mechanical wind values / stated reference speed; rf: PDF p. 1, General frequency / ports and mechanical connector quantity","Selected printed metric values; net antenna mass excludes separately listed shipping / gross weight. No Australian deployment inferred.","","640","254","Length 640 mm × diameter 254 mm","","","Canister","","","","","","","","","","","","","","","Unavailable","","{""front"":""Reference geometry is not a supported nominal panel envelope."",""side"":""Reference geometry is not a supported nominal panel envelope."",""rear"":""Reference geometry is not a supported nominal panel envelope."",""max"":""Maximum-force direction and matching reference area are not established; no maximum coefficient is inferred.""}"
"PANEL-RECHECK-009","Kaelus","MPMQBF01","Passive","datasheet","","","","8","Antenna only","","","","","","","","8","4.3-10 Female","1695-2690 MHz","","","","85","150","","29 April 2021","2026-10-02","https://www.kaelus.com/wp-content/uploads/2026/07/MBMQBF01-2021-04-29-_KAELUS.pdf","","1","1","https://www.kaelus.com/wp-content/uploads/2026/07/MBMQBF01-2021-04-29-_KAELUS.pdf","cad61163fb2780d039f72aabf344f7c3db296de44e4769b5c4f64774220ab0e1","identity: PDF p. 1, exact printed model; dimensions: PDF p. 1, antenna dimensions; mass: PDF p. 1, antenna weight and footnote; wind: PDF p. 1, mechanical wind values / stated reference speed; rf: PDF p. 1, General frequency / ports and mechanical connector quantity","Selected printed metric values; net antenna mass excludes separately listed shipping / gross weight. No Australian deployment inferred. Filename MBMQBF01 differs from the printed title and footer MPMQBF01, which identify this record. Survival row labelled km/h lists 124.3 | 200 without separate unit labels; rating withheld pending clarification.","","640","254","Length 640 mm × diameter 254 mm","","","Canister","https://www.kaelus.com/product/mpmqbf01/","","","","","","","","","","","","","","Unavailable","","{""front"":""Reference geometry is not a supported nominal panel envelope."",""side"":""Reference geometry is not a supported nominal panel envelope."",""rear"":""Reference geometry is not a supported nominal panel envelope."",""max"":""Maximum-force direction and matching reference area are not established; no maximum coefficient is inferred.""}"
"PANEL-RECHECK-010","Kaelus","MPMDBF01","Passive","datasheet","","","","8","Antenna only","","","","","","","","4","4.3-10 Female","1695-2690 MHz","","","","85","150","200","29 April 2021","2026-10-02","https://www.kaelus.com/wp-content/uploads/2026/07/MPMDBF01-2021-04-29-_KAELUS.pdf","","1","1","https://www.kaelus.com/wp-content/uploads/2026/07/MPMDBF01-2021-04-29-_KAELUS.pdf","1c5d137aa9835d0548bb20eecfde10bc116840464289420b1b1d82b0f2db3c70","identity: PDF p. 1, exact printed model; dimensions: PDF p. 1, antenna dimensions; mass: PDF p. 1, antenna weight and footnote; wind: PDF p. 1, mechanical wind values / stated reference speed; rf: PDF p. 1, General frequency / ports and mechanical connector quantity","Selected printed metric values; net antenna mass excludes separately listed shipping / gross weight. No Australian deployment inferred.","","640","254","Length 640 mm × diameter 254 mm","","","Canister","","","","","","","","","","","","","","","Unavailable","","{""front"":""Reference geometry is not a supported nominal panel envelope."",""side"":""Reference geometry is not a supported nominal panel envelope."",""rear"":""Reference geometry is not a supported nominal panel envelope."",""max"":""Maximum-force direction and matching reference area are not established; no maximum coefficient is inferred.""}"
"PANEL-RECHECK-011","Kaelus","MPMPBF01","Passive","datasheet","","","","7.1","Antenna only","","","","","","","","10","4.3-10 Female","1695-2690 MHz / 3300-4200 MHz / 5150-5925 MHz","","","","85","150","241.4","29 April 2021","2026-10-02","https://www.kaelus.com/wp-content/uploads/2026/07/MPMPBF01-2021-04-29-_KAELUS.pdf","","1","1","https://www.kaelus.com/wp-content/uploads/2026/07/MPMPBF01-2021-04-29-_KAELUS.pdf","87a4c9ec5f1948af1f5739d5b94cf22561cd8e6b413203dc62185a5e78428fb2","identity: PDF p. 1, exact printed model; dimensions: PDF p. 1, antenna dimensions; mass: PDF p. 1, antenna weight and footnote; wind: PDF p. 1, mechanical wind values / stated reference speed; rf: PDF p. 1, General frequency / ports and mechanical connector quantity","Selected printed metric values; net antenna mass excludes separately listed shipping / gross weight. No Australian deployment inferred.","","640","254","Length 640 mm × diameter 254 mm","","","Canister","","","","","","","","","","","","","","","Unavailable","","{""front"":""Reference geometry is not a supported nominal panel envelope."",""side"":""Reference geometry is not a supported nominal panel envelope."",""rear"":""Reference geometry is not a supported nominal panel envelope."",""max"":""Maximum-force direction and matching reference area are not established; no maximum coefficient is inferred.""}"
"PANEL-RECHECK-012","Kaelus","P6BDBF01","Passive","datasheet","708","350","154","8","Antenna only","","","","","","","","4","V1: 7/16; V2: 4.3-10 Female — select ordering variant","1695-2690 MHz","265","50","","","150","241","29 April 2021","2026-10-02","https://www.kaelus.com/wp-content/uploads/2026/07/P6BDBF01_KAELUS.pdf","","1","1","https://www.kaelus.com/wp-content/uploads/2026/07/P6BDBF01_KAELUS.pdf","72bbecf8538f328e8763a2447a886e231c256d0094e2ddaa90efb915d6804a04","identity: PDF p. 1, exact printed model; dimensions: PDF p. 1, antenna dimensions; mass: PDF p. 1, antenna weight and footnote; wind: PDF p. 1, mechanical wind values / stated reference speed; rf: PDF p. 1, General frequency / ports and mechanical connector quantity","Selected printed metric values; net antenna mass excludes separately listed shipping / gross weight. No Australian deployment inferred.","","","","","","","","","","","","","","1.0056826604733904","0.4312532849371314","","1.225","0.2478","0.109032","","150","Equivalent estimate only","Assumed ρ = 1.225 kg/m³; nominal envelope H × W for front/rear and H × D for side. Manufacturer test density, drag versus resultant force, pole/bracket contribution and true projected area are not confirmed. C = F / (0.5 × ρ × V² × A), V in m/s. This is not manufacturer Cd, EPA/EFPA or a site-design coefficient.","{""rear"":""No positive published rear wind force."",""max"":""Maximum-force direction and matching reference area are not established; no maximum coefficient is inferred.""}"
"PANEL-RECHECK-013","Kaelus","P6BTBF01","Passive","datasheet","709","351","152","","Antenna only","","","","","","","","6","V1: 7/16; V2: 4.3-10 Female — select ordering variant","694-960 MHz / 1695-2690 MHz","265.1","50.3","","","150","241","29 April 2021","2026-10-02","https://www.kaelus.com/wp-content/uploads/2026/07/P6BTBF01-2021-04-29-_KAELUS.pdf","","1","1","https://www.kaelus.com/wp-content/uploads/2026/07/P6BTBF01-2021-04-29-_KAELUS.pdf","24967f823d1f045534c92ada349a71b37d3e7b547f970ab49b5597f08335e607","identity: PDF p. 1, exact printed model; dimensions: PDF p. 1, antenna dimensions; mass: PDF p. 1, antenna weight and footnote; wind: PDF p. 1, mechanical wind values / stated reference speed; rf: PDF p. 1, General frequency / ports and mechanical connector quantity","Selected printed metric values; net antenna mass excludes separately listed shipping / gross weight. No Australian deployment inferred.","","","","","","mass: Printed net mass 17.6 lb / 7.0 kg is inconsistent (17.6 lb converts to approximately 8.0 kg). Antenna mass withheld pending manufacturer clarification.","","","","","","","","1.0017809445574912","0.4389292796771295","","1.225","0.248859","0.107768","","150","Equivalent estimate only","Assumed ρ = 1.225 kg/m³; nominal envelope H × W for front/rear and H × D for side. Manufacturer test density, drag versus resultant force, pole/bracket contribution and true projected area are not confirmed. C = F / (0.5 × ρ × V² × A), V in m/s. This is not manufacturer Cd, EPA/EFPA or a site-design coefficient.","{""rear"":""No positive published rear wind force."",""max"":""Maximum-force direction and matching reference area are not established; no maximum coefficient is inferred.""}"
"PANEL-RECHECK-014","Kaelus","P6MPBF01","Passive","datasheet","457","305","119","4.8","Antenna only","","","","","","","","10","4.3-10 Female","1695-2690 MHz / 3300-4200 MHz / 5150-5925 MHz","","","","178","150","241","26 January 2023","2026-10-02","https://www.kaelus.com/wp-content/uploads/2026/07/P6MPBF01-2023-01-26-_KAELUS.pdf","","1","1","https://www.kaelus.com/wp-content/uploads/2026/07/P6MPBF01-2023-01-26-_KAELUS.pdf","cf12e57db30094fad99243c87a0613c8d8ea0b929411731018a53e3cd3b3c434","identity: PDF p. 1, exact printed model; dimensions: PDF p. 1, antenna dimensions; mass: PDF p. 1, antenna weight and footnote; wind: PDF p. 1, mechanical wind values / stated reference speed; rf: PDF p. 1, General frequency / ports and mechanical connector quantity","Selected printed metric values; net antenna mass excludes separately listed shipping / gross weight. No Australian deployment inferred.","","","","","","","","","","","","","","","","","","","","","","Unavailable","","{""front"":""No positive published front wind force."",""side"":""No positive published side wind force."",""rear"":""No positive published rear wind force."",""max"":""Maximum-force direction and matching reference area are not established; no maximum coefficient is inferred.""}"
"PANEL-RECHECK-015","Kaelus","P6RQLU01","Passive","catalogue","","","","","Exact variant not verified","","","","","","","","","","Exact variant sheet needed","","","","","","","Date not stated","2026-10-02","","","","","https://www.kaelus.com/product/p6rqlu01/","57b089b5b2e833f52aff10a06922b7395b210d6cd5bdfdf90f3aab7555bc832f","identity: Product heading P6RQLU01","Current page description and port attributes disagree; older indexed exact PDF returns 404. Mechanical / RF parameters remain unavailable.","","","","","","","","https://www.kaelus.com/product/p6rqlu01/","","","","","","","","","","","","","","Unavailable","","{""front"":""Exact wind and dimension source pages are not verified."",""side"":""Exact wind and dimension source pages are not verified."",""rear"":""Exact wind and dimension source pages are not verified."",""max"":""Maximum-force direction and matching reference area are not established; no maximum coefficient is inferred.""}"
"PANEL-RECHECK-016","Kaelus","P6BPEU01","Passive","catalogue","","","","","Exact variant not verified","","","","","","","","","","Exact variant sheet needed","","","","","","","Date not stated","2026-10-02","","","","","https://www.kaelus.com/8-port-2xlow-band-6xmid-band-65/","e9333b23a3f8ab30fb001e75ddd47df2291184df195eb6b63ac5a4f15c6cb03d","identity: Official 8-port page image alt/title P6BPEU01-1000","Legacy manufacturer page image identifies P6BPEU01. Exact specification PDF not obtained; page marketing dimensions are not adopted.","","","","","","","","https://www.kaelus.com/8-port-2xlow-band-6xmid-band-65/","","","","","","","","","","","","","","Unavailable","","{""front"":""Exact wind and dimension source pages are not verified."",""side"":""Exact wind and dimension source pages are not verified."",""rear"":""Exact wind and dimension source pages are not verified."",""max"":""Maximum-force direction and matching reference area are not established; no maximum coefficient is inferred.""}"
"PANEL-RECHECK-017","CommScope / ANDREW","RVV-65A-R3","Passive","datasheet","1400","350","208","19.3","Antenna only","6.2","Net weight, separate kit","BSAMNT-3","60","115","","","6","4.3-10 Female","694-960 MHz / 1695-2690 MHz","231","222","244","520","150","241","July 22, 2025","2026-10-02","https://www.andrew.com/globalassets/digizuite/263400-p360-rvv-65a-r3-comprehensiveexternal.pdf","","2","4","https://www.andrew.com/globalassets/digizuite/263400-p360-rvv-65a-r3-comprehensiveexternal.pdf","6d4dd36d4aac973f01a15417e83919f4485a612c0f956c68ea23fac1a5122267","identity: PDF p. 1, exact printed model; dimensions: PDF p. 2, antenna dimensions; mass: PDF p. 2, antenna weight and footnote; wind: PDF p. 4, mechanical wind values / stated reference speed; rf: PDF pp. 1-3, RF connector count / operating-frequency header; kitMass: PDF p. 5, BSAMNT-3 Weight, net; mounting: PDF p. 5, BSAMNT-3 Compatible Diameter","Exact model suffix and printed antenna revision retained. Packaging dimensions / gross weight are excluded; maximum-direction force is available only where explicitly published.","","","","","","","","https://www.andrew.com/products/base-station-antennas/antennas/itemrvv-65a-r3/","","","","","","0.44333527696793007","0.7169320475442924","0.4682848812994586","1.225","0.49","0.2912","0.49","150","Equivalent estimate only","Assumed ρ = 1.225 kg/m³; nominal envelope H × W for front/rear and H × D for side. Manufacturer test density, drag versus resultant force, pole/bracket contribution and true projected area are not confirmed. C = F / (0.5 × ρ × V² × A), V in m/s. This is not manufacturer Cd, EPA/EFPA or a site-design coefficient.","{""max"":""Maximum-force direction and matching reference area are not established; no maximum coefficient is inferred.""}"
"PANEL-RECHECK-018","CommScope / ANDREW","RVV-65D-R3","Passive","datasheet","2688","350","208","30.5","Antenna only","6.2","Net weight, separate kit","BSAMNT-3","60","115","","","6","4.3-10 Female","694-960 MHz / 1695-2690 MHz","443","427","468","997","150","241","July 22, 2025","2026-10-02","https://www.andrew.com/globalassets/digizuite/263412-p360-rvv-65d-r3-comprehensiveexternal.pdf","","2","3","https://www.andrew.com/globalassets/digizuite/263412-p360-rvv-65d-r3-comprehensiveexternal.pdf","67dd88005cd9d3dc11ec30353fc087f85dbd09877cded5f3155ac0c7dc6914c0","identity: PDF p. 1, exact printed model; dimensions: PDF p. 2, antenna dimensions; mass: PDF p. 2, antenna weight and footnote; wind: PDF p. 3, mechanical wind values / stated reference speed; rf: PDF pp. 1-3, RF connector count / operating-frequency header; kitMass: PDF p. 5, BSAMNT-3 Weight, net; mounting: PDF p. 5, BSAMNT-3 Compatible Diameter","Exact model suffix and printed antenna revision retained. Packaging dimensions / gross weight are excluded; maximum-direction force is available only where explicitly published.","","","","","","","","https://www.andrew.com/products/base-station-antennas/antennas/itemrvv-65d-r3/","","","","","","0.44281549354435656","0.7182103610675039","0.46780508121616","1.225","0.9408","0.559104","0.9408","150","Equivalent estimate only","Assumed ρ = 1.225 kg/m³; nominal envelope H × W for front/rear and H × D for side. Manufacturer test density, drag versus resultant force, pole/bracket contribution and true projected area are not confirmed. C = F / (0.5 × ρ × V² × A), V in m/s. This is not manufacturer Cd, EPA/EFPA or a site-design coefficient.","{""max"":""Maximum-force direction and matching reference area are not established; no maximum coefficient is inferred.""}"
"PANEL-RECHECK-019","CommScope / ANDREW","RVV-65B-R3VB","Passive","datasheet","1997","397","157","23.5","Without mounting kit","4.5","Net weight, separate kit","BSAMNT-B95-03","61","114.3","","","6","4.3-10 Female","694-960 MHz / 1695-2690 MHz","535","290","830","","150","241","July 22, 2025","2026-10-02","https://www.andrew.com/globalassets/digizuite/942110-p360-rvv-65b-r3vb-comprehensiveexternal.pdf","","2","3","https://www.andrew.com/globalassets/digizuite/942110-p360-rvv-65b-r3vb-comprehensiveexternal.pdf","1a9448ee6ba539a92b532d93cc245db93b51698f9faf68b122faf5482afee343","identity: PDF p. 1, exact printed model; dimensions: PDF p. 2, antenna dimensions; mass: PDF p. 2, antenna weight and footnote; wind: PDF p. 3, mechanical wind values / stated reference speed; rf: PDF pp. 1-3, RF connector count / operating-frequency header; kitMass: PDF p. 5, BSAMNT-B95-03 Weight, net; mounting: PDF p. 5, BSAMNT-B95-03 Compatible Diameter","Exact model suffix and printed antenna revision retained. Packaging dimensions / gross weight are excluded; maximum-direction force is available only where explicitly published.","","","","","","","","https://www.andrew.com/products/base-station-antennas/antennas/itemrvv-65b-r3vb/","","","","","","0.6346022400690947","0.8698345841913787","0.9845231014156048","1.225","0.792809","0.313529","0.792809","150","Equivalent estimate only","Assumed ρ = 1.225 kg/m³; nominal envelope H × W for front/rear and H × D for side. Manufacturer test density, drag versus resultant force, pole/bracket contribution and true projected area are not confirmed. C = F / (0.5 × ρ × V² × A), V in m/s. This is not manufacturer Cd, EPA/EFPA or a site-design coefficient.","{""max"":""Maximum-force direction and matching reference area are not established; no maximum coefficient is inferred.""}"
"PANEL-RECHECK-020","CommScope / ANDREW","RVV-65B-R3VB-V2","Passive","datasheet","1997","397","157","19.5","Antenna only","4.5","Net weight, separate kit","BSAMNT-B95-04","60","115","","","6","4.3-10 Female","694-960 MHz / 1695-2690 MHz","535","290","830","","150","241","May 7, 2026","2026-10-02","https://www.andrew.com/globalassets/digizuite/999073-p360-rvv-65b-r3vb-v2-comprehensiveexternal.pdf","","2","3","https://www.andrew.com/globalassets/digizuite/999073-p360-rvv-65b-r3vb-v2-comprehensiveexternal.pdf","17eec5b677b1843dc0a6ea1a6ba464b2005bd430d5799b2ffe96c12ee1040b39","identity: PDF p. 1, exact printed model; dimensions: PDF p. 2, antenna dimensions; mass: PDF p. 2, antenna weight and footnote; wind: PDF p. 3, mechanical wind values / stated reference speed; rf: PDF pp. 1-3, RF connector count / operating-frequency header; kitMass: PDF p. 5, BSAMNT-B95-04 Weight, net; mounting: PDF p. 5, BSAMNT-B95-04 Compatible Diameter","Exact model suffix and printed antenna revision retained. Packaging dimensions / gross weight are excluded; maximum-direction force is available only where explicitly published.","","","","","","","","https://www.andrew.com/products/base-station-antennas/antennas/itemrvv-65b-r3vb-v2/","","","","","","0.6346022400690947","0.8698345841913787","0.9845231014156048","1.225","0.792809","0.313529","0.792809","150","Equivalent estimate only","Assumed ρ = 1.225 kg/m³; nominal envelope H × W for front/rear and H × D for side. Manufacturer test density, drag versus resultant force, pole/bracket contribution and true projected area are not confirmed. C = F / (0.5 × ρ × V² × A), V in m/s. This is not manufacturer Cd, EPA/EFPA or a site-design coefficient.","{""max"":""Maximum-force direction and matching reference area are not established; no maximum coefficient is inferred.""}"
"PANEL-RECHECK-021","CommScope / ANDREW","SSPX310R-V2","Passive","datasheet","752","300","115","7.5","Without mounting kit","5.5","Net weight, separate kit","T-095-GL-E","60","115","","","4","4.3-10 Female","3300-3800 MHz","253","59","302","","150","241","March 12, 2025","2026-10-02","https://www.andrew.com/globalassets/digizuite/263751-p360-sspx310r-v2-comprehensiveexternal.pdf","","2","2","https://www.andrew.com/globalassets/digizuite/263751-p360-sspx310r-v2-comprehensiveexternal.pdf","4b8a2d056cd961244dd3329360d87ea42871f46c7396f5fce554abaa11018583","identity: PDF p. 1, exact printed model; dimensions: PDF pp. 1-2, Width / Depth / Length; mass: PDF p. 2, antenna weight and footnote; wind: PDF p. 2, mechanical wind values / stated reference speed; rf: PDF pp. 1-3, RF connector count / operating-frequency header; kitMass: PDF p. 4, T-095-GL-E Weight, net; mounting: PDF p. 4, T-095-GL-E Compatible Diameter","Exact model suffix and printed antenna revision retained. Packaging dimensions / gross weight are excluded; maximum-direction force is available only where explicitly published.","","","","","","","","https://www.andrew.com/products/base-station-antennas/antennas/itemsspx310r-v2/","","","","","","1.0546244029526706","0.6415828125884953","1.2588797221016068","1.225","0.2256","0.08648","0.2256","150","Equivalent estimate only","Assumed ρ = 1.225 kg/m³; nominal envelope H × W for front/rear and H × D for side. Manufacturer test density, drag versus resultant force, pole/bracket contribution and true projected area are not confirmed. C = F / (0.5 × ρ × V² × A), V in m/s. This is not manufacturer Cd, EPA/EFPA or a site-design coefficient.","{""max"":""Maximum-force direction and matching reference area are not established; no maximum coefficient is inferred.""}"
"PANEL-RECHECK-022","CommScope / ANDREW","RZZ-65B-R3","Passive","datasheet","1828","350","208","23.7","Antenna only","","","","","","","","6","4.3-10 Female","694-960 MHz / 1427-2690 MHz","301","290","318","678","150","241","July 22, 2025","2026-10-02","https://www.andrew.com/globalassets/digizuite/939184-p360-rzz-65b-r3-comprehensiveexternal.pdf","","2","4","https://www.andrew.com/globalassets/digizuite/939184-p360-rzz-65b-r3-comprehensiveexternal.pdf","30c6b1e246e930be28d16822a7c4ed27881c845d70f456f09823265917324482","identity: PDF p. 1, exact printed model; dimensions: PDF p. 2, antenna dimensions; mass: PDF p. 2, antenna weight and footnote; wind: PDF p. 4, mechanical wind values / stated reference speed; rf: PDF pp. 1-3, RF connector count / operating-frequency header","Exact model suffix and printed antenna revision retained. Packaging dimensions / gross weight are excluded; maximum-direction force is available only where explicitly published.","","","","","","","","https://www.andrew.com/products/base-station-antennas/antennas/itemrzz-65b-r3/","","","","","","0.4424239717768946","0.7172571098798045","0.46741137217625406","1.225","0.6398","0.380224","0.6398","150","Equivalent estimate only","Assumed ρ = 1.225 kg/m³; nominal envelope H × W for front/rear and H × D for side. Manufacturer test density, drag versus resultant force, pole/bracket contribution and true projected area are not confirmed. C = F / (0.5 × ρ × V² × A), V in m/s. This is not manufacturer Cd, EPA/EFPA or a site-design coefficient.","{""max"":""Maximum-force direction and matching reference area are not established; no maximum coefficient is inferred.""}"
"PANEL-RECHECK-023","CommScope / ANDREW","VV-65A-R1B","Passive","datasheet","1390","305","118","11.2","Without mounting kit","3.9","Net weight, separate kit","600899A-2","61","114.3","","","4","4.3-10 Female","1695-2690 MHz","494","102","598","","150","241","March 12, 2025","2026-10-02","https://www.andrew.com/globalassets/digizuite/265312-p360-vv-65a-r1b-comprehensiveexternal.pdf","","2","2","https://www.andrew.com/globalassets/digizuite/265312-p360-vv-65a-r1b-comprehensiveexternal.pdf","5a9a277955994db672287f1f935c98e1be775ec4cb312aa7721c7231eb6e47e6","identity: PDF p. 1, exact printed model; dimensions: PDF pp. 1-2, Width / Depth / Length; mass: PDF p. 2, antenna weight and footnote; wind: PDF p. 2, mechanical wind values / stated reference speed; rf: PDF pp. 1-3, RF connector count / operating-frequency header; kitMass: PDF p. 4, 600899A-2 Weight, net; mounting: PDF p. 4, 600899A-2 Compatible Diameter","Exact model suffix and printed antenna revision retained. Packaging dimensions / gross weight are excluded; maximum-direction force is available only where explicitly published.","","","","","","","","https://www.andrew.com/products/base-station-antennas/antennas/itemvv-65a-r1b/","","","","","","1.095793448880909","0.5848166848741693","1.3264868065400475","1.225","0.42395","0.16402","0.42395","150","Equivalent estimate only","Assumed ρ = 1.225 kg/m³; nominal envelope H × W for front/rear and H × D for side. Manufacturer test density, drag versus resultant force, pole/bracket contribution and true projected area are not confirmed. C = F / (0.5 × ρ × V² × A), V in m/s. This is not manufacturer Cd, EPA/EFPA or a site-design coefficient.","{""max"":""Maximum-force direction and matching reference area are not established; no maximum coefficient is inferred.""}"
"PANEL-RECHECK-024","CommScope / ANDREW","RV4PX310R-V2","Passive","datasheet","2533","350","208","39","Without mounting kit","6","Net weight, separate kit","T-029-GL-E","60","115","0.42","0.36","10","7-16 DIN Female","694-960 MHz / 1695-2690 MHz","445","379","472","942","150","241","May 6, 2025","2026-10-02","https://www.andrew.com/globalassets/digizuite/263376-p360-rv4px310r-v2-comprehensiveexternal.pdf","","2","3","https://www.andrew.com/globalassets/digizuite/263376-p360-rv4px310r-v2-comprehensiveexternal.pdf","4fad46d445cc74a21a57a1d56aa8438e067f91dd9e665d14a6f9a1de39093585","identity: PDF p. 1, exact printed model; dimensions: PDF p. 2, antenna dimensions; mass: PDF p. 2, antenna weight and footnote; wind: PDF p. 3, mechanical wind values / stated reference speed; rf: PDF pp. 1-3, RF connector count / operating-frequency header; kitMass: PDF p. 5, T-029-GL-E Weight, net; mounting: PDF p. 5, T-029-GL-E Compatible Diameter; epa: PDF p. 3, Effective Projective Area, frontal / lateral","Exact model suffix and printed antenna revision retained. Packaging dimensions / gross weight are excluded; maximum-direction force is available only where explicitly published. V2 has 7-16 DIN; do not transfer V2H connector or site evidence.","","","","","","","","https://www.andrew.com/products/base-station-antennas/antennas/itemrv4px310r-v2/","","","","","","0.47203387587057843","0.676483293368974","0.5006741335076696","1.225","0.88655","0.526864","0.88655","150","Equivalent estimate only","Assumed ρ = 1.225 kg/m³; nominal envelope H × W for front/rear and H × D for side. Manufacturer test density, drag versus resultant force, pole/bracket contribution and true projected area are not confirmed. C = F / (0.5 × ρ × V² × A), V in m/s. This is not manufacturer Cd, EPA/EFPA or a site-design coefficient.","{""max"":""Maximum-force direction and matching reference area are not established; no maximum coefficient is inferred.""}"
"PANEL-RECHECK-025","CommScope / ANDREW","T4S4-90A-R2","Passive","catalogue","","","","","Exact variant not verified","","","","","","","","","","Exact variant sheet needed","","","","","","","CO-200332.2-EN.GB (08/26)","2026-10-02","","","","","https://de.andrew.com/globalassets/digizuite/1019112-bsa-product-guide-emea-co-200332-engb.pdf","736b61a56824c7d9f9e07be0119aa31dd1b0c504060c0907b8441a37ad9a99c3","identity: PDF p. 32, exact visible linked model T4S4-90A-R2","Identity-only entry from the ANDREW EMEA selection guide. Individual product URL is observed in the PDF annotation; its current availability is not guaranteed. Numerical mechanics / RF await exact-model sheet review. Regional catalogue inclusion does not establish Australian use or current supply.","","","","","","","","https://www.andrew.com/products/base-station-antennas/antennas/itemt4s4-90a-r2/","","","","","","","","","","","","","","Unavailable","","{""front"":""Exact wind and dimension source pages are not verified."",""side"":""Exact wind and dimension source pages are not verified."",""rear"":""Exact wind and dimension source pages are not verified."",""max"":""Maximum-force direction and matching reference area are not established; no maximum coefficient is inferred.""}"
"PANEL-RECHECK-026","CommScope / ANDREW","T4S4-90A-R2-V3","Passive","catalogue","","","","","Exact variant not verified","","","","","","","","","","Exact variant sheet needed","","","","","","","CO-200332.2-EN.GB (08/26)","2026-10-02","","","","","https://de.andrew.com/globalassets/digizuite/1019112-bsa-product-guide-emea-co-200332-engb.pdf","736b61a56824c7d9f9e07be0119aa31dd1b0c504060c0907b8441a37ad9a99c3","identity: PDF p. 32, exact visible linked model T4S4-90A-R2-V3","Identity-only entry from the ANDREW EMEA selection guide. Individual product URL is observed in the PDF annotation; its current availability is not guaranteed. Numerical mechanics / RF await exact-model sheet review. Regional catalogue inclusion does not establish Australian use or current supply.","","","","","","","","https://www.andrew.com/products/base-station-antennas/antennas/itemt4s4-90a-r2-v3/","","","","","","","","","","","","","","Unavailable","","{""front"":""Exact wind and dimension source pages are not verified."",""side"":""Exact wind and dimension source pages are not verified."",""rear"":""Exact wind and dimension source pages are not verified."",""max"":""Maximum-force direction and matching reference area are not established; no maximum coefficient is inferred.""}"
"PANEL-RECHECK-027","CommScope / ANDREW","T4S4-90A-R2-V4","Passive","catalogue","","","","","Exact variant not verified","","","","","","","","","","Exact variant sheet needed","","","","","","","CO-200332.2-EN.GB (08/26)","2026-10-02","","","","","https://de.andrew.com/globalassets/digizuite/1019112-bsa-product-guide-emea-co-200332-engb.pdf","736b61a56824c7d9f9e07be0119aa31dd1b0c504060c0907b8441a37ad9a99c3","identity: PDF p. 32, exact visible linked model T4S4-90A-R2-V4","Identity-only entry from the ANDREW EMEA selection guide. Individual product URL is observed in the PDF annotation; its current availability is not guaranteed. Numerical mechanics / RF await exact-model sheet review. Regional catalogue inclusion does not establish Australian use or current supply.","","","","","","","","https://www.andrew.com/products/base-station-antennas/antennas/itemt4s4-90a-r2-v4/","","","","","","","","","","","","","","Unavailable","","{""front"":""Exact wind and dimension source pages are not verified."",""side"":""Exact wind and dimension source pages are not verified."",""rear"":""Exact wind and dimension source pages are not verified."",""max"":""Maximum-force direction and matching reference area are not established; no maximum coefficient is inferred.""}"
"PANEL-RECHECK-028","CommScope / ANDREW","T4-90A-R1-V6","Passive","catalogue","","","","","Exact variant not verified","","","","","","","","","","Exact variant sheet needed","","","","","","","CO-200332.2-EN.GB (08/26)","2026-10-02","","","","","https://de.andrew.com/globalassets/digizuite/1019112-bsa-product-guide-emea-co-200332-engb.pdf","736b61a56824c7d9f9e07be0119aa31dd1b0c504060c0907b8441a37ad9a99c3","identity: PDF p. 32, exact visible linked model T4-90A-R1-V6","Identity-only entry from the ANDREW EMEA selection guide. Individual product URL is observed in the PDF annotation; its current availability is not guaranteed. Numerical mechanics / RF await exact-model sheet review. Regional catalogue inclusion does not establish Australian use or current supply.","","","","","","","","https://www.andrew.com/products/base-station-antennas/antennas/itemt4-90a-r1-v6/","","","","","","","","","","","","","","Unavailable","","{""front"":""Exact wind and dimension source pages are not verified."",""side"":""Exact wind and dimension source pages are not verified."",""rear"":""Exact wind and dimension source pages are not verified."",""max"":""Maximum-force direction and matching reference area are not established; no maximum coefficient is inferred.""}"
"PANEL-RECHECK-029","CommScope / ANDREW","S4-90M-R1-V2","Passive","catalogue","","","","","Exact variant not verified","","","","","","","","","","Exact variant sheet needed","","","","","","","CO-200332.2-EN.GB (08/26)","2026-10-02","","","","","https://de.andrew.com/globalassets/digizuite/1019112-bsa-product-guide-emea-co-200332-engb.pdf","736b61a56824c7d9f9e07be0119aa31dd1b0c504060c0907b8441a37ad9a99c3","identity: PDF p. 32, exact visible linked model S4-90M-R1-V2","Identity-only entry from the ANDREW EMEA selection guide. Individual product URL is observed in the PDF annotation; its current availability is not guaranteed. Numerical mechanics / RF await exact-model sheet review. Regional catalogue inclusion does not establish Australian use or current supply.","","","","","","","","https://www.andrew.com/products/base-station-antennas/antennas/items4-90m-r1-v2/","","","","","","","","","","","","","","Unavailable","","{""front"":""Exact wind and dimension source pages are not verified."",""side"":""Exact wind and dimension source pages are not verified."",""rear"":""Exact wind and dimension source pages are not verified."",""max"":""Maximum-force direction and matching reference area are not established; no maximum coefficient is inferred.""}"
"PANEL-RECHECK-030","CommScope / ANDREW","S4-90M-R1-V4","Passive","catalogue","","","","","Exact variant not verified","","","","","","","","","","Exact variant sheet needed","","","","","","","CO-200332.2-EN.GB (08/26)","2026-10-02","","","","","https://de.andrew.com/globalassets/digizuite/1019112-bsa-product-guide-emea-co-200332-engb.pdf","736b61a56824c7d9f9e07be0119aa31dd1b0c504060c0907b8441a37ad9a99c3","identity: PDF p. 32, exact visible linked model S4-90M-R1-V4","Identity-only entry from the ANDREW EMEA selection guide. Individual product URL is observed in the PDF annotation; its current availability is not guaranteed. Numerical mechanics / RF await exact-model sheet review. Regional catalogue inclusion does not establish Australian use or current supply.","","","","","","","","https://www.andrew.com/products/base-station-antennas/antennas/items4-90m-r1-v4/","","","","","","","","","","","","","","Unavailable","","{""front"":""Exact wind and dimension source pages are not verified."",""side"":""Exact wind and dimension source pages are not verified."",""rear"":""Exact wind and dimension source pages are not verified."",""max"":""Maximum-force direction and matching reference area are not established; no maximum coefficient is inferred.""}"
"PANEL-RECHECK-031","CommScope / ANDREW","SS-65M-R2","Passive","catalogue","","","","","Exact variant not verified","","","","","","","","","","Exact variant sheet needed","","","","","","","CO-200332.2-EN.GB (08/26)","2026-10-02","","","","","https://de.andrew.com/globalassets/digizuite/1019112-bsa-product-guide-emea-co-200332-engb.pdf","736b61a56824c7d9f9e07be0119aa31dd1b0c504060c0907b8441a37ad9a99c3","identity: PDF p. 32, exact visible linked model SS-65M-R2","Identity-only entry from the ANDREW EMEA selection guide. Individual product URL is observed in the PDF annotation; its current availability is not guaranteed. Numerical mechanics / RF await exact-model sheet review. Regional catalogue inclusion does not establish Australian use or current supply.","","","","","","","","https://www.andrew.com/products/base-station-antennas/antennas/itemss-65m-r2/","","","","","","","","","","","","","","Unavailable","","{""front"":""Exact wind and dimension source pages are not verified."",""side"":""Exact wind and dimension source pages are not verified."",""rear"":""Exact wind and dimension source pages are not verified."",""max"":""Maximum-force direction and matching reference area are not established; no maximum coefficient is inferred.""}"
"PANEL-RECHECK-032","CommScope / ANDREW","EGZHHTTS4-65B-R7V2","Passive","catalogue","","","","","Exact variant not verified","","","","","","","","","","Exact variant sheet needed","","","","","","","CO-200332.2-EN.GB (08/26)","2026-10-02","","","","","https://de.andrew.com/globalassets/digizuite/1019112-bsa-product-guide-emea-co-200332-engb.pdf","736b61a56824c7d9f9e07be0119aa31dd1b0c504060c0907b8441a37ad9a99c3","identity: PDF p. 33, exact visible linked model EGZHHTTS4-65B-R7V2","Identity-only entry from the ANDREW EMEA selection guide. Individual product URL is observed in the PDF annotation; its current availability is not guaranteed. Numerical mechanics / RF await exact-model sheet review. Regional catalogue inclusion does not establish Australian use or current supply.","","","","","","","","https://www.andrew.com/products/base-station-antennas/antennas/itemegzhhtts4-65b-r7v2/","","","","","","","","","","","","","","Unavailable","","{""front"":""Exact wind and dimension source pages are not verified."",""side"":""Exact wind and dimension source pages are not verified."",""rear"":""Exact wind and dimension source pages are not verified."",""max"":""Maximum-force direction and matching reference area are not established; no maximum coefficient is inferred.""}"
"PANEL-RECHECK-033","CommScope / ANDREW","EGZHHTTS4-65B-R7","Passive","catalogue","","","","","Exact variant not verified","","","","","","","","","","Exact variant sheet needed","","","","","","","CO-200332.2-EN.GB (08/26)","2026-10-02","","","","","https://de.andrew.com/globalassets/digizuite/1019112-bsa-product-guide-emea-co-200332-engb.pdf","736b61a56824c7d9f9e07be0119aa31dd1b0c504060c0907b8441a37ad9a99c3","identity: PDF p. 33, exact visible linked model EGZHHTTS4-65B-R7","Identity-only entry from the ANDREW EMEA selection guide. Individual product URL is observed in the PDF annotation; its current availability is not guaranteed. Numerical mechanics / RF await exact-model sheet review. Regional catalogue inclusion does not establish Australian use or current supply.","","","","","","","","https://www.andrew.com/products/base-station-antennas/antennas/itemegzhhtts4-65b-r7/","","","","","","","","","","","","","","Unavailable","","{""front"":""Exact wind and dimension source pages are not verified."",""side"":""Exact wind and dimension source pages are not verified."",""rear"":""Exact wind and dimension source pages are not verified."",""max"":""Maximum-force direction and matching reference area are not established; no maximum coefficient is inferred.""}"
"PANEL-RECHECK-034","CommScope / ANDREW","EGRZVS4-65D-R6N43","Passive","catalogue","","","","","Exact variant not verified","","","","","","","","","","Exact variant sheet needed","","","","","","","CO-200332.2-EN.GB (08/26)","2026-10-02","","","","","https://de.andrew.com/globalassets/digizuite/1019112-bsa-product-guide-emea-co-200332-engb.pdf","736b61a56824c7d9f9e07be0119aa31dd1b0c504060c0907b8441a37ad9a99c3","identity: PDF p. 34, exact visible linked model EGRZVS4-65D-R6N43","Identity-only entry from the ANDREW EMEA selection guide. Individual product URL is observed in the PDF annotation; its current availability is not guaranteed. Numerical mechanics / RF await exact-model sheet review. Regional catalogue inclusion does not establish Australian use or current supply.","","","","","","","","https://www.andrew.com/products/base-station-antennas/antennas/itemegrzvs4-65d-r6n43/","","","","","","","","","","","","","","Unavailable","","{""front"":""Exact wind and dimension source pages are not verified."",""side"":""Exact wind and dimension source pages are not verified."",""rear"":""Exact wind and dimension source pages are not verified."",""max"":""Maximum-force direction and matching reference area are not established; no maximum coefficient is inferred.""}"
"PANEL-RECHECK-035","CommScope / ANDREW","RRZZVVS4-65B-R7N43","Passive","catalogue","","","","","Exact variant not verified","","","","","","","","","","Exact variant sheet needed","","","","","","","CO-200332.2-EN.GB (08/26)","2026-10-02","","","","","https://de.andrew.com/globalassets/digizuite/1019112-bsa-product-guide-emea-co-200332-engb.pdf","736b61a56824c7d9f9e07be0119aa31dd1b0c504060c0907b8441a37ad9a99c3","identity: PDF p. 34, exact visible linked model RRZZVVS4-65B-R7N43","Identity-only entry from the ANDREW EMEA selection guide. Individual product URL is observed in the PDF annotation; its current availability is not guaranteed. Numerical mechanics / RF await exact-model sheet review. Regional catalogue inclusion does not establish Australian use or current supply.","","","","","","","","https://www.andrew.com/products/base-station-antennas/antennas/itemrrzzvvs4-65b-r7n43/","","","","","","","","","","","","","","Unavailable","","{""front"":""Exact wind and dimension source pages are not verified."",""side"":""Exact wind and dimension source pages are not verified."",""rear"":""Exact wind and dimension source pages are not verified."",""max"":""Maximum-force direction and matching reference area are not established; no maximum coefficient is inferred.""}"
"PANEL-RECHECK-036","CommScope / ANDREW","RRZZVVS4-65D-R7N43","Passive","catalogue","","","","","Exact variant not verified","","","","","","","","","","Exact variant sheet needed","","","","","","","CO-200332.2-EN.GB (08/26)","2026-10-02","","","","","https://de.andrew.com/globalassets/digizuite/1019112-bsa-product-guide-emea-co-200332-engb.pdf","736b61a56824c7d9f9e07be0119aa31dd1b0c504060c0907b8441a37ad9a99c3","identity: PDF p. 34, exact visible linked model RRZZVVS4-65D-R7N43","Identity-only entry from the ANDREW EMEA selection guide. Individual product URL is observed in the PDF annotation; its current availability is not guaranteed. Numerical mechanics / RF await exact-model sheet review. Regional catalogue inclusion does not establish Australian use or current supply.","","","","","","","","https://www.andrew.com/products/base-station-antennas/antennas/itemrrzzvvs4-65d-r7n43/","","","","","","","","","","","","","","Unavailable","","{""front"":""Exact wind and dimension source pages are not verified."",""side"":""Exact wind and dimension source pages are not verified."",""rear"":""Exact wind and dimension source pages are not verified."",""max"":""Maximum-force direction and matching reference area are not established; no maximum coefficient is inferred.""}"
"PANEL-RECHECK-037","CommScope / ANDREW","RRZZVVS4-65BR7NV4","Passive","catalogue","","","","","Exact variant not verified","","","","","","","","","","Exact variant sheet needed","","","","","","","CO-200332.2-EN.GB (08/26)","2026-10-02","","","","","https://de.andrew.com/globalassets/digizuite/1019112-bsa-product-guide-emea-co-200332-engb.pdf","736b61a56824c7d9f9e07be0119aa31dd1b0c504060c0907b8441a37ad9a99c3","identity: PDF p. 34, exact visible linked model RRZZVVS4-65BR7NV4","Identity-only entry from the ANDREW EMEA selection guide. Individual product URL is observed in the PDF annotation; its current availability is not guaranteed. Numerical mechanics / RF await exact-model sheet review. Regional catalogue inclusion does not establish Australian use or current supply.","","","","","","","","https://www.andrew.com/products/base-station-antennas/antennas/itemrrzzvvs4-65br7nv4/","","","","","","","","","","","","","","Unavailable","","{""front"":""Exact wind and dimension source pages are not verified."",""side"":""Exact wind and dimension source pages are not verified."",""rear"":""Exact wind and dimension source pages are not verified."",""max"":""Maximum-force direction and matching reference area are not established; no maximum coefficient is inferred.""}"
"PANEL-RECHECK-038","CommScope / ANDREW","RRZZVVS4-65DR7NV4","Passive","catalogue","","","","","Exact variant not verified","","","","","","","","","","Exact variant sheet needed","","","","","","","CO-200332.2-EN.GB (08/26)","2026-10-02","","","","","https://de.andrew.com/globalassets/digizuite/1019112-bsa-product-guide-emea-co-200332-engb.pdf","736b61a56824c7d9f9e07be0119aa31dd1b0c504060c0907b8441a37ad9a99c3","identity: PDF p. 34, exact visible linked model RRZZVVS4-65DR7NV4","Identity-only entry from the ANDREW EMEA selection guide. Individual product URL is observed in the PDF annotation; its current availability is not guaranteed. Numerical mechanics / RF await exact-model sheet review. Regional catalogue inclusion does not establish Australian use or current supply.","","","","","","","","https://www.andrew.com/products/base-station-antennas/antennas/itemrrzzvvs4-65dr7nv4/","","","","","","","","","","","","","","Unavailable","","{""front"":""Exact wind and dimension source pages are not verified."",""side"":""Exact wind and dimension source pages are not verified."",""rear"":""Exact wind and dimension source pages are not verified."",""max"":""Maximum-force direction and matching reference area are not established; no maximum coefficient is inferred.""}"
"PANEL-RECHECK-039","CommScope / ANDREW","RRZZHHTTS4-65B-R8N","Passive","catalogue","","","","","Exact variant not verified","","","","","","","","","","Exact variant sheet needed","","","","","","","CO-200332.2-EN.GB (08/26)","2026-10-02","","","","","https://de.andrew.com/globalassets/digizuite/1019112-bsa-product-guide-emea-co-200332-engb.pdf","736b61a56824c7d9f9e07be0119aa31dd1b0c504060c0907b8441a37ad9a99c3","identity: PDF p. 35, exact visible linked model RRZZHHTTS4-65B-R8N","Identity-only entry from the ANDREW EMEA selection guide. Individual product URL is observed in the PDF annotation; its current availability is not guaranteed. Numerical mechanics / RF await exact-model sheet review. Regional catalogue inclusion does not establish Australian use or current supply.","","","","","","","","https://www.andrew.com/products/base-station-antennas/antennas/itemrrzzhhtts4-65b-r8n/","","","","","","","","","","","","","","Unavailable","","{""front"":""Exact wind and dimension source pages are not verified."",""side"":""Exact wind and dimension source pages are not verified."",""rear"":""Exact wind and dimension source pages are not verified."",""max"":""Maximum-force direction and matching reference area are not established; no maximum coefficient is inferred.""}"
"PANEL-RECHECK-040","CommScope / ANDREW","RRZZHHTTS4-65BR8V2","Passive","catalogue","","","","","Exact variant not verified","","","","","","","","","","Exact variant sheet needed","","","","","","","CO-200332.2-EN.GB (08/26)","2026-10-02","","","","","https://de.andrew.com/globalassets/digizuite/1019112-bsa-product-guide-emea-co-200332-engb.pdf","736b61a56824c7d9f9e07be0119aa31dd1b0c504060c0907b8441a37ad9a99c3","identity: PDF p. 35, exact visible linked model RRZZHHTTS4-65BR8V2","Identity-only entry from the ANDREW EMEA selection guide. Individual product URL is observed in the PDF annotation; its current availability is not guaranteed. Numerical mechanics / RF await exact-model sheet review. Regional catalogue inclusion does not establish Australian use or current supply.","","","","","","","","https://www.andrew.com/products/base-station-antennas/antennas/itemrrzzhhtts4-65br8v2/","","","","","","","","","","","","","","Unavailable","","{""front"":""Exact wind and dimension source pages are not verified."",""side"":""Exact wind and dimension source pages are not verified."",""rear"":""Exact wind and dimension source pages are not verified."",""max"":""Maximum-force direction and matching reference area are not established; no maximum coefficient is inferred.""}"
"PANEL-RECHECK-041","CommScope / ANDREW","RRZZV4S4-65D-R9N43","Passive","catalogue","","","","","Exact variant not verified","","","","","","","","","","Exact variant sheet needed","","","","","","","CO-200332.2-EN.GB (08/26)","2026-10-02","","","","","https://de.andrew.com/globalassets/digizuite/1019112-bsa-product-guide-emea-co-200332-engb.pdf","736b61a56824c7d9f9e07be0119aa31dd1b0c504060c0907b8441a37ad9a99c3","identity: PDF p. 35, exact visible linked model RRZZV4S4-65D-R9N43","Identity-only entry from the ANDREW EMEA selection guide. Individual product URL is observed in the PDF annotation; its current availability is not guaranteed. Numerical mechanics / RF await exact-model sheet review. Regional catalogue inclusion does not establish Australian use or current supply.","","","","","","","","https://www.andrew.com/products/base-station-antennas/antennas/itemrrzzv4s4-65d-r9n43/","","","","","","","","","","","","","","Unavailable","","{""front"":""Exact wind and dimension source pages are not verified."",""side"":""Exact wind and dimension source pages are not verified."",""rear"":""Exact wind and dimension source pages are not verified."",""max"":""Maximum-force direction and matching reference area are not established; no maximum coefficient is inferred.""}"
"PANEL-RECHECK-042","CommScope / ANDREW","RRZZV4S4-65DR9NV4","Passive","catalogue","","","","","Exact variant not verified","","","","","","","","","","Exact variant sheet needed","","","","","","","CO-200332.2-EN.GB (08/26)","2026-10-02","","","","","https://de.andrew.com/globalassets/digizuite/1019112-bsa-product-guide-emea-co-200332-engb.pdf","736b61a56824c7d9f9e07be0119aa31dd1b0c504060c0907b8441a37ad9a99c3","identity: PDF p. 35, exact visible linked model RRZZV4S4-65DR9NV4","Identity-only entry from the ANDREW EMEA selection guide. Individual product URL is observed in the PDF annotation; its current availability is not guaranteed. Numerical mechanics / RF await exact-model sheet review. Regional catalogue inclusion does not establish Australian use or current supply.","","","","","","","","https://www.andrew.com/products/base-station-antennas/antennas/itemrrzzv4s4-65dr9nv4/","","","","","","","","","","","","","","Unavailable","","{""front"":""Exact wind and dimension source pages are not verified."",""side"":""Exact wind and dimension source pages are not verified."",""rear"":""Exact wind and dimension source pages are not verified."",""max"":""Maximum-force direction and matching reference area are not established; no maximum coefficient is inferred.""}"
"PANEL-RECHECK-043","CommScope / ANDREW","EGRZV4S4-65D-R9N43","Passive","catalogue","","","","","Exact variant not verified","","","","","","","","","","Exact variant sheet needed","","","","","","","CO-200332.2-EN.GB (08/26)","2026-10-02","","","","","https://de.andrew.com/globalassets/digizuite/1019112-bsa-product-guide-emea-co-200332-engb.pdf","736b61a56824c7d9f9e07be0119aa31dd1b0c504060c0907b8441a37ad9a99c3","identity: PDF p. 35, exact visible linked model EGRZV4S4-65D-R9N43","Identity-only entry from the ANDREW EMEA selection guide. Individual product URL is observed in the PDF annotation; its current availability is not guaranteed. Numerical mechanics / RF await exact-model sheet review. Regional catalogue inclusion does not establish Australian use or current supply.","","","","","","","","https://www.andrew.com/products/base-station-antennas/antennas/itemegrzv4s4-65d-r9n43/","","","","","","","","","","","","","","Unavailable","","{""front"":""Exact wind and dimension source pages are not verified."",""side"":""Exact wind and dimension source pages are not verified."",""rear"":""Exact wind and dimension source pages are not verified."",""max"":""Maximum-force direction and matching reference area are not established; no maximum coefficient is inferred.""}"
"PANEL-RECHECK-044","CommScope / ANDREW","RRZZS4-65D-R5","Passive","catalogue","","","","","Exact variant not verified","","","","","","","","","","Exact variant sheet needed","","","","","","","CO-200332.2-EN.GB (08/26)","2026-10-02","","","","","https://de.andrew.com/globalassets/digizuite/1019112-bsa-product-guide-emea-co-200332-engb.pdf","736b61a56824c7d9f9e07be0119aa31dd1b0c504060c0907b8441a37ad9a99c3","identity: PDF p. 36, exact visible linked model RRZZS4-65D-R5","Identity-only entry from the ANDREW EMEA selection guide. Individual product URL is observed in the PDF annotation; its current availability is not guaranteed. Numerical mechanics / RF await exact-model sheet review. Regional catalogue inclusion does not establish Australian use or current supply.","","","","","","","","https://www.andrew.com/products/base-station-antennas/antennas/itemrrzzs4-65d-r5/","","","","","","","","","","","","","","Unavailable","","{""front"":""Exact wind and dimension source pages are not verified."",""side"":""Exact wind and dimension source pages are not verified."",""rear"":""Exact wind and dimension source pages are not verified."",""max"":""Maximum-force direction and matching reference area are not established; no maximum coefficient is inferred.""}"
"PANEL-RECHECK-045","CommScope / ANDREW","RRZZT4-65A-R5","Passive","catalogue","","","","","Exact variant not verified","","","","","","","","","","Exact variant sheet needed","","","","","","","CO-200332.2-EN.GB (08/26)","2026-10-02","","","","","https://de.andrew.com/globalassets/digizuite/1019112-bsa-product-guide-emea-co-200332-engb.pdf","736b61a56824c7d9f9e07be0119aa31dd1b0c504060c0907b8441a37ad9a99c3","identity: PDF p. 36, exact visible linked model RRZZT4-65A-R5","Identity-only entry from the ANDREW EMEA selection guide. Individual product URL is observed in the PDF annotation; its current availability is not guaranteed. Numerical mechanics / RF await exact-model sheet review. Regional catalogue inclusion does not establish Australian use or current supply.","","","","","","","","https://www.andrew.com/products/base-station-antennas/antennas/itemrrzzt4-65a-r5/","","","","","","","","","","","","","","Unavailable","","{""front"":""Exact wind and dimension source pages are not verified."",""side"":""Exact wind and dimension source pages are not verified."",""rear"":""Exact wind and dimension source pages are not verified."",""max"":""Maximum-force direction and matching reference area are not established; no maximum coefficient is inferred.""}"
"PANEL-RECHECK-046","CommScope / ANDREW","KVVSS-65A-R3","Passive","catalogue","","","","","Exact variant not verified","","","","","","","","","","Exact variant sheet needed","","","","","","","CO-200332.2-EN.GB (08/26)","2026-10-02","","","","","https://de.andrew.com/globalassets/digizuite/1019112-bsa-product-guide-emea-co-200332-engb.pdf","736b61a56824c7d9f9e07be0119aa31dd1b0c504060c0907b8441a37ad9a99c3","identity: PDF p. 36, exact visible linked model KVVSS-65A-R3","Identity-only entry from the ANDREW EMEA selection guide. Individual product URL is observed in the PDF annotation; its current availability is not guaranteed. Numerical mechanics / RF await exact-model sheet review. Regional catalogue inclusion does not establish Australian use or current supply.","","","","","","","","https://www.andrew.com/products/base-station-antennas/antennas/itemkvvss-65a-r3/","","","","","","","","","","","","","","Unavailable","","{""front"":""Exact wind and dimension source pages are not verified."",""side"":""Exact wind and dimension source pages are not verified."",""rear"":""Exact wind and dimension source pages are not verified."",""max"":""Maximum-force direction and matching reference area are not established; no maximum coefficient is inferred.""}"
"PANEL-RECHECK-047","CommScope / ANDREW","RRVVQ4-65D-R5","Passive","catalogue","","","","","Exact variant not verified","","","","","","","","","","Exact variant sheet needed","","","","","","","CO-200332.2-EN.GB (08/26)","2026-10-02","","","","","https://de.andrew.com/globalassets/digizuite/1019112-bsa-product-guide-emea-co-200332-engb.pdf","736b61a56824c7d9f9e07be0119aa31dd1b0c504060c0907b8441a37ad9a99c3","identity: PDF p. 36, exact visible linked model RRVVQ4-65D-R5","Identity-only entry from the ANDREW EMEA selection guide. Individual product URL is observed in the PDF annotation; its current availability is not guaranteed. Numerical mechanics / RF await exact-model sheet review. Regional catalogue inclusion does not establish Australian use or current supply.","","","","","","","","https://www.andrew.com/products/base-station-antennas/antennas/itemrrvvq4-65d-r5/","","","","","","","","","","","","","","Unavailable","","{""front"":""Exact wind and dimension source pages are not verified."",""side"":""Exact wind and dimension source pages are not verified."",""rear"":""Exact wind and dimension source pages are not verified."",""max"":""Maximum-force direction and matching reference area are not established; no maximum coefficient is inferred.""}"
"PANEL-RECHECK-048","CommScope / ANDREW","RRVVQ4-65D-R5V4","Passive","catalogue","","","","","Exact variant not verified","","","","","","","","","","Exact variant sheet needed","","","","","","","CO-200332.2-EN.GB (08/26)","2026-10-02","","","","","https://de.andrew.com/globalassets/digizuite/1019112-bsa-product-guide-emea-co-200332-engb.pdf","736b61a56824c7d9f9e07be0119aa31dd1b0c504060c0907b8441a37ad9a99c3","identity: PDF p. 36, exact visible linked model RRVVQ4-65D-R5V4","Identity-only entry from the ANDREW EMEA selection guide. Individual product URL is observed in the PDF annotation; its current availability is not guaranteed. Numerical mechanics / RF await exact-model sheet review. Regional catalogue inclusion does not establish Australian use or current supply.","","","","","","","","https://www.andrew.com/products/base-station-antennas/antennas/itemrrvvq4-65d-r5v4/","","","","","","","","","","","","","","Unavailable","","{""front"":""Exact wind and dimension source pages are not verified."",""side"":""Exact wind and dimension source pages are not verified."",""rear"":""Exact wind and dimension source pages are not verified."",""max"":""Maximum-force direction and matching reference area are not established; no maximum coefficient is inferred.""}"
"PANEL-RECHECK-049","CommScope / ANDREW","RRV4Q4-65D-R7","Passive","catalogue","","","","","Exact variant not verified","","","","","","","","","","Exact variant sheet needed","","","","","","","CO-200332.2-EN.GB (08/26)","2026-10-02","","","","","https://de.andrew.com/globalassets/digizuite/1019112-bsa-product-guide-emea-co-200332-engb.pdf","736b61a56824c7d9f9e07be0119aa31dd1b0c504060c0907b8441a37ad9a99c3","identity: PDF p. 37, exact visible linked model RRV4Q4-65D-R7","Identity-only entry from the ANDREW EMEA selection guide. Individual product URL is observed in the PDF annotation; its current availability is not guaranteed. Numerical mechanics / RF await exact-model sheet review. Regional catalogue inclusion does not establish Australian use or current supply.","","","","","","","","https://www.andrew.com/products/base-station-antennas/antennas/itemrrv4q4-65d-r7/","","","","","","","","","","","","","","Unavailable","","{""front"":""Exact wind and dimension source pages are not verified."",""side"":""Exact wind and dimension source pages are not verified."",""rear"":""Exact wind and dimension source pages are not verified."",""max"":""Maximum-force direction and matching reference area are not established; no maximum coefficient is inferred.""}"
"PANEL-RECHECK-050","CommScope / ANDREW","RRV4Q4-65D-R7V2","Passive","catalogue","","","","","Exact variant not verified","","","","","","","","","","Exact variant sheet needed","","","","","","","CO-200332.2-EN.GB (08/26)","2026-10-02","","","","","https://de.andrew.com/globalassets/digizuite/1019112-bsa-product-guide-emea-co-200332-engb.pdf","736b61a56824c7d9f9e07be0119aa31dd1b0c504060c0907b8441a37ad9a99c3","identity: PDF p. 37, exact visible linked model RRV4Q4-65D-R7V2","Identity-only entry from the ANDREW EMEA selection guide. Individual product URL is observed in the PDF annotation; its current availability is not guaranteed. Numerical mechanics / RF await exact-model sheet review. Regional catalogue inclusion does not establish Australian use or current supply.","","","","","","","","https://www.andrew.com/products/base-station-antennas/antennas/itemrrv4q4-65d-r7v2/","","","","","","","","","","","","","","Unavailable","","{""front"":""Exact wind and dimension source pages are not verified."",""side"":""Exact wind and dimension source pages are not verified."",""rear"":""Exact wind and dimension source pages are not verified."",""max"":""Maximum-force direction and matching reference area are not established; no maximum coefficient is inferred.""}"
"PANEL-RECHECK-051","CommScope / ANDREW","RRV4Q4-65D-R7V4","Passive","catalogue","","","","","Exact variant not verified","","","","","","","","","","Exact variant sheet needed","","","","","","","CO-200332.2-EN.GB (08/26)","2026-10-02","","","","","https://de.andrew.com/globalassets/digizuite/1019112-bsa-product-guide-emea-co-200332-engb.pdf","736b61a56824c7d9f9e07be0119aa31dd1b0c504060c0907b8441a37ad9a99c3","identity: PDF p. 37, exact visible linked model RRV4Q4-65D-R7V4","Identity-only entry from the ANDREW EMEA selection guide. Individual product URL is observed in the PDF annotation; its current availability is not guaranteed. Numerical mechanics / RF await exact-model sheet review. Regional catalogue inclusion does not establish Australian use or current supply.","","","","","","","","https://www.andrew.com/products/base-station-antennas/antennas/itemrrv4q4-65d-r7v4/","","","","","","","","","","","","","","Unavailable","","{""front"":""Exact wind and dimension source pages are not verified."",""side"":""Exact wind and dimension source pages are not verified."",""rear"":""Exact wind and dimension source pages are not verified."",""max"":""Maximum-force direction and matching reference area are not established; no maximum coefficient is inferred.""}"
"PANEL-RECHECK-052","CommScope / ANDREW","RRVV2VVQ4-6533D-R9","Passive","catalogue","","","","","Exact variant not verified","","","","","","","","","","Exact variant sheet needed","","","","","","","CO-200332.2-EN.GB (08/26)","2026-10-02","","","","","https://de.andrew.com/globalassets/digizuite/1019112-bsa-product-guide-emea-co-200332-engb.pdf","736b61a56824c7d9f9e07be0119aa31dd1b0c504060c0907b8441a37ad9a99c3","identity: PDF p. 37, exact visible linked model RRVV2VVQ4-6533D-R9","Identity-only entry from the ANDREW EMEA selection guide. Individual product URL is observed in the PDF annotation; its current availability is not guaranteed. Numerical mechanics / RF await exact-model sheet review. Regional catalogue inclusion does not establish Australian use or current supply.","","","","","","","","https://www.andrew.com/products/base-station-antennas/antennas/itemrrvv2vvq4-6533d-r9/","","","","","","","","","","","","","","Unavailable","","{""front"":""Exact wind and dimension source pages are not verified."",""side"":""Exact wind and dimension source pages are not verified."",""rear"":""Exact wind and dimension source pages are not verified."",""max"":""Maximum-force direction and matching reference area are not established; no maximum coefficient is inferred.""}"
"PANEL-RECHECK-053","CommScope / ANDREW","RRZZVVQ4-65B-R7","Passive","catalogue","","","","","Exact variant not verified","","","","","","","","","","Exact variant sheet needed","","","","","","","CO-200332.2-EN.GB (08/26)","2026-10-02","","","","","https://de.andrew.com/globalassets/digizuite/1019112-bsa-product-guide-emea-co-200332-engb.pdf","736b61a56824c7d9f9e07be0119aa31dd1b0c504060c0907b8441a37ad9a99c3","identity: PDF p. 37, exact visible linked model RRZZVVQ4-65B-R7","Identity-only entry from the ANDREW EMEA selection guide. Individual product URL is observed in the PDF annotation; its current availability is not guaranteed. Numerical mechanics / RF await exact-model sheet review. Regional catalogue inclusion does not establish Australian use or current supply.","","","","","","","","https://www.andrew.com/products/base-station-antennas/antennas/itemrrzzvvq4-65b-r7/","","","","","","","","","","","","","","Unavailable","","{""front"":""Exact wind and dimension source pages are not verified."",""side"":""Exact wind and dimension source pages are not verified."",""rear"":""Exact wind and dimension source pages are not verified."",""max"":""Maximum-force direction and matching reference area are not established; no maximum coefficient is inferred.""}"
"PANEL-RECHECK-054","CommScope / ANDREW","RRZZVVQ4-65B-R7G","Passive","catalogue","","","","","Exact variant not verified","","","","","","","","","","Exact variant sheet needed","","","","","","","CO-200332.2-EN.GB (08/26)","2026-10-02","","","","","https://de.andrew.com/globalassets/digizuite/1019112-bsa-product-guide-emea-co-200332-engb.pdf","736b61a56824c7d9f9e07be0119aa31dd1b0c504060c0907b8441a37ad9a99c3","identity: PDF p. 37, exact visible linked model RRZZVVQ4-65B-R7G","Identity-only entry from the ANDREW EMEA selection guide. Individual product URL is observed in the PDF annotation; its current availability is not guaranteed. Numerical mechanics / RF await exact-model sheet review. Regional catalogue inclusion does not establish Australian use or current supply.","","","","","","","","https://www.andrew.com/products/base-station-antennas/antennas/itemrrzzvvq4-65b-r7g/","","","","","","","","","","","","","","Unavailable","","{""front"":""Exact wind and dimension source pages are not verified."",""side"":""Exact wind and dimension source pages are not verified."",""rear"":""Exact wind and dimension source pages are not verified."",""max"":""Maximum-force direction and matching reference area are not established; no maximum coefficient is inferred.""}"
"PANEL-RECHECK-055","CommScope / ANDREW","RRV4Q4-65A-R7","Passive","catalogue","","","","","Exact variant not verified","","","","","","","","","","Exact variant sheet needed","","","","","","","CO-200332.2-EN.GB (08/26)","2026-10-02","","","","","https://de.andrew.com/globalassets/digizuite/1019112-bsa-product-guide-emea-co-200332-engb.pdf","736b61a56824c7d9f9e07be0119aa31dd1b0c504060c0907b8441a37ad9a99c3","identity: PDF p. 37, exact visible linked model RRV4Q4-65A-R7","Identity-only entry from the ANDREW EMEA selection guide. Individual product URL is observed in the PDF annotation; its current availability is not guaranteed. Numerical mechanics / RF await exact-model sheet review. Regional catalogue inclusion does not establish Australian use or current supply.","","","","","","","","https://www.andrew.com/products/base-station-antennas/antennas/itemrrv4q4-65a-r7/","","","","","","","","","","","","","","Unavailable","","{""front"":""Exact wind and dimension source pages are not verified."",""side"":""Exact wind and dimension source pages are not verified."",""rear"":""Exact wind and dimension source pages are not verified."",""max"":""Maximum-force direction and matching reference area are not established; no maximum coefficient is inferred.""}"
"PANEL-RECHECK-056","CommScope / ANDREW","RRZZVVQ4Q4-65DR8V4","Passive","catalogue","","","","","Exact variant not verified","","","","","","","","","","Exact variant sheet needed","","","","","","","CO-200332.2-EN.GB (08/26)","2026-10-02","","","","","https://de.andrew.com/globalassets/digizuite/1019112-bsa-product-guide-emea-co-200332-engb.pdf","736b61a56824c7d9f9e07be0119aa31dd1b0c504060c0907b8441a37ad9a99c3","identity: PDF p. 38, exact visible linked model RRZZVVQ4Q4-65DR8V4","Identity-only entry from the ANDREW EMEA selection guide. Individual product URL is observed in the PDF annotation; its current availability is not guaranteed. Numerical mechanics / RF await exact-model sheet review. Regional catalogue inclusion does not establish Australian use or current supply.","","","","","","","","https://www.andrew.com/products/base-station-antennas/antennas/itemrrzzvvq4q4-65dr8v4/","","","","","","","","","","","","","","Unavailable","","{""front"":""Exact wind and dimension source pages are not verified."",""side"":""Exact wind and dimension source pages are not verified."",""rear"":""Exact wind and dimension source pages are not verified."",""max"":""Maximum-force direction and matching reference area are not established; no maximum coefficient is inferred.""}"
"PANEL-RECHECK-057","CommScope / ANDREW","RRZZVVQ4Q4-65DR8","Passive","catalogue","","","","","Exact variant not verified","","","","","","","","","","Exact variant sheet needed","","","","","","","CO-200332.2-EN.GB (08/26)","2026-10-02","","","","","https://de.andrew.com/globalassets/digizuite/1019112-bsa-product-guide-emea-co-200332-engb.pdf","736b61a56824c7d9f9e07be0119aa31dd1b0c504060c0907b8441a37ad9a99c3","identity: PDF p. 38, exact visible linked model RRZZVVQ4Q4-65DR8","Identity-only entry from the ANDREW EMEA selection guide. Individual product URL is observed in the PDF annotation; its current availability is not guaranteed. Numerical mechanics / RF await exact-model sheet review. Regional catalogue inclusion does not establish Australian use or current supply.","","","","","","","","https://www.andrew.com/products/base-station-antennas/antennas/itemrrzzvvq4q4-65dr8/","","","","","","","","","","","","","","Unavailable","","{""front"":""Exact wind and dimension source pages are not verified."",""side"":""Exact wind and dimension source pages are not verified."",""rear"":""Exact wind and dimension source pages are not verified."",""max"":""Maximum-force direction and matching reference area are not established; no maximum coefficient is inferred.""}"
"PANEL-RECHECK-058","CommScope / ANDREW","RRZZVVQ4Q4-65BR8V4","Passive","catalogue","","","","","Exact variant not verified","","","","","","","","","","Exact variant sheet needed","","","","","","","CO-200332.2-EN.GB (08/26)","2026-10-02","","","","","https://de.andrew.com/globalassets/digizuite/1019112-bsa-product-guide-emea-co-200332-engb.pdf","736b61a56824c7d9f9e07be0119aa31dd1b0c504060c0907b8441a37ad9a99c3","identity: PDF p. 38, exact visible linked model RRZZVVQ4Q4-65BR8V4","Identity-only entry from the ANDREW EMEA selection guide. Individual product URL is observed in the PDF annotation; its current availability is not guaranteed. Numerical mechanics / RF await exact-model sheet review. Regional catalogue inclusion does not establish Australian use or current supply.","","","","","","","","https://www.andrew.com/products/base-station-antennas/antennas/itemrrzzvvq4q4-65br8v4/","","","","","","","","","","","","","","Unavailable","","{""front"":""Exact wind and dimension source pages are not verified."",""side"":""Exact wind and dimension source pages are not verified."",""rear"":""Exact wind and dimension source pages are not verified."",""max"":""Maximum-force direction and matching reference area are not established; no maximum coefficient is inferred.""}"
"PANEL-RECHECK-059","CommScope / ANDREW","EEGGV4Q4Q465DR10","Passive","catalogue","","","","","Exact variant not verified","","","","","","","","","","Exact variant sheet needed","","","","","","","CO-200332.2-EN.GB (08/26)","2026-10-02","","","","","https://de.andrew.com/globalassets/digizuite/1019112-bsa-product-guide-emea-co-200332-engb.pdf","736b61a56824c7d9f9e07be0119aa31dd1b0c504060c0907b8441a37ad9a99c3","identity: PDF p. 38, exact visible linked model EEGGV4Q4Q465DR10","Identity-only entry from the ANDREW EMEA selection guide. Individual product URL is observed in the PDF annotation; its current availability is not guaranteed. Numerical mechanics / RF await exact-model sheet review. Regional catalogue inclusion does not establish Australian use or current supply.","","","","","","","","https://www.andrew.com/products/base-station-antennas/antennas/itemeeggv4q4q465dr10/","","","","","","","","","","","","","","Unavailable","","{""front"":""Exact wind and dimension source pages are not verified."",""side"":""Exact wind and dimension source pages are not verified."",""rear"":""Exact wind and dimension source pages are not verified."",""max"":""Maximum-force direction and matching reference area are not established; no maximum coefficient is inferred.""}"
"PANEL-RECHECK-060","CommScope / ANDREW","EEGGHHTTV4Q465DR10","Passive","catalogue","","","","","Exact variant not verified","","","","","","","","","","Exact variant sheet needed","","","","","","","CO-200332.2-EN.GB (08/26)","2026-10-02","","","","","https://de.andrew.com/globalassets/digizuite/1019112-bsa-product-guide-emea-co-200332-engb.pdf","736b61a56824c7d9f9e07be0119aa31dd1b0c504060c0907b8441a37ad9a99c3","identity: PDF p. 38, exact visible linked model EEGGHHTTV4Q465DR10","Identity-only entry from the ANDREW EMEA selection guide. Individual product URL is observed in the PDF annotation; its current availability is not guaranteed. Numerical mechanics / RF await exact-model sheet review. Regional catalogue inclusion does not establish Australian use or current supply.","","","","","","","","https://www.andrew.com/products/base-station-antennas/antennas/itemeegghhttv4q465dr10/","","","","","","","","","","","","","","Unavailable","","{""front"":""Exact wind and dimension source pages are not verified."",""side"":""Exact wind and dimension source pages are not verified."",""rear"":""Exact wind and dimension source pages are not verified."",""max"":""Maximum-force direction and matching reference area are not established; no maximum coefficient is inferred.""}"
"PANEL-RECHECK-061","CommScope / ANDREW","RRZZVVT4S4-65B-R8","Passive","catalogue","","","","","Exact variant not verified","","","","","","","","","","Exact variant sheet needed","","","","","","","CO-200332.2-EN.GB (08/26)","2026-10-02","","","","","https://de.andrew.com/globalassets/digizuite/1019112-bsa-product-guide-emea-co-200332-engb.pdf","736b61a56824c7d9f9e07be0119aa31dd1b0c504060c0907b8441a37ad9a99c3","identity: PDF p. 39, exact visible linked model RRZZVVT4S4-65B-R8","Identity-only entry from the ANDREW EMEA selection guide. Individual product URL is observed in the PDF annotation; its current availability is not guaranteed. Numerical mechanics / RF await exact-model sheet review. Regional catalogue inclusion does not establish Australian use or current supply.","","","","","","","","https://www.andrew.com/products/base-station-antennas/antennas/itemrrzzvvt4s4-65b-r8/","","","","","","","","","","","","","","Unavailable","","{""front"":""Exact wind and dimension source pages are not verified."",""side"":""Exact wind and dimension source pages are not verified."",""rear"":""Exact wind and dimension source pages are not verified."",""max"":""Maximum-force direction and matching reference area are not established; no maximum coefficient is inferred.""}"
"PANEL-RECHECK-062","CommScope / ANDREW","RRZZVVT4S4-65DR8V2","Passive","catalogue","","","","","Exact variant not verified","","","","","","","","","","Exact variant sheet needed","","","","","","","CO-200332.2-EN.GB (08/26)","2026-10-02","","","","","https://de.andrew.com/globalassets/digizuite/1019112-bsa-product-guide-emea-co-200332-engb.pdf","736b61a56824c7d9f9e07be0119aa31dd1b0c504060c0907b8441a37ad9a99c3","identity: PDF p. 39, exact visible linked model RRZZVVT4S4-65DR8V2","Identity-only entry from the ANDREW EMEA selection guide. Individual product URL is observed in the PDF annotation; its current availability is not guaranteed. Numerical mechanics / RF await exact-model sheet review. Regional catalogue inclusion does not establish Australian use or current supply.","","","","","","","","https://www.andrew.com/products/base-station-antennas/antennas/itemrrzzvvt4s4-65dr8v2/","","","","","","","","","","","","","","Unavailable","","{""front"":""Exact wind and dimension source pages are not verified."",""side"":""Exact wind and dimension source pages are not verified."",""rear"":""Exact wind and dimension source pages are not verified."",""max"":""Maximum-force direction and matching reference area are not established; no maximum coefficient is inferred.""}"
"PANEL-RECHECK-063","CommScope / ANDREW","RRYYHHTTT4S4-65BR8","Passive","catalogue","","","","","Exact variant not verified","","","","","","","","","","Exact variant sheet needed","","","","","","","CO-200332.2-EN.GB (08/26)","2026-10-02","","","","","https://de.andrew.com/globalassets/digizuite/1019112-bsa-product-guide-emea-co-200332-engb.pdf","736b61a56824c7d9f9e07be0119aa31dd1b0c504060c0907b8441a37ad9a99c3","identity: PDF p. 39, exact visible linked model RRYYHHTTT4S4-65BR8","Identity-only entry from the ANDREW EMEA selection guide. Individual product URL is observed in the PDF annotation; its current availability is not guaranteed. Numerical mechanics / RF await exact-model sheet review. Regional catalogue inclusion does not establish Australian use or current supply.","","","","","","","","https://www.andrew.com/products/base-station-antennas/antennas/itemrryyhhttt4s4-65br8/","","","","","","","","","","","","","","Unavailable","","{""front"":""Exact wind and dimension source pages are not verified."",""side"":""Exact wind and dimension source pages are not verified."",""rear"":""Exact wind and dimension source pages are not verified."",""max"":""Maximum-force direction and matching reference area are not established; no maximum coefficient is inferred.""}"
"PANEL-RECHECK-064","CommScope / ANDREW","RRZZT4S4-65B-R6","Passive","catalogue","","","","","Exact variant not verified","","","","","","","","","","Exact variant sheet needed","","","","","","","CO-200332.2-EN.GB (08/26)","2026-10-02","","","","","https://de.andrew.com/globalassets/digizuite/1019112-bsa-product-guide-emea-co-200332-engb.pdf","736b61a56824c7d9f9e07be0119aa31dd1b0c504060c0907b8441a37ad9a99c3","identity: PDF p. 39, exact visible linked model RRZZT4S4-65B-R6","Identity-only entry from the ANDREW EMEA selection guide. Individual product URL is observed in the PDF annotation; its current availability is not guaranteed. Numerical mechanics / RF await exact-model sheet review. Regional catalogue inclusion does not establish Australian use or current supply.","","","","","","","","https://www.andrew.com/products/base-station-antennas/antennas/itemrrzzt4s4-65b-r6/","","","","","","","","","","","","","","Unavailable","","{""front"":""Exact wind and dimension source pages are not verified."",""side"":""Exact wind and dimension source pages are not verified."",""rear"":""Exact wind and dimension source pages are not verified."",""max"":""Maximum-force direction and matching reference area are not established; no maximum coefficient is inferred.""}"
"PANEL-RECHECK-065","CommScope / ANDREW","RRZZT4S4-65B-R6V4","Passive","catalogue","","","","","Exact variant not verified","","","","","","","","","","Exact variant sheet needed","","","","","","","CO-200332.2-EN.GB (08/26)","2026-10-02","","","","","https://de.andrew.com/globalassets/digizuite/1019112-bsa-product-guide-emea-co-200332-engb.pdf","736b61a56824c7d9f9e07be0119aa31dd1b0c504060c0907b8441a37ad9a99c3","identity: PDF p. 39, exact visible linked model RRZZT4S4-65B-R6V4","Identity-only entry from the ANDREW EMEA selection guide. Individual product URL is observed in the PDF annotation; its current availability is not guaranteed. Numerical mechanics / RF await exact-model sheet review. Regional catalogue inclusion does not establish Australian use or current supply.","","","","","","","","https://www.andrew.com/products/base-station-antennas/antennas/itemrrzzt4s4-65b-r6v4/","","","","","","","","","","","","","","Unavailable","","{""front"":""Exact wind and dimension source pages are not verified."",""side"":""Exact wind and dimension source pages are not verified."",""rear"":""Exact wind and dimension source pages are not verified."",""max"":""Maximum-force direction and matching reference area are not established; no maximum coefficient is inferred.""}"
"PANEL-RECHECK-066","CommScope / ANDREW","RRVVT4S4-65D-R6","Passive","catalogue","","","","","Exact variant not verified","","","","","","","","","","Exact variant sheet needed","","","","","","","CO-200332.2-EN.GB (08/26)","2026-10-02","","","","","https://de.andrew.com/globalassets/digizuite/1019112-bsa-product-guide-emea-co-200332-engb.pdf","736b61a56824c7d9f9e07be0119aa31dd1b0c504060c0907b8441a37ad9a99c3","identity: PDF p. 39, exact visible linked model RRVVT4S4-65D-R6","Identity-only entry from the ANDREW EMEA selection guide. Individual product URL is observed in the PDF annotation; its current availability is not guaranteed. Numerical mechanics / RF await exact-model sheet review. Regional catalogue inclusion does not establish Australian use or current supply.","","","","","","","","https://www.andrew.com/products/base-station-antennas/antennas/itemrrvvt4s4-65d-r6/","","","","","","","","","","","","","","Unavailable","","{""front"":""Exact wind and dimension source pages are not verified."",""side"":""Exact wind and dimension source pages are not verified."",""rear"":""Exact wind and dimension source pages are not verified."",""max"":""Maximum-force direction and matching reference area are not established; no maximum coefficient is inferred.""}"
"PANEL-RECHECK-067","CommScope / ANDREW","RRZZHHTTS4-65B-R7","Passive","catalogue","","","","","Exact variant not verified","","","","","","","","","","Exact variant sheet needed","","","","","","","CO-200332.2-EN.GB (08/26)","2026-10-02","","","","","https://de.andrew.com/globalassets/digizuite/1019112-bsa-product-guide-emea-co-200332-engb.pdf","736b61a56824c7d9f9e07be0119aa31dd1b0c504060c0907b8441a37ad9a99c3","identity: PDF p. 39, exact visible linked model RRZZHHTTS4-65B-R7","Identity-only entry from the ANDREW EMEA selection guide. Individual product URL is observed in the PDF annotation; its current availability is not guaranteed. Numerical mechanics / RF await exact-model sheet review. Regional catalogue inclusion does not establish Australian use or current supply.","","","","","","","","https://www.andrew.com/products/base-station-antennas/antennas/itemrrzzhhtts4-65b-r7/","","","","","","","","","","","","","","Unavailable","","{""front"":""Exact wind and dimension source pages are not verified."",""side"":""Exact wind and dimension source pages are not verified."",""rear"":""Exact wind and dimension source pages are not verified."",""max"":""Maximum-force direction and matching reference area are not established; no maximum coefficient is inferred.""}"
"PANEL-RECHECK-068","CommScope / ANDREW","RRYYHHTTS4-65A-R7","Passive","catalogue","","","","","Exact variant not verified","","","","","","","","","","Exact variant sheet needed","","","","","","","CO-200332.2-EN.GB (08/26)","2026-10-02","","","","","https://de.andrew.com/globalassets/digizuite/1019112-bsa-product-guide-emea-co-200332-engb.pdf","736b61a56824c7d9f9e07be0119aa31dd1b0c504060c0907b8441a37ad9a99c3","identity: PDF p. 39, exact visible linked model RRYYHHTTS4-65A-R7","Identity-only entry from the ANDREW EMEA selection guide. Individual product URL is observed in the PDF annotation; its current availability is not guaranteed. Numerical mechanics / RF await exact-model sheet review. Regional catalogue inclusion does not establish Australian use or current supply.","","","","","","","","https://www.andrew.com/products/base-station-antennas/antennas/itemrryyhhtts4-65a-r7/","","","","","","","","","","","","","","Unavailable","","{""front"":""Exact wind and dimension source pages are not verified."",""side"":""Exact wind and dimension source pages are not verified."",""rear"":""Exact wind and dimension source pages are not verified."",""max"":""Maximum-force direction and matching reference area are not established; no maximum coefficient is inferred.""}"
"PANEL-RECHECK-069","CommScope / ANDREW","2H-33A-R2","Passive","catalogue","","","","","Exact variant not verified","","","","","","","","","","Exact variant sheet needed","","","","","","","CO-200332.2-EN.GB (08/26)","2026-10-02","","","","","https://de.andrew.com/globalassets/digizuite/1019112-bsa-product-guide-emea-co-200332-engb.pdf","736b61a56824c7d9f9e07be0119aa31dd1b0c504060c0907b8441a37ad9a99c3","identity: PDF p. 40, exact visible linked model 2H-33A-R2","Identity-only entry from the ANDREW EMEA selection guide. Individual product URL is observed in the PDF annotation; its current availability is not guaranteed. Numerical mechanics / RF await exact-model sheet review. Regional catalogue inclusion does not establish Australian use or current supply.","","","","","","","","https://www.andrew.com/products/base-station-antennas/antennas/item2h-33a-r2/","","","","","","","","","","","","","","Unavailable","","{""front"":""Exact wind and dimension source pages are not verified."",""side"":""Exact wind and dimension source pages are not verified."",""rear"":""Exact wind and dimension source pages are not verified."",""max"":""Maximum-force direction and matching reference area are not established; no maximum coefficient is inferred.""}"
"PANEL-RECHECK-070","CommScope / ANDREW","5UPX0805F","Passive","catalogue","","","","","Exact variant not verified","","","","","","","","","","Exact variant sheet needed","","","","","","","CO-200332.2-EN.GB (08/26)","2026-10-02","","","","","https://de.andrew.com/globalassets/digizuite/1019112-bsa-product-guide-emea-co-200332-engb.pdf","736b61a56824c7d9f9e07be0119aa31dd1b0c504060c0907b8441a37ad9a99c3","identity: PDF p. 40, exact visible linked model 5UPX0805F","Identity-only entry from the ANDREW EMEA selection guide. Individual product URL is observed in the PDF annotation; its current availability is not guaranteed. Numerical mechanics / RF await exact-model sheet review. Regional catalogue inclusion does not establish Australian use or current supply.","","","","","","","","https://www.andrew.com/products/base-station-antennas/antennas/item5upx0805f/","","","","","","","","","","","","","","Unavailable","","{""front"":""Exact wind and dimension source pages are not verified."",""side"":""Exact wind and dimension source pages are not verified."",""rear"":""Exact wind and dimension source pages are not verified."",""max"":""Maximum-force direction and matching reference area are not established; no maximum coefficient is inferred.""}"
"PANEL-RECHECK-071","CommScope / ANDREW","2HH-38A-R4-V2","Passive","catalogue","","","","","Exact variant not verified","","","","","","","","","","Exact variant sheet needed","","","","","","","CO-200332.2-EN.GB (08/26)","2026-10-02","","","","","https://de.andrew.com/globalassets/digizuite/1019112-bsa-product-guide-emea-co-200332-engb.pdf","736b61a56824c7d9f9e07be0119aa31dd1b0c504060c0907b8441a37ad9a99c3","identity: PDF p. 41, exact visible linked model 2HH-38A-R4-V2","Identity-only entry from the ANDREW EMEA selection guide. Individual product URL is observed in the PDF annotation; its current availability is not guaranteed. Numerical mechanics / RF await exact-model sheet review. Regional catalogue inclusion does not establish Australian use or current supply.","","","","","","","","https://www.andrew.com/products/base-station-antennas/antennas/item2hh-38a-r4-v2/","","","","","","","","","","","","","","Unavailable","","{""front"":""Exact wind and dimension source pages are not verified."",""side"":""Exact wind and dimension source pages are not verified."",""rear"":""Exact wind and dimension source pages are not verified."",""max"":""Maximum-force direction and matching reference area are not established; no maximum coefficient is inferred.""}"
"PANEL-RECHECK-072","CommScope / ANDREW","2VV-33C-R4-V6","Passive","catalogue","","","","","Exact variant not verified","","","","","","","","","","Exact variant sheet needed","","","","","","","CO-200332.2-EN.GB (08/26)","2026-10-02","","","","","https://de.andrew.com/globalassets/digizuite/1019112-bsa-product-guide-emea-co-200332-engb.pdf","736b61a56824c7d9f9e07be0119aa31dd1b0c504060c0907b8441a37ad9a99c3","identity: PDF p. 41, exact visible linked model 2VV-33C-R4-V6","Identity-only entry from the ANDREW EMEA selection guide. Individual product URL is observed in the PDF annotation; its current availability is not guaranteed. Numerical mechanics / RF await exact-model sheet review. Regional catalogue inclusion does not establish Australian use or current supply.","","","","","","","","https://www.andrew.com/products/base-station-antennas/antennas/item2vv-33c-r4-v6/","","","","","","","","","","","","","","Unavailable","","{""front"":""Exact wind and dimension source pages are not verified."",""side"":""Exact wind and dimension source pages are not verified."",""rear"":""Exact wind and dimension source pages are not verified."",""max"":""Maximum-force direction and matching reference area are not established; no maximum coefficient is inferred.""}"
"PANEL-RECHECK-073","CommScope / ANDREW","4V-15A-R4","Passive","catalogue","","","","","Exact variant not verified","","","","","","","","","","Exact variant sheet needed","","","","","","","CO-200332.2-EN.GB (08/26)","2026-10-02","","","","","https://de.andrew.com/globalassets/digizuite/1019112-bsa-product-guide-emea-co-200332-engb.pdf","736b61a56824c7d9f9e07be0119aa31dd1b0c504060c0907b8441a37ad9a99c3","identity: PDF p. 41, exact visible linked model 4V-15A-R4","Identity-only entry from the ANDREW EMEA selection guide. Individual product URL is observed in the PDF annotation; its current availability is not guaranteed. Numerical mechanics / RF await exact-model sheet review. Regional catalogue inclusion does not establish Australian use or current supply.","","","","","","","","https://www.andrew.com/products/base-station-antennas/antennas/item4v-15a-r4/","","","","","","","","","","","","","","Unavailable","","{""front"":""Exact wind and dimension source pages are not verified."",""side"":""Exact wind and dimension source pages are not verified."",""rear"":""Exact wind and dimension source pages are not verified."",""max"":""Maximum-force direction and matching reference area are not established; no maximum coefficient is inferred.""}"
"PANEL-RECHECK-074","CommScope / ANDREW","6V-10M-F6","Passive","catalogue","","","","","Exact variant not verified","","","","","","","","","","Exact variant sheet needed","","","","","","","CO-200332.2-EN.GB (08/26)","2026-10-02","","","","","https://de.andrew.com/globalassets/digizuite/1019112-bsa-product-guide-emea-co-200332-engb.pdf","736b61a56824c7d9f9e07be0119aa31dd1b0c504060c0907b8441a37ad9a99c3","identity: PDF p. 42, exact visible linked model 6V-10M-F6","Identity-only entry from the ANDREW EMEA selection guide. Individual product URL is observed in the PDF annotation; its current availability is not guaranteed. Numerical mechanics / RF await exact-model sheet review. Regional catalogue inclusion does not establish Australian use or current supply.","","","","","","","","https://www.andrew.com/products/base-station-antennas/antennas/item6v-10m-f6/","","","","","","","","","","","","","","Unavailable","","{""front"":""Exact wind and dimension source pages are not verified."",""side"":""Exact wind and dimension source pages are not verified."",""rear"":""Exact wind and dimension source pages are not verified."",""max"":""Maximum-force direction and matching reference area are not established; no maximum coefficient is inferred.""}"
"PANEL-RECHECK-075","CommScope / ANDREW","6V-10M-R6","Passive","catalogue","","","","","Exact variant not verified","","","","","","","","","","Exact variant sheet needed","","","","","","","CO-200332.2-EN.GB (08/26)","2026-10-02","","","","","https://de.andrew.com/globalassets/digizuite/1019112-bsa-product-guide-emea-co-200332-engb.pdf","736b61a56824c7d9f9e07be0119aa31dd1b0c504060c0907b8441a37ad9a99c3","identity: PDF p. 42, exact visible linked model 6V-10M-R6","Identity-only entry from the ANDREW EMEA selection guide. Individual product URL is observed in the PDF annotation; its current availability is not guaranteed. Numerical mechanics / RF await exact-model sheet review. Regional catalogue inclusion does not establish Australian use or current supply.","","","","","","","","https://www.andrew.com/products/base-station-antennas/antennas/item6v-10m-r6/","","","","","","","","","","","","","","Unavailable","","{""front"":""Exact wind and dimension source pages are not verified."",""side"":""Exact wind and dimension source pages are not verified."",""rear"":""Exact wind and dimension source pages are not verified."",""max"":""Maximum-force direction and matching reference area are not established; no maximum coefficient is inferred.""}"
"PANEL-RECHECK-076","CommScope / ANDREW","5NPX1006F-V2","Passive","catalogue","","","","","Exact variant not verified","","","","","","","","","","Exact variant sheet needed","","","","","","","CO-200332.2-EN.GB (08/26)","2026-10-02","","","","","https://de.andrew.com/globalassets/digizuite/1019112-bsa-product-guide-emea-co-200332-engb.pdf","736b61a56824c7d9f9e07be0119aa31dd1b0c504060c0907b8441a37ad9a99c3","identity: PDF p. 42, exact visible linked model 5NPX1006F-V2","Identity-only entry from the ANDREW EMEA selection guide. Individual product URL is observed in the PDF annotation; its current availability is not guaranteed. Numerical mechanics / RF await exact-model sheet review. Regional catalogue inclusion does not establish Australian use or current supply.","","","","","","","","https://www.andrew.com/products/base-station-antennas/antennas/item5npx1006f-v2/","","","","","","","","","","","","","","Unavailable","","{""front"":""Exact wind and dimension source pages are not verified."",""side"":""Exact wind and dimension source pages are not verified."",""rear"":""Exact wind and dimension source pages are not verified."",""max"":""Maximum-force direction and matching reference area are not established; no maximum coefficient is inferred.""}"
"PANEL-RECHECK-077","CommScope / ANDREW","5V-12A-R5","Passive","catalogue","","","","","Exact variant not verified","","","","","","","","","","Exact variant sheet needed","","","","","","","CO-200332.2-EN.GB (08/26)","2026-10-02","","","","","https://de.andrew.com/globalassets/digizuite/1019112-bsa-product-guide-emea-co-200332-engb.pdf","736b61a56824c7d9f9e07be0119aa31dd1b0c504060c0907b8441a37ad9a99c3","identity: PDF p. 42, exact visible linked model 5V-12A-R5","Identity-only entry from the ANDREW EMEA selection guide. Individual product URL is observed in the PDF annotation; its current availability is not guaranteed. Numerical mechanics / RF await exact-model sheet review. Regional catalogue inclusion does not establish Australian use or current supply.","","","","","","","","https://www.andrew.com/products/base-station-antennas/antennas/item5v-12a-r5/","","","","","","","","","","","","","","Unavailable","","{""front"":""Exact wind and dimension source pages are not verified."",""side"":""Exact wind and dimension source pages are not verified."",""rear"":""Exact wind and dimension source pages are not verified."",""max"":""Maximum-force direction and matching reference area are not established; no maximum coefficient is inferred.""}"
"PANEL-RECHECK-078","CommScope / ANDREW","6VV-10A-F6","Passive","catalogue","","","","","Exact variant not verified","","","","","","","","","","Exact variant sheet needed","","","","","","","CO-200332.2-EN.GB (08/26)","2026-10-02","","","","","https://de.andrew.com/globalassets/digizuite/1019112-bsa-product-guide-emea-co-200332-engb.pdf","736b61a56824c7d9f9e07be0119aa31dd1b0c504060c0907b8441a37ad9a99c3","identity: PDF p. 42, exact visible linked model 6VV-10A-F6","Identity-only entry from the ANDREW EMEA selection guide. Individual product URL is observed in the PDF annotation; its current availability is not guaranteed. Numerical mechanics / RF await exact-model sheet review. Regional catalogue inclusion does not establish Australian use or current supply.","","","","","","","","https://www.andrew.com/products/base-station-antennas/antennas/item6vv-10a-f6/","","","","","","","","","","","","","","Unavailable","","{""front"":""Exact wind and dimension source pages are not verified."",""side"":""Exact wind and dimension source pages are not verified."",""rear"":""Exact wind and dimension source pages are not verified."",""max"":""Maximum-force direction and matching reference area are not established; no maximum coefficient is inferred.""}"
"PANEL-RECHECK-079","CommScope / ANDREW","6VV-10A-R6","Passive","catalogue","","","","","Exact variant not verified","","","","","","","","","","Exact variant sheet needed","","","","","","","CO-200332.2-EN.GB (08/26)","2026-10-02","","","","","https://de.andrew.com/globalassets/digizuite/1019112-bsa-product-guide-emea-co-200332-engb.pdf","736b61a56824c7d9f9e07be0119aa31dd1b0c504060c0907b8441a37ad9a99c3","identity: PDF p. 42, exact visible linked model 6VV-10A-R6","Identity-only entry from the ANDREW EMEA selection guide. Individual product URL is observed in the PDF annotation; its current availability is not guaranteed. Numerical mechanics / RF await exact-model sheet review. Regional catalogue inclusion does not establish Australian use or current supply.","","","","","","","","https://www.andrew.com/products/base-station-antennas/antennas/item6vv-10a-r6/","","","","","","","","","","","","","","Unavailable","","{""front"":""Exact wind and dimension source pages are not verified."",""side"":""Exact wind and dimension source pages are not verified."",""rear"":""Exact wind and dimension source pages are not verified."",""max"":""Maximum-force direction and matching reference area are not established; no maximum coefficient is inferred.""}"
"PANEL-RECHECK-080","CommScope / ANDREW","6VV6SS-10B-F6","Passive","catalogue","","","","","Exact variant not verified","","","","","","","","","","Exact variant sheet needed","","","","","","","CO-200332.2-EN.GB (08/26)","2026-10-02","","","","","https://de.andrew.com/globalassets/digizuite/1019112-bsa-product-guide-emea-co-200332-engb.pdf","736b61a56824c7d9f9e07be0119aa31dd1b0c504060c0907b8441a37ad9a99c3","identity: PDF p. 42, exact visible linked model 6VV6SS-10B-F6","Identity-only entry from the ANDREW EMEA selection guide. Individual product URL is observed in the PDF annotation; its current availability is not guaranteed. Numerical mechanics / RF await exact-model sheet review. Regional catalogue inclusion does not establish Australian use or current supply.","","","","","","","","https://www.andrew.com/products/base-station-antennas/antennas/item6vv6ss-10b-f6/","","","","","","","","","","","","","","Unavailable","","{""front"":""Exact wind and dimension source pages are not verified."",""side"":""Exact wind and dimension source pages are not verified."",""rear"":""Exact wind and dimension source pages are not verified."",""max"":""Maximum-force direction and matching reference area are not established; no maximum coefficient is inferred.""}"
"PANEL-RECHECK-081","CommScope / ANDREW","R2HH-6533A-R5","Passive","catalogue","","","","","Exact variant not verified","","","","","","","","","","Exact variant sheet needed","","","","","","","CO-200332.2-EN.GB (08/26)","2026-10-02","","","","","https://de.andrew.com/globalassets/digizuite/1019112-bsa-product-guide-emea-co-200332-engb.pdf","736b61a56824c7d9f9e07be0119aa31dd1b0c504060c0907b8441a37ad9a99c3","identity: PDF p. 43, exact visible linked model R2HH-6533A-R5","Identity-only entry from the ANDREW EMEA selection guide. Individual product URL is observed in the PDF annotation; its current availability is not guaranteed. Numerical mechanics / RF await exact-model sheet review. Regional catalogue inclusion does not establish Australian use or current supply.","","","","","","","","https://www.andrew.com/products/base-station-antennas/antennas/itemr2hh-6533a-r5/","","","","","","","","","","","","","","Unavailable","","{""front"":""Exact wind and dimension source pages are not verified."",""side"":""Exact wind and dimension source pages are not verified."",""rear"":""Exact wind and dimension source pages are not verified."",""max"":""Maximum-force direction and matching reference area are not established; no maximum coefficient is inferred.""}"
"PANEL-RECHECK-082","CommScope / ANDREW","RVV2H-6533D-R5","Passive","catalogue","","","","","Exact variant not verified","","","","","","","","","","Exact variant sheet needed","","","","","","","CO-200332.2-EN.GB (08/26)","2026-10-02","","","","","https://de.andrew.com/globalassets/digizuite/1019112-bsa-product-guide-emea-co-200332-engb.pdf","736b61a56824c7d9f9e07be0119aa31dd1b0c504060c0907b8441a37ad9a99c3","identity: PDF p. 43, exact visible linked model RVV2H-6533D-R5","Identity-only entry from the ANDREW EMEA selection guide. Individual product URL is observed in the PDF annotation; its current availability is not guaranteed. Numerical mechanics / RF await exact-model sheet review. Regional catalogue inclusion does not establish Australian use or current supply.","","","","","","","","https://www.andrew.com/products/base-station-antennas/antennas/itemrvv2h-6533d-r5/","","","","","","","","","","","","","","Unavailable","","{""front"":""Exact wind and dimension source pages are not verified."",""side"":""Exact wind and dimension source pages are not verified."",""rear"":""Exact wind and dimension source pages are not verified."",""max"":""Maximum-force direction and matching reference area are not established; no maximum coefficient is inferred.""}"
"PANEL-RECHECK-083","CommScope / ANDREW","RR2VV-6533D-R6","Passive","catalogue","","","","","Exact variant not verified","","","","","","","","","","Exact variant sheet needed","","","","","","","CO-200332.2-EN.GB (08/26)","2026-10-02","","","","","https://de.andrew.com/globalassets/digizuite/1019112-bsa-product-guide-emea-co-200332-engb.pdf","736b61a56824c7d9f9e07be0119aa31dd1b0c504060c0907b8441a37ad9a99c3","identity: PDF p. 44, exact visible linked model RR2VV-6533D-R6","Identity-only entry from the ANDREW EMEA selection guide. Individual product URL is observed in the PDF annotation; its current availability is not guaranteed. Numerical mechanics / RF await exact-model sheet review. Regional catalogue inclusion does not establish Australian use or current supply.","","","","","","","","https://www.andrew.com/products/base-station-antennas/antennas/itemrr2vv-6533d-r6/","","","","","","","","","","","","","","Unavailable","","{""front"":""Exact wind and dimension source pages are not verified."",""side"":""Exact wind and dimension source pages are not verified."",""rear"":""Exact wind and dimension source pages are not verified."",""max"":""Maximum-force direction and matching reference area are not established; no maximum coefficient is inferred.""}"
"PANEL-RECHECK-084","CommScope / ANDREW","RR2VV-6533D-R6VBV2","Passive","catalogue","","","","","Exact variant not verified","","","","","","","","","","Exact variant sheet needed","","","","","","","CO-200332.2-EN.GB (08/26)","2026-10-02","","","","","https://de.andrew.com/globalassets/digizuite/1019112-bsa-product-guide-emea-co-200332-engb.pdf","736b61a56824c7d9f9e07be0119aa31dd1b0c504060c0907b8441a37ad9a99c3","identity: PDF p. 44, exact visible linked model RR2VV-6533D-R6VBV2","Identity-only entry from the ANDREW EMEA selection guide. Individual product URL is observed in the PDF annotation; its current availability is not guaranteed. Numerical mechanics / RF await exact-model sheet review. Regional catalogue inclusion does not establish Australian use or current supply.","","","","","","","","https://www.andrew.com/products/base-station-antennas/antennas/itemrr2vv-6533d-r6vbv2/","","","","","","","","","","","","","","Unavailable","","{""front"":""Exact wind and dimension source pages are not verified."",""side"":""Exact wind and dimension source pages are not verified."",""rear"":""Exact wind and dimension source pages are not verified."",""max"":""Maximum-force direction and matching reference area are not established; no maximum coefficient is inferred.""}"
"PANEL-RECHECK-085","CommScope / ANDREW","RVV2VV-6533D-R7","Passive","catalogue","","","","","Exact variant not verified","","","","","","","","","","Exact variant sheet needed","","","","","","","CO-200332.2-EN.GB (08/26)","2026-10-02","","","","","https://de.andrew.com/globalassets/digizuite/1019112-bsa-product-guide-emea-co-200332-engb.pdf","736b61a56824c7d9f9e07be0119aa31dd1b0c504060c0907b8441a37ad9a99c3","identity: PDF p. 44, exact visible linked model RVV2VV-6533D-R7","Identity-only entry from the ANDREW EMEA selection guide. Individual product URL is observed in the PDF annotation; its current availability is not guaranteed. Numerical mechanics / RF await exact-model sheet review. Regional catalogue inclusion does not establish Australian use or current supply.","","","","","","","","https://www.andrew.com/products/base-station-antennas/antennas/itemrvv2vv-6533d-r7/","","","","","","","","","","","","","","Unavailable","","{""front"":""Exact wind and dimension source pages are not verified."",""side"":""Exact wind and dimension source pages are not verified."",""rear"":""Exact wind and dimension source pages are not verified."",""max"":""Maximum-force direction and matching reference area are not established; no maximum coefficient is inferred.""}"
"PANEL-RECHECK-086","CommScope / ANDREW","RRV42VV-6533D-R10","Passive","catalogue","","","","","Exact variant not verified","","","","","","","","","","Exact variant sheet needed","","","","","","","CO-200332.2-EN.GB (08/26)","2026-10-02","","","","","https://de.andrew.com/globalassets/digizuite/1019112-bsa-product-guide-emea-co-200332-engb.pdf","736b61a56824c7d9f9e07be0119aa31dd1b0c504060c0907b8441a37ad9a99c3","identity: PDF p. 45, exact visible linked model RRV42VV-6533D-R10","Identity-only entry from the ANDREW EMEA selection guide. Individual product URL is observed in the PDF annotation; its current availability is not guaranteed. Numerical mechanics / RF await exact-model sheet review. Regional catalogue inclusion does not establish Australian use or current supply.","","","","","","","","https://www.andrew.com/products/base-station-antennas/antennas/itemrrv42vv-6533d-r10/","","","","","","","","","","","","","","Unavailable","","{""front"":""Exact wind and dimension source pages are not verified."",""side"":""Exact wind and dimension source pages are not verified."",""rear"":""Exact wind and dimension source pages are not verified."",""max"":""Maximum-force direction and matching reference area are not established; no maximum coefficient is inferred.""}"
"PANEL-RECHECK-087","CommScope / ANDREW","RR2VVT4-6533D-R7V4","Passive","catalogue","","","","","Exact variant not verified","","","","","","","","","","Exact variant sheet needed","","","","","","","CO-200332.2-EN.GB (08/26)","2026-10-02","","","","","https://de.andrew.com/globalassets/digizuite/1019112-bsa-product-guide-emea-co-200332-engb.pdf","736b61a56824c7d9f9e07be0119aa31dd1b0c504060c0907b8441a37ad9a99c3","identity: PDF p. 45, exact visible linked model RR2VVT4-6533D-R7V4","Identity-only entry from the ANDREW EMEA selection guide. Individual product URL is observed in the PDF annotation; its current availability is not guaranteed. Numerical mechanics / RF await exact-model sheet review. Regional catalogue inclusion does not establish Australian use or current supply.","","","","","","","","https://www.andrew.com/products/base-station-antennas/antennas/itemrr2vvt4-6533d-r7v4/","","","","","","","","","","","","","","Unavailable","","{""front"":""Exact wind and dimension source pages are not verified."",""side"":""Exact wind and dimension source pages are not verified."",""rear"":""Exact wind and dimension source pages are not verified."",""max"":""Maximum-force direction and matching reference area are not established; no maximum coefficient is inferred.""}"
"PANEL-RECHECK-088","CommScope / ANDREW","RRVV3VV-6520B-R7","Passive","catalogue","","","","","Exact variant not verified","","","","","","","","","","Exact variant sheet needed","","","","","","","CO-200332.2-EN.GB (08/26)","2026-10-02","","","","","https://de.andrew.com/globalassets/digizuite/1019112-bsa-product-guide-emea-co-200332-engb.pdf","736b61a56824c7d9f9e07be0119aa31dd1b0c504060c0907b8441a37ad9a99c3","identity: PDF p. 45, exact visible linked model RRVV3VV-6520B-R7","Identity-only entry from the ANDREW EMEA selection guide. Individual product URL is observed in the PDF annotation; its current availability is not guaranteed. Numerical mechanics / RF await exact-model sheet review. Regional catalogue inclusion does not establish Australian use or current supply.","","","","","","","","https://www.andrew.com/products/base-station-antennas/antennas/itemrrvv3vv-6520b-r7/","","","","","","","","","","","","","","Unavailable","","{""front"":""Exact wind and dimension source pages are not verified."",""side"":""Exact wind and dimension source pages are not verified."",""rear"":""Exact wind and dimension source pages are not verified."",""max"":""Maximum-force direction and matching reference area are not established; no maximum coefficient is inferred.""}"
"PANEL-RECHECK-089","CommScope / ANDREW","RRVV2HH-6533B-R6","Passive","catalogue","","","","","Exact variant not verified","","","","","","","","","","Exact variant sheet needed","","","","","","","CO-200332.2-EN.GB (08/26)","2026-10-02","","","","","https://de.andrew.com/globalassets/digizuite/1019112-bsa-product-guide-emea-co-200332-engb.pdf","736b61a56824c7d9f9e07be0119aa31dd1b0c504060c0907b8441a37ad9a99c3","identity: PDF p. 45, exact visible linked model RRVV2HH-6533B-R6","Identity-only entry from the ANDREW EMEA selection guide. Individual product URL is observed in the PDF annotation; its current availability is not guaranteed. Numerical mechanics / RF await exact-model sheet review. Regional catalogue inclusion does not establish Australian use or current supply.","","","","","","","","https://www.andrew.com/products/base-station-antennas/antennas/itemrrvv2hh-6533b-r6/","","","","","","","","","","","","","","Unavailable","","{""front"":""Exact wind and dimension source pages are not verified."",""side"":""Exact wind and dimension source pages are not verified."",""rear"":""Exact wind and dimension source pages are not verified."",""max"":""Maximum-force direction and matching reference area are not established; no maximum coefficient is inferred.""}"
"PANEL-RECHECK-090","CommScope / ANDREW","RRV42H-6533D-R8","Passive","catalogue","","","","","Exact variant not verified","","","","","","","","","","Exact variant sheet needed","","","","","","","CO-200332.2-EN.GB (08/26)","2026-10-02","","","","","https://de.andrew.com/globalassets/digizuite/1019112-bsa-product-guide-emea-co-200332-engb.pdf","736b61a56824c7d9f9e07be0119aa31dd1b0c504060c0907b8441a37ad9a99c3","identity: PDF p. 45, exact visible linked model RRV42H-6533D-R8","Identity-only entry from the ANDREW EMEA selection guide. Individual product URL is observed in the PDF annotation; its current availability is not guaranteed. Numerical mechanics / RF await exact-model sheet review. Regional catalogue inclusion does not establish Australian use or current supply.","","","","","","","","https://www.andrew.com/products/base-station-antennas/antennas/itemrrv42h-6533d-r8/","","","","","","","","","","","","","","Unavailable","","{""front"":""Exact wind and dimension source pages are not verified."",""side"":""Exact wind and dimension source pages are not verified."",""rear"":""Exact wind and dimension source pages are not verified."",""max"":""Maximum-force direction and matching reference area are not established; no maximum coefficient is inferred.""}"
"PANEL-RECHECK-091","CommScope / ANDREW","RRZZ2VV-6533B-R8","Passive","catalogue","","","","","Exact variant not verified","","","","","","","","","","Exact variant sheet needed","","","","","","","CO-200332.2-EN.GB (08/26)","2026-10-02","","","","","https://de.andrew.com/globalassets/digizuite/1019112-bsa-product-guide-emea-co-200332-engb.pdf","736b61a56824c7d9f9e07be0119aa31dd1b0c504060c0907b8441a37ad9a99c3","identity: PDF p. 45, exact visible linked model RRZZ2VV-6533B-R8","Identity-only entry from the ANDREW EMEA selection guide. Individual product URL is observed in the PDF annotation; its current availability is not guaranteed. Numerical mechanics / RF await exact-model sheet review. Regional catalogue inclusion does not establish Australian use or current supply.","","","","","","","","https://www.andrew.com/products/base-station-antennas/antennas/itemrrzz2vv-6533b-r8/","","","","","","","","","","","","","","Unavailable","","{""front"":""Exact wind and dimension source pages are not verified."",""side"":""Exact wind and dimension source pages are not verified."",""rear"":""Exact wind and dimension source pages are not verified."",""max"":""Maximum-force direction and matching reference area are not established; no maximum coefficient is inferred.""}"
"PANEL-RECHECK-092","CommScope / ANDREW","RRZZ2VV-6533D-R8","Passive","catalogue","","","","","Exact variant not verified","","","","","","","","","","Exact variant sheet needed","","","","","","","CO-200332.2-EN.GB (08/26)","2026-10-02","","","","","https://de.andrew.com/globalassets/digizuite/1019112-bsa-product-guide-emea-co-200332-engb.pdf","736b61a56824c7d9f9e07be0119aa31dd1b0c504060c0907b8441a37ad9a99c3","identity: PDF p. 45, exact visible linked model RRZZ2VV-6533D-R8","Identity-only entry from the ANDREW EMEA selection guide. Individual product URL is observed in the PDF annotation; its current availability is not guaranteed. Numerical mechanics / RF await exact-model sheet review. Regional catalogue inclusion does not establish Australian use or current supply.","","","","","","","","https://www.andrew.com/products/base-station-antennas/antennas/itemrrzz2vv-6533d-r8/","","","","","","","","","","","","","","Unavailable","","{""front"":""Exact wind and dimension source pages are not verified."",""side"":""Exact wind and dimension source pages are not verified."",""rear"":""Exact wind and dimension source pages are not verified."",""max"":""Maximum-force direction and matching reference area are not established; no maximum coefficient is inferred.""}"
"PANEL-RECHECK-093","CommScope / ANDREW","RRVV2VV-6533D-R8","Passive","catalogue","","","","","Exact variant not verified","","","","","","","","","","Exact variant sheet needed","","","","","","","CO-200332.2-EN.GB (08/26)","2026-10-02","","","","","https://de.andrew.com/globalassets/digizuite/1019112-bsa-product-guide-emea-co-200332-engb.pdf","736b61a56824c7d9f9e07be0119aa31dd1b0c504060c0907b8441a37ad9a99c3","identity: PDF p. 45, exact visible linked model RRVV2VV-6533D-R8","Identity-only entry from the ANDREW EMEA selection guide. Individual product URL is observed in the PDF annotation; its current availability is not guaranteed. Numerical mechanics / RF await exact-model sheet review. Regional catalogue inclusion does not establish Australian use or current supply.","","","","","","","","https://www.andrew.com/products/base-station-antennas/antennas/itemrrvv2vv-6533d-r8/","","","","","","","","","","","","","","Unavailable","","{""front"":""Exact wind and dimension source pages are not verified."",""side"":""Exact wind and dimension source pages are not verified."",""rear"":""Exact wind and dimension source pages are not verified."",""max"":""Maximum-force direction and matching reference area are not established; no maximum coefficient is inferred.""}"
"PANEL-RECHECK-094","CommScope / ANDREW","2RR2VV-33C-R4","Passive","catalogue","","","","","Exact variant not verified","","","","","","","","","","Exact variant sheet needed","","","","","","","CO-200332.2-EN.GB (08/26)","2026-10-02","","","","","https://de.andrew.com/globalassets/digizuite/1019112-bsa-product-guide-emea-co-200332-engb.pdf","736b61a56824c7d9f9e07be0119aa31dd1b0c504060c0907b8441a37ad9a99c3","identity: PDF p. 45, exact visible linked model 2RR2VV-33C-R4","Identity-only entry from the ANDREW EMEA selection guide. Individual product URL is observed in the PDF annotation; its current availability is not guaranteed. Numerical mechanics / RF await exact-model sheet review. Regional catalogue inclusion does not establish Australian use or current supply.","","","","","","","","https://www.andrew.com/products/base-station-antennas/antennas/item2rr2vv-33c-r4/","","","","","","","","","","","","","","Unavailable","","{""front"":""Exact wind and dimension source pages are not verified."",""side"":""Exact wind and dimension source pages are not verified."",""rear"":""Exact wind and dimension source pages are not verified."",""max"":""Maximum-force direction and matching reference area are not established; no maximum coefficient is inferred.""}"
"PANEL-RECHECK-095","CommScope / ANDREW","RR3VV-6520D-R5","Passive","catalogue","","","","","Exact variant not verified","","","","","","","","","","Exact variant sheet needed","","","","","","","CO-200332.2-EN.GB (08/26)","2026-10-02","","","","","https://de.andrew.com/globalassets/digizuite/1019112-bsa-product-guide-emea-co-200332-engb.pdf","736b61a56824c7d9f9e07be0119aa31dd1b0c504060c0907b8441a37ad9a99c3","identity: PDF p. 45, exact visible linked model RR3VV-6520D-R5","Identity-only entry from the ANDREW EMEA selection guide. Individual product URL is observed in the PDF annotation; its current availability is not guaranteed. Numerical mechanics / RF await exact-model sheet review. Regional catalogue inclusion does not establish Australian use or current supply.","","","","","","","","https://www.andrew.com/products/base-station-antennas/antennas/itemrr3vv-6520d-r5/","","","","","","","","","","","","","","Unavailable","","{""front"":""Exact wind and dimension source pages are not verified."",""side"":""Exact wind and dimension source pages are not verified."",""rear"":""Exact wind and dimension source pages are not verified."",""max"":""Maximum-force direction and matching reference area are not established; no maximum coefficient is inferred.""}"
"PANEL-RECHECK-096","CommScope / ANDREW","RR3VV-6520B-R5","Passive","catalogue","","","","","Exact variant not verified","","","","","","","","","","Exact variant sheet needed","","","","","","","CO-200332.2-EN.GB (08/26)","2026-10-02","","","","","https://de.andrew.com/globalassets/digizuite/1019112-bsa-product-guide-emea-co-200332-engb.pdf","736b61a56824c7d9f9e07be0119aa31dd1b0c504060c0907b8441a37ad9a99c3","identity: PDF p. 45, exact visible linked model RR3VV-6520B-R5","Identity-only entry from the ANDREW EMEA selection guide. Individual product URL is observed in the PDF annotation; its current availability is not guaranteed. Numerical mechanics / RF await exact-model sheet review. Regional catalogue inclusion does not establish Australian use or current supply.","","","","","","","","https://www.andrew.com/products/base-station-antennas/antennas/itemrr3vv-6520b-r5/","","","","","","","","","","","","","","Unavailable","","{""front"":""Exact wind and dimension source pages are not verified."",""side"":""Exact wind and dimension source pages are not verified."",""rear"":""Exact wind and dimension source pages are not verified."",""max"":""Maximum-force direction and matching reference area are not established; no maximum coefficient is inferred.""}"
"PANEL-RECHECK-097","CommScope / ANDREW","DB224-E","Passive","catalogue","","","","","Exact variant not verified","","","","","","","","","","Exact variant sheet needed","","","","","","","CO-200332.2-EN.GB (08/26)","2026-10-02","","","","","https://de.andrew.com/globalassets/digizuite/1019112-bsa-product-guide-emea-co-200332-engb.pdf","736b61a56824c7d9f9e07be0119aa31dd1b0c504060c0907b8441a37ad9a99c3","identity: PDF p. 46, exact visible linked model DB224-E","Identity-only entry from the ANDREW EMEA selection guide. Individual product URL is observed in the PDF annotation; its current availability is not guaranteed. Numerical mechanics / RF await exact-model sheet review. Regional catalogue inclusion does not establish Australian use or current supply.","","","","","","","","https://www.andrew.com/products/base-station-antennas/antennas/itemdb224-e/","","","","","","","","","","","","","","Unavailable","","{""front"":""Exact wind and dimension source pages are not verified."",""side"":""Exact wind and dimension source pages are not verified."",""rear"":""Exact wind and dimension source pages are not verified."",""max"":""Maximum-force direction and matching reference area are not established; no maximum coefficient is inferred.""}"
"PANEL-RECHECK-098","CommScope / ANDREW","DB222-A","Passive","catalogue","","","","","Exact variant not verified","","","","","","","","","","Exact variant sheet needed","","","","","","","CO-200332.2-EN.GB (08/26)","2026-10-02","","","","","https://de.andrew.com/globalassets/digizuite/1019112-bsa-product-guide-emea-co-200332-engb.pdf","736b61a56824c7d9f9e07be0119aa31dd1b0c504060c0907b8441a37ad9a99c3","identity: PDF p. 46, exact visible linked model DB222-A","Identity-only entry from the ANDREW EMEA selection guide. Individual product URL is observed in the PDF annotation; its current availability is not guaranteed. Numerical mechanics / RF await exact-model sheet review. Regional catalogue inclusion does not establish Australian use or current supply.","","","","","","","","https://www.andrew.com/products/base-station-antennas/antennas/itemdb222-a/","","","","","","","","","","","","","","Unavailable","","{""front"":""Exact wind and dimension source pages are not verified."",""side"":""Exact wind and dimension source pages are not verified."",""rear"":""Exact wind and dimension source pages are not verified."",""max"":""Maximum-force direction and matching reference area are not established; no maximum coefficient is inferred.""}"
"PANEL-RECHECK-099","CommScope / ANDREW","DB224-A","Passive","catalogue","","","","","Exact variant not verified","","","","","","","","","","Exact variant sheet needed","","","","","","","CO-200332.2-EN.GB (08/26)","2026-10-02","","","","","https://de.andrew.com/globalassets/digizuite/1019112-bsa-product-guide-emea-co-200332-engb.pdf","736b61a56824c7d9f9e07be0119aa31dd1b0c504060c0907b8441a37ad9a99c3","identity: PDF p. 46, exact visible linked model DB224-A","Identity-only entry from the ANDREW EMEA selection guide. Individual product URL is observed in the PDF annotation; its current availability is not guaranteed. Numerical mechanics / RF await exact-model sheet review. Regional catalogue inclusion does not establish Australian use or current supply.","","","","","","","","https://www.andrew.com/products/base-station-antennas/antennas/itemdb224-a/","","","","","","","","","","","","","","Unavailable","","{""front"":""Exact wind and dimension source pages are not verified."",""side"":""Exact wind and dimension source pages are not verified."",""rear"":""Exact wind and dimension source pages are not verified."",""max"":""Maximum-force direction and matching reference area are not established; no maximum coefficient is inferred.""}"
"PANEL-RECHECK-100","CommScope / ANDREW","DB224-B","Passive","catalogue","","","","","Exact variant not verified","","","","","","","","","","Exact variant sheet needed","","","","","","","CO-200332.2-EN.GB (08/26)","2026-10-02","","","","","https://de.andrew.com/globalassets/digizuite/1019112-bsa-product-guide-emea-co-200332-engb.pdf","736b61a56824c7d9f9e07be0119aa31dd1b0c504060c0907b8441a37ad9a99c3","identity: PDF p. 46, exact visible linked model DB224-B","Identity-only entry from the ANDREW EMEA selection guide. Individual product URL is observed in the PDF annotation; its current availability is not guaranteed. Numerical mechanics / RF await exact-model sheet review. Regional catalogue inclusion does not establish Australian use or current supply.","","","","","","","","https://www.andrew.com/products/base-station-antennas/antennas/itemdb224-b/","","","","","","","","","","","","","","Unavailable","","{""front"":""Exact wind and dimension source pages are not verified."",""side"":""Exact wind and dimension source pages are not verified."",""rear"":""Exact wind and dimension source pages are not verified."",""max"":""Maximum-force direction and matching reference area are not established; no maximum coefficient is inferred.""}"
"PANEL-RECHECK-101","CommScope / ANDREW","DB224-C","Passive","catalogue","","","","","Exact variant not verified","","","","","","","","","","Exact variant sheet needed","","","","","","","CO-200332.2-EN.GB (08/26)","2026-10-02","","","","","https://de.andrew.com/globalassets/digizuite/1019112-bsa-product-guide-emea-co-200332-engb.pdf","736b61a56824c7d9f9e07be0119aa31dd1b0c504060c0907b8441a37ad9a99c3","identity: PDF p. 46, exact visible linked model DB224-C","Identity-only entry from the ANDREW EMEA selection guide. Individual product URL is observed in the PDF annotation; its current availability is not guaranteed. Numerical mechanics / RF await exact-model sheet review. Regional catalogue inclusion does not establish Australian use or current supply.","","","","","","","","https://www.andrew.com/products/base-station-antennas/antennas/itemdb224-c/","","","","","","","","","","","","","","Unavailable","","{""front"":""Exact wind and dimension source pages are not verified."",""side"":""Exact wind and dimension source pages are not verified."",""rear"":""Exact wind and dimension source pages are not verified."",""max"":""Maximum-force direction and matching reference area are not established; no maximum coefficient is inferred.""}"
"PANEL-RECHECK-102","CommScope / ANDREW","DB201-P","Passive","catalogue","","","","","Exact variant not verified","","","","","","","","","","Exact variant sheet needed","","","","","","","CO-200332.2-EN.GB (08/26)","2026-10-02","","","","","https://de.andrew.com/globalassets/digizuite/1019112-bsa-product-guide-emea-co-200332-engb.pdf","736b61a56824c7d9f9e07be0119aa31dd1b0c504060c0907b8441a37ad9a99c3","identity: PDF p. 46, exact visible linked model DB201-P","Identity-only entry from the ANDREW EMEA selection guide. Individual product URL is observed in the PDF annotation; its current availability is not guaranteed. Numerical mechanics / RF await exact-model sheet review. Regional catalogue inclusion does not establish Australian use or current supply.","","","","","","","","https://www.andrew.com/products/base-station-antennas/antennas/itemdb201-p/","","","","","","","","","","","","","","Unavailable","","{""front"":""Exact wind and dimension source pages are not verified."",""side"":""Exact wind and dimension source pages are not verified."",""rear"":""Exact wind and dimension source pages are not verified."",""max"":""Maximum-force direction and matching reference area are not established; no maximum coefficient is inferred.""}"
"PANEL-RECHECK-103","CommScope / ANDREW","DB404-B","Passive","catalogue","","","","","Exact variant not verified","","","","","","","","","","Exact variant sheet needed","","","","","","","CO-200332.2-EN.GB (08/26)","2026-10-02","","","","","https://de.andrew.com/globalassets/digizuite/1019112-bsa-product-guide-emea-co-200332-engb.pdf","736b61a56824c7d9f9e07be0119aa31dd1b0c504060c0907b8441a37ad9a99c3","identity: PDF p. 46, exact visible linked model DB404-B","Identity-only entry from the ANDREW EMEA selection guide. Individual product URL is observed in the PDF annotation; its current availability is not guaranteed. Numerical mechanics / RF await exact-model sheet review. Regional catalogue inclusion does not establish Australian use or current supply.","","","","","","","","https://www.andrew.com/products/base-station-antennas/antennas/itemdb404-b/","","","","","","","","","","","","","","Unavailable","","{""front"":""Exact wind and dimension source pages are not verified."",""side"":""Exact wind and dimension source pages are not verified."",""rear"":""Exact wind and dimension source pages are not verified."",""max"":""Maximum-force direction and matching reference area are not established; no maximum coefficient is inferred.""}"
"PANEL-RECHECK-104","CommScope / ANDREW","DB408-B","Passive","catalogue","","","","","Exact variant not verified","","","","","","","","","","Exact variant sheet needed","","","","","","","CO-200332.2-EN.GB (08/26)","2026-10-02","","","","","https://de.andrew.com/globalassets/digizuite/1019112-bsa-product-guide-emea-co-200332-engb.pdf","736b61a56824c7d9f9e07be0119aa31dd1b0c504060c0907b8441a37ad9a99c3","identity: PDF p. 46, exact visible linked model DB408-B","Identity-only entry from the ANDREW EMEA selection guide. Individual product URL is observed in the PDF annotation; its current availability is not guaranteed. Numerical mechanics / RF await exact-model sheet review. Regional catalogue inclusion does not establish Australian use or current supply.","","","","","","","","https://www.andrew.com/products/base-station-antennas/antennas/itemdb408-b/","","","","","","","","","","","","","","Unavailable","","{""front"":""Exact wind and dimension source pages are not verified."",""side"":""Exact wind and dimension source pages are not verified."",""rear"":""Exact wind and dimension source pages are not verified."",""max"":""Maximum-force direction and matching reference area are not established; no maximum coefficient is inferred.""}"
"PANEL-RECHECK-105","CommScope / ANDREW","DB411-B","Passive","catalogue","","","","","Exact variant not verified","","","","","","","","","","Exact variant sheet needed","","","","","","","CO-200332.2-EN.GB (08/26)","2026-10-02","","","","","https://de.andrew.com/globalassets/digizuite/1019112-bsa-product-guide-emea-co-200332-engb.pdf","736b61a56824c7d9f9e07be0119aa31dd1b0c504060c0907b8441a37ad9a99c3","identity: PDF p. 46, exact visible linked model DB411-B","Identity-only entry from the ANDREW EMEA selection guide. Individual product URL is observed in the PDF annotation; its current availability is not guaranteed. Numerical mechanics / RF await exact-model sheet review. Regional catalogue inclusion does not establish Australian use or current supply.","","","","","","","","https://www.andrew.com/products/base-station-antennas/antennas/itemdb411-b/","","","","","","","","","","","","","","Unavailable","","{""front"":""Exact wind and dimension source pages are not verified."",""side"":""Exact wind and dimension source pages are not verified."",""rear"":""Exact wind and dimension source pages are not verified."",""max"":""Maximum-force direction and matching reference area are not established; no maximum coefficient is inferred.""}"
"PANEL-RECHECK-106","CommScope / ANDREW","DB420-B","Passive","catalogue","","","","","Exact variant not verified","","","","","","","","","","Exact variant sheet needed","","","","","","","CO-200332.2-EN.GB (08/26)","2026-10-02","","","","","https://de.andrew.com/globalassets/digizuite/1019112-bsa-product-guide-emea-co-200332-engb.pdf","736b61a56824c7d9f9e07be0119aa31dd1b0c504060c0907b8441a37ad9a99c3","identity: PDF p. 46, exact visible linked model DB420-B","Identity-only entry from the ANDREW EMEA selection guide. Individual product URL is observed in the PDF annotation; its current availability is not guaranteed. Numerical mechanics / RF await exact-model sheet review. Regional catalogue inclusion does not establish Australian use or current supply.","","","","","","","","https://www.andrew.com/products/base-station-antennas/antennas/itemdb420-b/","","","","","","","","","","","","","","Unavailable","","{""front"":""Exact wind and dimension source pages are not verified."",""side"":""Exact wind and dimension source pages are not verified."",""rear"":""Exact wind and dimension source pages are not verified."",""max"":""Maximum-force direction and matching reference area are not established; no maximum coefficient is inferred.""}"
"PANEL-RECHECK-107","CommScope / ANDREW","ASP705K","Passive","catalogue","","","","","Exact variant not verified","","","","","","","","","","Exact variant sheet needed","","","","","","","CO-200332.2-EN.GB (08/26)","2026-10-02","","","","","https://de.andrew.com/globalassets/digizuite/1019112-bsa-product-guide-emea-co-200332-engb.pdf","736b61a56824c7d9f9e07be0119aa31dd1b0c504060c0907b8441a37ad9a99c3","identity: PDF p. 46, exact visible linked model ASP705K","Identity-only entry from the ANDREW EMEA selection guide. Individual product URL is observed in the PDF annotation; its current availability is not guaranteed. Numerical mechanics / RF await exact-model sheet review. Regional catalogue inclusion does not establish Australian use or current supply.","","","","","","","","https://www.andrew.com/products/base-station-antennas/antennas/itemasp705k/","","","","","","","","","","","","","","Unavailable","","{""front"":""Exact wind and dimension source pages are not verified."",""side"":""Exact wind and dimension source pages are not verified."",""rear"":""Exact wind and dimension source pages are not verified."",""max"":""Maximum-force direction and matching reference area are not established; no maximum coefficient is inferred.""}"
"PANEL-RECHECK-108","CommScope / ANDREW","DB630-C","Passive","catalogue","","","","","Exact variant not verified","","","","","","","","","","Exact variant sheet needed","","","","","","","CO-200332.2-EN.GB (08/26)","2026-10-02","","","","","https://de.andrew.com/globalassets/digizuite/1019112-bsa-product-guide-emea-co-200332-engb.pdf","736b61a56824c7d9f9e07be0119aa31dd1b0c504060c0907b8441a37ad9a99c3","identity: PDF p. 46, exact visible linked model DB630-C","Identity-only entry from the ANDREW EMEA selection guide. Individual product URL is observed in the PDF annotation; its current availability is not guaranteed. Numerical mechanics / RF await exact-model sheet review. Regional catalogue inclusion does not establish Australian use or current supply.","","","","","","","","https://www.andrew.com/products/base-station-antennas/antennas/itemdb630-c/","","","","","","","","","","","","","","Unavailable","","{""front"":""Exact wind and dimension source pages are not verified."",""side"":""Exact wind and dimension source pages are not verified."",""rear"":""Exact wind and dimension source pages are not verified."",""max"":""Maximum-force direction and matching reference area are not established; no maximum coefficient is inferred.""}"
"PANEL-RECHECK-109","CommScope / ANDREW","DB633-C","Passive","catalogue","","","","","Exact variant not verified","","","","","","","","","","Exact variant sheet needed","","","","","","","CO-200332.2-EN.GB (08/26)","2026-10-02","","","","","https://de.andrew.com/globalassets/digizuite/1019112-bsa-product-guide-emea-co-200332-engb.pdf","736b61a56824c7d9f9e07be0119aa31dd1b0c504060c0907b8441a37ad9a99c3","identity: PDF p. 46, exact visible linked model DB633-C","Identity-only entry from the ANDREW EMEA selection guide. Individual product URL is observed in the PDF annotation; its current availability is not guaranteed. Numerical mechanics / RF await exact-model sheet review. Regional catalogue inclusion does not establish Australian use or current supply.","","","","","","","","https://www.andrew.com/products/base-station-antennas/antennas/itemdb633-c/","","","","","","","","","","","","","","Unavailable","","{""front"":""Exact wind and dimension source pages are not verified."",""side"":""Exact wind and dimension source pages are not verified."",""rear"":""Exact wind and dimension source pages are not verified."",""max"":""Maximum-force direction and matching reference area are not established; no maximum coefficient is inferred.""}"
"PANEL-RECHECK-110","CommScope / ANDREW","DB636-C","Passive","catalogue","","","","","Exact variant not verified","","","","","","","","","","Exact variant sheet needed","","","","","","","CO-200332.2-EN.GB (08/26)","2026-10-02","","","","","https://de.andrew.com/globalassets/digizuite/1019112-bsa-product-guide-emea-co-200332-engb.pdf","736b61a56824c7d9f9e07be0119aa31dd1b0c504060c0907b8441a37ad9a99c3","identity: PDF p. 46, exact visible linked model DB636-C","Identity-only entry from the ANDREW EMEA selection guide. Individual product URL is observed in the PDF annotation; its current availability is not guaranteed. Numerical mechanics / RF await exact-model sheet review. Regional catalogue inclusion does not establish Australian use or current supply.","","","","","","","","https://www.andrew.com/products/base-station-antennas/antennas/itemdb636-c/","","","","","","","","","","","","","","Unavailable","","{""front"":""Exact wind and dimension source pages are not verified."",""side"":""Exact wind and dimension source pages are not verified."",""rear"":""Exact wind and dimension source pages are not verified."",""max"":""Maximum-force direction and matching reference area are not established; no maximum coefficient is inferred.""}"
"PANEL-RECHECK-111","CommScope / ANDREW","UNA008R-V2","Passive","catalogue","","","","","Exact variant not verified","","","","","","","","","","Exact variant sheet needed","","","","","","","CO-200332.2-EN.GB (08/26)","2026-10-02","","","","","https://de.andrew.com/globalassets/digizuite/1019112-bsa-product-guide-emea-co-200332-engb.pdf","736b61a56824c7d9f9e07be0119aa31dd1b0c504060c0907b8441a37ad9a99c3","identity: PDF p. 46, exact visible linked model UNA008R-V2","Identity-only entry from the ANDREW EMEA selection guide. Individual product URL is observed in the PDF annotation; its current availability is not guaranteed. Numerical mechanics / RF await exact-model sheet review. Regional catalogue inclusion does not establish Australian use or current supply.","","","","","","","","https://www.andrew.com/products/base-station-antennas/antennas/itemuna008r-v2/","","","","","","","","","","","","","","Unavailable","","{""front"":""Exact wind and dimension source pages are not verified."",""side"":""Exact wind and dimension source pages are not verified."",""rear"":""Exact wind and dimension source pages are not verified."",""max"":""Maximum-force direction and matching reference area are not established; no maximum coefficient is inferred.""}"
"PANEL-RECHECK-112","CommScope / ANDREW","UNA010F-0-V2","Passive","catalogue","","","","","Exact variant not verified","","","","","","","","","","Exact variant sheet needed","","","","","","","CO-200332.2-EN.GB (08/26)","2026-10-02","","","","","https://de.andrew.com/globalassets/digizuite/1019112-bsa-product-guide-emea-co-200332-engb.pdf","736b61a56824c7d9f9e07be0119aa31dd1b0c504060c0907b8441a37ad9a99c3","identity: PDF p. 46, exact visible linked model UNA010F-0-V2","Identity-only entry from the ANDREW EMEA selection guide. Individual product URL is observed in the PDF annotation; its current availability is not guaranteed. Numerical mechanics / RF await exact-model sheet review. Regional catalogue inclusion does not establish Australian use or current supply.","","","","","","","","https://www.andrew.com/products/base-station-antennas/antennas/itemuna010f-0-v2/","","","","","","","","","","","","","","Unavailable","","{""front"":""Exact wind and dimension source pages are not verified."",""side"":""Exact wind and dimension source pages are not verified."",""rear"":""Exact wind and dimension source pages are not verified."",""max"":""Maximum-force direction and matching reference area are not established; no maximum coefficient is inferred.""}"
"PANEL-RECHECK-113","CommScope / ANDREW","UNA010FI-0-V2","Passive","catalogue","","","","","Exact variant not verified","","","","","","","","","","Exact variant sheet needed","","","","","","","CO-200332.2-EN.GB (08/26)","2026-10-02","","","","","https://de.andrew.com/globalassets/digizuite/1019112-bsa-product-guide-emea-co-200332-engb.pdf","736b61a56824c7d9f9e07be0119aa31dd1b0c504060c0907b8441a37ad9a99c3","identity: PDF p. 46, exact visible linked model UNA010FI-0-V2","Identity-only entry from the ANDREW EMEA selection guide. Individual product URL is observed in the PDF annotation; its current availability is not guaranteed. Numerical mechanics / RF await exact-model sheet review. Regional catalogue inclusion does not establish Australian use or current supply.","","","","","","","","https://www.andrew.com/products/base-station-antennas/antennas/itemuna010fi-0-v2/","","","","","","","","","","","","","","Unavailable","","{""front"":""Exact wind and dimension source pages are not verified."",""side"":""Exact wind and dimension source pages are not verified."",""rear"":""Exact wind and dimension source pages are not verified."",""max"":""Maximum-force direction and matching reference area are not established; no maximum coefficient is inferred.""}"
"PANEL-RECHECK-114","CommScope / ANDREW","DB809KE-XT","Passive","catalogue","","","","","Exact variant not verified","","","","","","","","","","Exact variant sheet needed","","","","","","","CO-200332.2-EN.GB (08/26)","2026-10-02","","","","","https://de.andrew.com/globalassets/digizuite/1019112-bsa-product-guide-emea-co-200332-engb.pdf","736b61a56824c7d9f9e07be0119aa31dd1b0c504060c0907b8441a37ad9a99c3","identity: PDF p. 46, exact visible linked model DB809KE-XT","Identity-only entry from the ANDREW EMEA selection guide. Individual product URL is observed in the PDF annotation; its current availability is not guaranteed. Numerical mechanics / RF await exact-model sheet review. Regional catalogue inclusion does not establish Australian use or current supply.","","","","","","","","https://www.andrew.com/products/base-station-antennas/antennas/itemdb809ke-xt/","","","","","","","","","","","","","","Unavailable","","{""front"":""Exact wind and dimension source pages are not verified."",""side"":""Exact wind and dimension source pages are not verified."",""rear"":""Exact wind and dimension source pages are not verified."",""max"":""Maximum-force direction and matching reference area are not established; no maximum coefficient is inferred.""}"
"PANEL-RECHECK-115","CommScope / ANDREW","DB586-Y","Passive","catalogue","","","","","Exact variant not verified","","","","","","","","","","Exact variant sheet needed","","","","","","","CO-200332.2-EN.GB (08/26)","2026-10-02","","","","","https://de.andrew.com/globalassets/digizuite/1019112-bsa-product-guide-emea-co-200332-engb.pdf","736b61a56824c7d9f9e07be0119aa31dd1b0c504060c0907b8441a37ad9a99c3","identity: PDF p. 46, exact visible linked model DB586-Y","Identity-only entry from the ANDREW EMEA selection guide. Individual product URL is observed in the PDF annotation; its current availability is not guaranteed. Numerical mechanics / RF await exact-model sheet review. Regional catalogue inclusion does not establish Australian use or current supply.","","","","","","","","https://www.andrew.com/products/base-station-antennas/antennas/itemdb586-y/","","","","","","","","","","","","","","Unavailable","","{""front"":""Exact wind and dimension source pages are not verified."",""side"":""Exact wind and dimension source pages are not verified."",""rear"":""Exact wind and dimension source pages are not verified."",""max"":""Maximum-force direction and matching reference area are not established; no maximum coefficient is inferred.""}"
"PANEL-RECHECK-116","CommScope / ANDREW","DB589-Y","Passive","catalogue","","","","","Exact variant not verified","","","","","","","","","","Exact variant sheet needed","","","","","","","CO-200332.2-EN.GB (08/26)","2026-10-02","","","","","https://de.andrew.com/globalassets/digizuite/1019112-bsa-product-guide-emea-co-200332-engb.pdf","736b61a56824c7d9f9e07be0119aa31dd1b0c504060c0907b8441a37ad9a99c3","identity: PDF p. 46, exact visible linked model DB589-Y","Identity-only entry from the ANDREW EMEA selection guide. Individual product URL is observed in the PDF annotation; its current availability is not guaranteed. Numerical mechanics / RF await exact-model sheet review. Regional catalogue inclusion does not establish Australian use or current supply.","","","","","","","","https://www.andrew.com/products/base-station-antennas/antennas/itemdb589-y/","","","","","","","","","","","","","","Unavailable","","{""front"":""Exact wind and dimension source pages are not verified."",""side"":""Exact wind and dimension source pages are not verified."",""rear"":""Exact wind and dimension source pages are not verified."",""max"":""Maximum-force direction and matching reference area are not established; no maximum coefficient is inferred.""}"
"PANEL-RECHECK-117","CommScope / ANDREW","RR-65D-R2N43","Passive","catalogue","","","","","Exact variant not verified","","","","","","","","","","Exact variant sheet needed","","","","","","","CO-200332.2-EN.GB (08/26)","2026-10-02","","","","","https://de.andrew.com/globalassets/digizuite/1019112-bsa-product-guide-emea-co-200332-engb.pdf","736b61a56824c7d9f9e07be0119aa31dd1b0c504060c0907b8441a37ad9a99c3","identity: PDF p. 47, exact visible linked model RR-65D-R2N43","Identity-only entry from the ANDREW EMEA selection guide. Individual product URL is observed in the PDF annotation; its current availability is not guaranteed. Numerical mechanics / RF await exact-model sheet review. Regional catalogue inclusion does not establish Australian use or current supply.","","","","","","","","https://www.andrew.com/products/base-station-antennas/antennas/itemrr-65d-r2n43/","","","","","","","","","","","","","","Unavailable","","{""front"":""Exact wind and dimension source pages are not verified."",""side"":""Exact wind and dimension source pages are not verified."",""rear"":""Exact wind and dimension source pages are not verified."",""max"":""Maximum-force direction and matching reference area are not established; no maximum coefficient is inferred.""}"
"PANEL-RECHECK-118","CommScope / ANDREW","RR-85D-R2N43","Passive","catalogue","","","","","Exact variant not verified","","","","","","","","","","Exact variant sheet needed","","","","","","","CO-200332.2-EN.GB (08/26)","2026-10-02","","","","","https://de.andrew.com/globalassets/digizuite/1019112-bsa-product-guide-emea-co-200332-engb.pdf","736b61a56824c7d9f9e07be0119aa31dd1b0c504060c0907b8441a37ad9a99c3","identity: PDF p. 47, exact visible linked model RR-85D-R2N43","Identity-only entry from the ANDREW EMEA selection guide. Individual product URL is observed in the PDF annotation; its current availability is not guaranteed. Numerical mechanics / RF await exact-model sheet review. Regional catalogue inclusion does not establish Australian use or current supply.","","","","","","","","https://www.andrew.com/products/base-station-antennas/antennas/itemrr-85d-r2n43/","","","","","","","","","","","","","","Unavailable","","{""front"":""Exact wind and dimension source pages are not verified."",""side"":""Exact wind and dimension source pages are not verified."",""rear"":""Exact wind and dimension source pages are not verified."",""max"":""Maximum-force direction and matching reference area are not established; no maximum coefficient is inferred.""}"
"PANEL-RECHECK-119","CommScope / ANDREW","EGR-65D-R3N43","Passive","catalogue","","","","","Exact variant not verified","","","","","","","","","","Exact variant sheet needed","","","","","","","CO-200332.2-EN.GB (08/26)","2026-10-02","","","","","https://de.andrew.com/globalassets/digizuite/1019112-bsa-product-guide-emea-co-200332-engb.pdf","736b61a56824c7d9f9e07be0119aa31dd1b0c504060c0907b8441a37ad9a99c3","identity: PDF p. 47, exact visible linked model EGR-65D-R3N43","Identity-only entry from the ANDREW EMEA selection guide. Individual product URL is observed in the PDF annotation; its current availability is not guaranteed. Numerical mechanics / RF await exact-model sheet review. Regional catalogue inclusion does not establish Australian use or current supply.","","","","","","","","https://www.andrew.com/products/base-station-antennas/antennas/itemegr-65d-r3n43/","","","","","","","","","","","","","","Unavailable","","{""front"":""Exact wind and dimension source pages are not verified."",""side"":""Exact wind and dimension source pages are not verified."",""rear"":""Exact wind and dimension source pages are not verified."",""max"":""Maximum-force direction and matching reference area are not established; no maximum coefficient is inferred.""}"
"PANEL-RECHECK-120","CommScope / ANDREW","RRV4-65A-R6N39","Passive","catalogue","","","","","Exact variant not verified","","","","","","","","","","Exact variant sheet needed","","","","","","","CO-200332.2-EN.GB (08/26)","2026-10-02","","","","","https://de.andrew.com/globalassets/digizuite/1019112-bsa-product-guide-emea-co-200332-engb.pdf","736b61a56824c7d9f9e07be0119aa31dd1b0c504060c0907b8441a37ad9a99c3","identity: PDF p. 48, exact visible linked model RRV4-65A-R6N39","Identity-only entry from the ANDREW EMEA selection guide. Individual product URL is observed in the PDF annotation; its current availability is not guaranteed. Numerical mechanics / RF await exact-model sheet review. Regional catalogue inclusion does not establish Australian use or current supply.","","","","","","","","https://www.andrew.com/products/base-station-antennas/antennas/itemrrv4-65a-r6n39/","","","","","","","","","","","","","","Unavailable","","{""front"":""Exact wind and dimension source pages are not verified."",""side"":""Exact wind and dimension source pages are not verified."",""rear"":""Exact wind and dimension source pages are not verified."",""max"":""Maximum-force direction and matching reference area are not established; no maximum coefficient is inferred.""}"
"PANEL-RECHECK-121","CommScope / ANDREW","RRV4-65B-R6N39","Passive","catalogue","","","","","Exact variant not verified","","","","","","","","","","Exact variant sheet needed","","","","","","","CO-200332.2-EN.GB (08/26)","2026-10-02","","","","","https://de.andrew.com/globalassets/digizuite/1019112-bsa-product-guide-emea-co-200332-engb.pdf","736b61a56824c7d9f9e07be0119aa31dd1b0c504060c0907b8441a37ad9a99c3","identity: PDF p. 48, exact visible linked model RRV4-65B-R6N39","Identity-only entry from the ANDREW EMEA selection guide. Individual product URL is observed in the PDF annotation; its current availability is not guaranteed. Numerical mechanics / RF await exact-model sheet review. Regional catalogue inclusion does not establish Australian use or current supply.","","","","","","","","https://www.andrew.com/products/base-station-antennas/antennas/itemrrv4-65b-r6n39/","","","","","","","","","","","","","","Unavailable","","{""front"":""Exact wind and dimension source pages are not verified."",""side"":""Exact wind and dimension source pages are not verified."",""rear"":""Exact wind and dimension source pages are not verified."",""max"":""Maximum-force direction and matching reference area are not established; no maximum coefficient is inferred.""}"
"PANEL-RECHECK-122","CommScope / ANDREW","RRZZ-65A-R4N39","Passive","catalogue","","","","","Exact variant not verified","","","","","","","","","","Exact variant sheet needed","","","","","","","CO-200332.2-EN.GB (08/26)","2026-10-02","","","","","https://de.andrew.com/globalassets/digizuite/1019112-bsa-product-guide-emea-co-200332-engb.pdf","736b61a56824c7d9f9e07be0119aa31dd1b0c504060c0907b8441a37ad9a99c3","identity: PDF p. 48, exact visible linked model RRZZ-65A-R4N39","Identity-only entry from the ANDREW EMEA selection guide. Individual product URL is observed in the PDF annotation; its current availability is not guaranteed. Numerical mechanics / RF await exact-model sheet review. Regional catalogue inclusion does not establish Australian use or current supply.","","","","","","","","https://www.andrew.com/products/base-station-antennas/antennas/itemrrzz-65a-r4n39/","","","","","","","","","","","","","","Unavailable","","{""front"":""Exact wind and dimension source pages are not verified."",""side"":""Exact wind and dimension source pages are not verified."",""rear"":""Exact wind and dimension source pages are not verified."",""max"":""Maximum-force direction and matching reference area are not established; no maximum coefficient is inferred.""}"
"PANEL-RECHECK-123","CommScope / ANDREW","RRZZ-65A-R4N39F","Passive","catalogue","","","","","Exact variant not verified","","","","","","","","","","Exact variant sheet needed","","","","","","","CO-200332.2-EN.GB (08/26)","2026-10-02","","","","","https://de.andrew.com/globalassets/digizuite/1019112-bsa-product-guide-emea-co-200332-engb.pdf","736b61a56824c7d9f9e07be0119aa31dd1b0c504060c0907b8441a37ad9a99c3","identity: PDF p. 48, exact visible linked model RRZZ-65A-R4N39F","Identity-only entry from the ANDREW EMEA selection guide. Individual product URL is observed in the PDF annotation; its current availability is not guaranteed. Numerical mechanics / RF await exact-model sheet review. Regional catalogue inclusion does not establish Australian use or current supply.","","","","","","","","https://www.andrew.com/products/base-station-antennas/antennas/itemrrzz-65a-r4n39f/","","","","","","","","","","","","","","Unavailable","","{""front"":""Exact wind and dimension source pages are not verified."",""side"":""Exact wind and dimension source pages are not verified."",""rear"":""Exact wind and dimension source pages are not verified."",""max"":""Maximum-force direction and matching reference area are not established; no maximum coefficient is inferred.""}"
"PANEL-RECHECK-124","CommScope / ANDREW","RRZZ-65D-R4N39","Passive","catalogue","","","","","Exact variant not verified","","","","","","","","","","Exact variant sheet needed","","","","","","","CO-200332.2-EN.GB (08/26)","2026-10-02","","","","","https://de.andrew.com/globalassets/digizuite/1019112-bsa-product-guide-emea-co-200332-engb.pdf","736b61a56824c7d9f9e07be0119aa31dd1b0c504060c0907b8441a37ad9a99c3","identity: PDF p. 48, exact visible linked model RRZZ-65D-R4N39","Identity-only entry from the ANDREW EMEA selection guide. Individual product URL is observed in the PDF annotation; its current availability is not guaranteed. Numerical mechanics / RF await exact-model sheet review. Regional catalogue inclusion does not establish Australian use or current supply.","","","","","","","","https://www.andrew.com/products/base-station-antennas/antennas/itemrrzz-65d-r4n39/","","","","","","","","","","","","","","Unavailable","","{""front"":""Exact wind and dimension source pages are not verified."",""side"":""Exact wind and dimension source pages are not verified."",""rear"":""Exact wind and dimension source pages are not verified."",""max"":""Maximum-force direction and matching reference area are not established; no maximum coefficient is inferred.""}"
"PANEL-RECHECK-125","CommScope / ANDREW","RRZZ-65B-R4N39","Passive","catalogue","","","","","Exact variant not verified","","","","","","","","","","Exact variant sheet needed","","","","","","","CO-200332.2-EN.GB (08/26)","2026-10-02","","","","","https://de.andrew.com/globalassets/digizuite/1019112-bsa-product-guide-emea-co-200332-engb.pdf","736b61a56824c7d9f9e07be0119aa31dd1b0c504060c0907b8441a37ad9a99c3","identity: PDF p. 48, exact visible linked model RRZZ-65B-R4N39","Identity-only entry from the ANDREW EMEA selection guide. Individual product URL is observed in the PDF annotation; its current availability is not guaranteed. Numerical mechanics / RF await exact-model sheet review. Regional catalogue inclusion does not establish Australian use or current supply.","","","","","","","","https://www.andrew.com/products/base-station-antennas/antennas/itemrrzz-65b-r4n39/","","","","","","","","","","","","","","Unavailable","","{""front"":""Exact wind and dimension source pages are not verified."",""side"":""Exact wind and dimension source pages are not verified."",""rear"":""Exact wind and dimension source pages are not verified."",""max"":""Maximum-force direction and matching reference area are not established; no maximum coefficient is inferred.""}"
"PANEL-RECHECK-126","CommScope / ANDREW","RRZZ-65B-R4N39-V1","Passive","catalogue","","","","","Exact variant not verified","","","","","","","","","","Exact variant sheet needed","","","","","","","CO-200332.2-EN.GB (08/26)","2026-10-02","","","","","https://de.andrew.com/globalassets/digizuite/1019112-bsa-product-guide-emea-co-200332-engb.pdf","736b61a56824c7d9f9e07be0119aa31dd1b0c504060c0907b8441a37ad9a99c3","identity: PDF p. 48, exact visible linked model RRZZ-65B-R4N39-V1","Identity-only entry from the ANDREW EMEA selection guide. Individual product URL is observed in the PDF annotation; its current availability is not guaranteed. Numerical mechanics / RF await exact-model sheet review. Regional catalogue inclusion does not establish Australian use or current supply.","","","","","","","","https://www.andrew.com/products/base-station-antennas/antennas/itemrrzz-65b-r4n39-v1/","","","","","","","","","","","","","","Unavailable","","{""front"":""Exact wind and dimension source pages are not verified."",""side"":""Exact wind and dimension source pages are not verified."",""rear"":""Exact wind and dimension source pages are not verified."",""max"":""Maximum-force direction and matching reference area are not established; no maximum coefficient is inferred.""}"
"PANEL-RECHECK-127","CommScope / ANDREW","RRZZ-65B-R4N39V3","Passive","catalogue","","","","","Exact variant not verified","","","","","","","","","","Exact variant sheet needed","","","","","","","CO-200332.2-EN.GB (08/26)","2026-10-02","","","","","https://de.andrew.com/globalassets/digizuite/1019112-bsa-product-guide-emea-co-200332-engb.pdf","736b61a56824c7d9f9e07be0119aa31dd1b0c504060c0907b8441a37ad9a99c3","identity: PDF p. 48, exact visible linked model RRZZ-65B-R4N39V3","Identity-only entry from the ANDREW EMEA selection guide. Individual product URL is observed in the PDF annotation; its current availability is not guaranteed. Numerical mechanics / RF await exact-model sheet review. Regional catalogue inclusion does not establish Australian use or current supply.","","","","","","","","https://www.andrew.com/products/base-station-antennas/antennas/itemrrzz-65b-r4n39v3/","","","","","","","","","","","","","","Unavailable","","{""front"":""Exact wind and dimension source pages are not verified."",""side"":""Exact wind and dimension source pages are not verified."",""rear"":""Exact wind and dimension source pages are not verified."",""max"":""Maximum-force direction and matching reference area are not established; no maximum coefficient is inferred.""}"
"PANEL-RECHECK-128","CommScope / ANDREW","RZV4-65D-R6","Passive","catalogue","","","","","Exact variant not verified","","","","","","","","","","Exact variant sheet needed","","","","","","","CO-200332.2-EN.GB (08/26)","2026-10-02","","","","","https://de.andrew.com/globalassets/digizuite/1019112-bsa-product-guide-emea-co-200332-engb.pdf","736b61a56824c7d9f9e07be0119aa31dd1b0c504060c0907b8441a37ad9a99c3","identity: PDF p. 48, exact visible linked model RZV4-65D-R6","Identity-only entry from the ANDREW EMEA selection guide. Individual product URL is observed in the PDF annotation; its current availability is not guaranteed. Numerical mechanics / RF await exact-model sheet review. Regional catalogue inclusion does not establish Australian use or current supply.","","","","","","","","https://www.andrew.com/products/base-station-antennas/antennas/itemrzv4-65d-r6/","","","","","","","","","","","","","","Unavailable","","{""front"":""Exact wind and dimension source pages are not verified."",""side"":""Exact wind and dimension source pages are not verified."",""rear"":""Exact wind and dimension source pages are not verified."",""max"":""Maximum-force direction and matching reference area are not established; no maximum coefficient is inferred.""}"
"PANEL-RECHECK-129","CommScope / ANDREW","RVHHTT-65A-R5","Passive","catalogue","","","","","Exact variant not verified","","","","","","","","","","Exact variant sheet needed","","","","","","","CO-200332.2-EN.GB (08/26)","2026-10-02","","","","","https://de.andrew.com/globalassets/digizuite/1019112-bsa-product-guide-emea-co-200332-engb.pdf","736b61a56824c7d9f9e07be0119aa31dd1b0c504060c0907b8441a37ad9a99c3","identity: PDF p. 48, exact visible linked model RVHHTT-65A-R5","Identity-only entry from the ANDREW EMEA selection guide. Individual product URL is observed in the PDF annotation; its current availability is not guaranteed. Numerical mechanics / RF await exact-model sheet review. Regional catalogue inclusion does not establish Australian use or current supply.","","","","","","","","https://www.andrew.com/products/base-station-antennas/antennas/itemrvhhtt-65a-r5/","","","","","","","","","","","","","","Unavailable","","{""front"":""Exact wind and dimension source pages are not verified."",""side"":""Exact wind and dimension source pages are not verified."",""rear"":""Exact wind and dimension source pages are not verified."",""max"":""Maximum-force direction and matching reference area are not established; no maximum coefficient is inferred.""}"
"PANEL-RECHECK-130","CommScope / ANDREW","RRZHHTT-65A-R6N39","Passive","catalogue","","","","","Exact variant not verified","","","","","","","","","","Exact variant sheet needed","","","","","","","CO-200332.2-EN.GB (08/26)","2026-10-02","","","","","https://de.andrew.com/globalassets/digizuite/1019112-bsa-product-guide-emea-co-200332-engb.pdf","736b61a56824c7d9f9e07be0119aa31dd1b0c504060c0907b8441a37ad9a99c3","identity: PDF p. 48, exact visible linked model RRZHHTT-65A-R6N39","Identity-only entry from the ANDREW EMEA selection guide. Individual product URL is observed in the PDF annotation; its current availability is not guaranteed. Numerical mechanics / RF await exact-model sheet review. Regional catalogue inclusion does not establish Australian use or current supply.","","","","","","","","https://www.andrew.com/products/base-station-antennas/antennas/itemrrzhhtt-65a-r6n39/","","","","","","","","","","","","","","Unavailable","","{""front"":""Exact wind and dimension source pages are not verified."",""side"":""Exact wind and dimension source pages are not verified."",""rear"":""Exact wind and dimension source pages are not verified."",""max"":""Maximum-force direction and matching reference area are not established; no maximum coefficient is inferred.""}"
"PANEL-RECHECK-131","CommScope / ANDREW","RRZZ-65B-R4N43V2","Passive","catalogue","","","","","Exact variant not verified","","","","","","","","","","Exact variant sheet needed","","","","","","","CO-200332.2-EN.GB (08/26)","2026-10-02","","","","","https://de.andrew.com/globalassets/digizuite/1019112-bsa-product-guide-emea-co-200332-engb.pdf","736b61a56824c7d9f9e07be0119aa31dd1b0c504060c0907b8441a37ad9a99c3","identity: PDF p. 49, exact visible linked model RRZZ-65B-R4N43V2","Identity-only entry from the ANDREW EMEA selection guide. Individual product URL is observed in the PDF annotation; its current availability is not guaranteed. Numerical mechanics / RF await exact-model sheet review. Regional catalogue inclusion does not establish Australian use or current supply.","","","","","","","","https://www.andrew.com/products/base-station-antennas/antennas/itemrrzz-65b-r4n43v2/","","","","","","","","","","","","","","Unavailable","","{""front"":""Exact wind and dimension source pages are not verified."",""side"":""Exact wind and dimension source pages are not verified."",""rear"":""Exact wind and dimension source pages are not verified."",""max"":""Maximum-force direction and matching reference area are not established; no maximum coefficient is inferred.""}"
"PANEL-RECHECK-132","CommScope / ANDREW","RRZZ-65B-R4N43","Passive","catalogue","","","","","Exact variant not verified","","","","","","","","","","Exact variant sheet needed","","","","","","","CO-200332.2-EN.GB (08/26)","2026-10-02","","","","","https://de.andrew.com/globalassets/digizuite/1019112-bsa-product-guide-emea-co-200332-engb.pdf","736b61a56824c7d9f9e07be0119aa31dd1b0c504060c0907b8441a37ad9a99c3","identity: PDF p. 49, exact visible linked model RRZZ-65B-R4N43","Identity-only entry from the ANDREW EMEA selection guide. Individual product URL is observed in the PDF annotation; its current availability is not guaranteed. Numerical mechanics / RF await exact-model sheet review. Regional catalogue inclusion does not establish Australian use or current supply.","","","","","","","","https://www.andrew.com/products/base-station-antennas/antennas/itemrrzz-65b-r4n43/","","","","","","","","","","","","","","Unavailable","","{""front"":""Exact wind and dimension source pages are not verified."",""side"":""Exact wind and dimension source pages are not verified."",""rear"":""Exact wind and dimension source pages are not verified."",""max"":""Maximum-force direction and matching reference area are not established; no maximum coefficient is inferred.""}"
"PANEL-RECHECK-133","CommScope / ANDREW","RRZZ-65D-R4N43V1","Passive","catalogue","","","","","Exact variant not verified","","","","","","","","","","Exact variant sheet needed","","","","","","","CO-200332.2-EN.GB (08/26)","2026-10-02","","","","","https://de.andrew.com/globalassets/digizuite/1019112-bsa-product-guide-emea-co-200332-engb.pdf","736b61a56824c7d9f9e07be0119aa31dd1b0c504060c0907b8441a37ad9a99c3","identity: PDF p. 49, exact visible linked model RRZZ-65D-R4N43V1","Identity-only entry from the ANDREW EMEA selection guide. Individual product URL is observed in the PDF annotation; its current availability is not guaranteed. Numerical mechanics / RF await exact-model sheet review. Regional catalogue inclusion does not establish Australian use or current supply.","","","","","","","","https://www.andrew.com/products/base-station-antennas/antennas/itemrrzz-65d-r4n43v1/","","","","","","","","","","","","","","Unavailable","","{""front"":""Exact wind and dimension source pages are not verified."",""side"":""Exact wind and dimension source pages are not verified."",""rear"":""Exact wind and dimension source pages are not verified."",""max"":""Maximum-force direction and matching reference area are not established; no maximum coefficient is inferred.""}"
"PANEL-RECHECK-134","CommScope / ANDREW","RRZZ-65D-R4N43V2","Passive","catalogue","","","","","Exact variant not verified","","","","","","","","","","Exact variant sheet needed","","","","","","","CO-200332.2-EN.GB (08/26)","2026-10-02","","","","","https://de.andrew.com/globalassets/digizuite/1019112-bsa-product-guide-emea-co-200332-engb.pdf","736b61a56824c7d9f9e07be0119aa31dd1b0c504060c0907b8441a37ad9a99c3","identity: PDF p. 49, exact visible linked model RRZZ-65D-R4N43V2","Identity-only entry from the ANDREW EMEA selection guide. Individual product URL is observed in the PDF annotation; its current availability is not guaranteed. Numerical mechanics / RF await exact-model sheet review. Regional catalogue inclusion does not establish Australian use or current supply.","","","","","","","","https://www.andrew.com/products/base-station-antennas/antennas/itemrrzz-65d-r4n43v2/","","","","","","","","","","","","","","Unavailable","","{""front"":""Exact wind and dimension source pages are not verified."",""side"":""Exact wind and dimension source pages are not verified."",""rear"":""Exact wind and dimension source pages are not verified."",""max"":""Maximum-force direction and matching reference area are not established; no maximum coefficient is inferred.""}"
"PANEL-RECHECK-135","CommScope / ANDREW","EGRZV-65D-R5N43","Passive","catalogue","","","","","Exact variant not verified","","","","","","","","","","Exact variant sheet needed","","","","","","","CO-200332.2-EN.GB (08/26)","2026-10-02","","","","","https://de.andrew.com/globalassets/digizuite/1019112-bsa-product-guide-emea-co-200332-engb.pdf","736b61a56824c7d9f9e07be0119aa31dd1b0c504060c0907b8441a37ad9a99c3","identity: PDF p. 49, exact visible linked model EGRZV-65D-R5N43","Identity-only entry from the ANDREW EMEA selection guide. Individual product URL is observed in the PDF annotation; its current availability is not guaranteed. Numerical mechanics / RF await exact-model sheet review. Regional catalogue inclusion does not establish Australian use or current supply.","","","","","","","","https://www.andrew.com/products/base-station-antennas/antennas/itemegrzv-65d-r5n43/","","","","","","","","","","","","","","Unavailable","","{""front"":""Exact wind and dimension source pages are not verified."",""side"":""Exact wind and dimension source pages are not verified."",""rear"":""Exact wind and dimension source pages are not verified."",""max"":""Maximum-force direction and matching reference area are not established; no maximum coefficient is inferred.""}"
"PANEL-RECHECK-136","CommScope / ANDREW","RRV4-65S-R4N43","Passive","catalogue","","","","","Exact variant not verified","","","","","","","","","","Exact variant sheet needed","","","","","","","CO-200332.2-EN.GB (08/26)","2026-10-02","","","","","https://de.andrew.com/globalassets/digizuite/1019112-bsa-product-guide-emea-co-200332-engb.pdf","736b61a56824c7d9f9e07be0119aa31dd1b0c504060c0907b8441a37ad9a99c3","identity: PDF p. 50, exact visible linked model RRV4-65S-R4N43","Identity-only entry from the ANDREW EMEA selection guide. Individual product URL is observed in the PDF annotation; its current availability is not guaranteed. Numerical mechanics / RF await exact-model sheet review. Regional catalogue inclusion does not establish Australian use or current supply.","","","","","","","","https://www.andrew.com/products/base-station-antennas/antennas/itemrrv4-65s-r4n43/","","","","","","","","","","","","","","Unavailable","","{""front"":""Exact wind and dimension source pages are not verified."",""side"":""Exact wind and dimension source pages are not verified."",""rear"":""Exact wind and dimension source pages are not verified."",""max"":""Maximum-force direction and matching reference area are not established; no maximum coefficient is inferred.""}"
"PANEL-RECHECK-137","CommScope / ANDREW","RRV4-65M-R6N43","Passive","catalogue","","","","","Exact variant not verified","","","","","","","","","","Exact variant sheet needed","","","","","","","CO-200332.2-EN.GB (08/26)","2026-10-02","","","","","https://de.andrew.com/globalassets/digizuite/1019112-bsa-product-guide-emea-co-200332-engb.pdf","736b61a56824c7d9f9e07be0119aa31dd1b0c504060c0907b8441a37ad9a99c3","identity: PDF p. 50, exact visible linked model RRV4-65M-R6N43","Identity-only entry from the ANDREW EMEA selection guide. Individual product URL is observed in the PDF annotation; its current availability is not guaranteed. Numerical mechanics / RF await exact-model sheet review. Regional catalogue inclusion does not establish Australian use or current supply.","","","","","","","","https://www.andrew.com/products/base-station-antennas/antennas/itemrrv4-65m-r6n43/","","","","","","","","","","","","","","Unavailable","","{""front"":""Exact wind and dimension source pages are not verified."",""side"":""Exact wind and dimension source pages are not verified."",""rear"":""Exact wind and dimension source pages are not verified."",""max"":""Maximum-force direction and matching reference area are not established; no maximum coefficient is inferred.""}"
"PANEL-RECHECK-138","CommScope / ANDREW","RRV4-65A-R6N43","Passive","catalogue","","","","","Exact variant not verified","","","","","","","","","","Exact variant sheet needed","","","","","","","CO-200332.2-EN.GB (08/26)","2026-10-02","","","","","https://de.andrew.com/globalassets/digizuite/1019112-bsa-product-guide-emea-co-200332-engb.pdf","736b61a56824c7d9f9e07be0119aa31dd1b0c504060c0907b8441a37ad9a99c3","identity: PDF p. 50, exact visible linked model RRV4-65A-R6N43","Identity-only entry from the ANDREW EMEA selection guide. Individual product URL is observed in the PDF annotation; its current availability is not guaranteed. Numerical mechanics / RF await exact-model sheet review. Regional catalogue inclusion does not establish Australian use or current supply.","","","","","","","","https://www.andrew.com/products/base-station-antennas/antennas/itemrrv4-65a-r6n43/","","","","","","","","","","","","","","Unavailable","","{""front"":""Exact wind and dimension source pages are not verified."",""side"":""Exact wind and dimension source pages are not verified."",""rear"":""Exact wind and dimension source pages are not verified."",""max"":""Maximum-force direction and matching reference area are not established; no maximum coefficient is inferred.""}"
"PANEL-RECHECK-139","CommScope / ANDREW","RRV4-65A-R6NV3","Passive","catalogue","","","","","Exact variant not verified","","","","","","","","","","Exact variant sheet needed","","","","","","","CO-200332.2-EN.GB (08/26)","2026-10-02","","","","","https://de.andrew.com/globalassets/digizuite/1019112-bsa-product-guide-emea-co-200332-engb.pdf","736b61a56824c7d9f9e07be0119aa31dd1b0c504060c0907b8441a37ad9a99c3","identity: PDF p. 50, exact visible linked model RRV4-65A-R6NV3","Identity-only entry from the ANDREW EMEA selection guide. Individual product URL is observed in the PDF annotation; its current availability is not guaranteed. Numerical mechanics / RF await exact-model sheet review. Regional catalogue inclusion does not establish Australian use or current supply.","","","","","","","","https://www.andrew.com/products/base-station-antennas/antennas/itemrrv4-65a-r6nv3/","","","","","","","","","","","","","","Unavailable","","{""front"":""Exact wind and dimension source pages are not verified."",""side"":""Exact wind and dimension source pages are not verified."",""rear"":""Exact wind and dimension source pages are not verified."",""max"":""Maximum-force direction and matching reference area are not established; no maximum coefficient is inferred.""}"
"PANEL-RECHECK-140","CommScope / ANDREW","RRV4-65B-R6N43","Passive","catalogue","","","","","Exact variant not verified","","","","","","","","","","Exact variant sheet needed","","","","","","","CO-200332.2-EN.GB (08/26)","2026-10-02","","","","","https://de.andrew.com/globalassets/digizuite/1019112-bsa-product-guide-emea-co-200332-engb.pdf","736b61a56824c7d9f9e07be0119aa31dd1b0c504060c0907b8441a37ad9a99c3","identity: PDF p. 50, exact visible linked model RRV4-65B-R6N43","Identity-only entry from the ANDREW EMEA selection guide. Individual product URL is observed in the PDF annotation; its current availability is not guaranteed. Numerical mechanics / RF await exact-model sheet review. Regional catalogue inclusion does not establish Australian use or current supply.","","","","","","","","https://www.andrew.com/products/base-station-antennas/antennas/itemrrv4-65b-r6n43/","","","","","","","","","","","","","","Unavailable","","{""front"":""Exact wind and dimension source pages are not verified."",""side"":""Exact wind and dimension source pages are not verified."",""rear"":""Exact wind and dimension source pages are not verified."",""max"":""Maximum-force direction and matching reference area are not established; no maximum coefficient is inferred.""}"
"PANEL-RECHECK-141","CommScope / ANDREW","RRZZVV-65B-R6N43","Passive","catalogue","","","","","Exact variant not verified","","","","","","","","","","Exact variant sheet needed","","","","","","","CO-200332.2-EN.GB (08/26)","2026-10-02","","","","","https://de.andrew.com/globalassets/digizuite/1019112-bsa-product-guide-emea-co-200332-engb.pdf","736b61a56824c7d9f9e07be0119aa31dd1b0c504060c0907b8441a37ad9a99c3","identity: PDF p. 50, exact visible linked model RRZZVV-65B-R6N43","Identity-only entry from the ANDREW EMEA selection guide. Individual product URL is observed in the PDF annotation; its current availability is not guaranteed. Numerical mechanics / RF await exact-model sheet review. Regional catalogue inclusion does not establish Australian use or current supply.","","","","","","","","https://www.andrew.com/products/base-station-antennas/antennas/itemrrzzvv-65b-r6n43/","","","","","","","","","","","","","","Unavailable","","{""front"":""Exact wind and dimension source pages are not verified."",""side"":""Exact wind and dimension source pages are not verified."",""rear"":""Exact wind and dimension source pages are not verified."",""max"":""Maximum-force direction and matching reference area are not established; no maximum coefficient is inferred.""}"
"PANEL-RECHECK-142","CommScope / ANDREW","RRZZVV-65BR6NV1","Passive","catalogue","","","","","Exact variant not verified","","","","","","","","","","Exact variant sheet needed","","","","","","","CO-200332.2-EN.GB (08/26)","2026-10-02","","","","","https://de.andrew.com/globalassets/digizuite/1019112-bsa-product-guide-emea-co-200332-engb.pdf","736b61a56824c7d9f9e07be0119aa31dd1b0c504060c0907b8441a37ad9a99c3","identity: PDF p. 50, exact visible linked model RRZZVV-65BR6NV1","Identity-only entry from the ANDREW EMEA selection guide. Individual product URL is observed in the PDF annotation; its current availability is not guaranteed. Numerical mechanics / RF await exact-model sheet review. Regional catalogue inclusion does not establish Australian use or current supply.","","","","","","","","https://www.andrew.com/products/base-station-antennas/antennas/itemrrzzvv-65br6nv1/","","","","","","","","","","","","","","Unavailable","","{""front"":""Exact wind and dimension source pages are not verified."",""side"":""Exact wind and dimension source pages are not verified."",""rear"":""Exact wind and dimension source pages are not verified."",""max"":""Maximum-force direction and matching reference area are not established; no maximum coefficient is inferred.""}"
"PANEL-RECHECK-143","CommScope / ANDREW","RRZZVV-65AR6NV1","Passive","catalogue","","","","","Exact variant not verified","","","","","","","","","","Exact variant sheet needed","","","","","","","CO-200332.2-EN.GB (08/26)","2026-10-02","","","","","https://de.andrew.com/globalassets/digizuite/1019112-bsa-product-guide-emea-co-200332-engb.pdf","736b61a56824c7d9f9e07be0119aa31dd1b0c504060c0907b8441a37ad9a99c3","identity: PDF p. 50, exact visible linked model RRZZVV-65AR6NV1","Identity-only entry from the ANDREW EMEA selection guide. Individual product URL is observed in the PDF annotation; its current availability is not guaranteed. Numerical mechanics / RF await exact-model sheet review. Regional catalogue inclusion does not establish Australian use or current supply.","","","","","","","","https://www.andrew.com/products/base-station-antennas/antennas/itemrrzzvv-65ar6nv1/","","","","","","","","","","","","","","Unavailable","","{""front"":""Exact wind and dimension source pages are not verified."",""side"":""Exact wind and dimension source pages are not verified."",""rear"":""Exact wind and dimension source pages are not verified."",""max"":""Maximum-force direction and matching reference area are not established; no maximum coefficient is inferred.""}"
"PANEL-RECHECK-144","CommScope / ANDREW","RRZZVV-65A-R6NV3","Passive","catalogue","","","","","Exact variant not verified","","","","","","","","","","Exact variant sheet needed","","","","","","","CO-200332.2-EN.GB (08/26)","2026-10-02","","","","","https://de.andrew.com/globalassets/digizuite/1019112-bsa-product-guide-emea-co-200332-engb.pdf","736b61a56824c7d9f9e07be0119aa31dd1b0c504060c0907b8441a37ad9a99c3","identity: PDF p. 50, exact visible linked model RRZZVV-65A-R6NV3","Identity-only entry from the ANDREW EMEA selection guide. Individual product URL is observed in the PDF annotation; its current availability is not guaranteed. Numerical mechanics / RF await exact-model sheet review. Regional catalogue inclusion does not establish Australian use or current supply.","","","","","","","","https://www.andrew.com/products/base-station-antennas/antennas/itemrrzzvv-65a-r6nv3/","","","","","","","","","","","","","","Unavailable","","{""front"":""Exact wind and dimension source pages are not verified."",""side"":""Exact wind and dimension source pages are not verified."",""rear"":""Exact wind and dimension source pages are not verified."",""max"":""Maximum-force direction and matching reference area are not established; no maximum coefficient is inferred.""}"
"PANEL-RECHECK-145","CommScope / ANDREW","RRZZVV-65D-R6N43","Passive","catalogue","","","","","Exact variant not verified","","","","","","","","","","Exact variant sheet needed","","","","","","","CO-200332.2-EN.GB (08/26)","2026-10-02","","","","","https://de.andrew.com/globalassets/digizuite/1019112-bsa-product-guide-emea-co-200332-engb.pdf","736b61a56824c7d9f9e07be0119aa31dd1b0c504060c0907b8441a37ad9a99c3","identity: PDF p. 50, exact visible linked model RRZZVV-65D-R6N43","Identity-only entry from the ANDREW EMEA selection guide. Individual product URL is observed in the PDF annotation; its current availability is not guaranteed. Numerical mechanics / RF await exact-model sheet review. Regional catalogue inclusion does not establish Australian use or current supply.","","","","","","","","https://www.andrew.com/products/base-station-antennas/antennas/itemrrzzvv-65d-r6n43/","","","","","","","","","","","","","","Unavailable","","{""front"":""Exact wind and dimension source pages are not verified."",""side"":""Exact wind and dimension source pages are not verified."",""rear"":""Exact wind and dimension source pages are not verified."",""max"":""Maximum-force direction and matching reference area are not established; no maximum coefficient is inferred.""}"
"PANEL-RECHECK-146","CommScope / ANDREW","RRZZVV-65D-R6N43V2","Passive","catalogue","","","","","Exact variant not verified","","","","","","","","","","Exact variant sheet needed","","","","","","","CO-200332.2-EN.GB (08/26)","2026-10-02","","","","","https://de.andrew.com/globalassets/digizuite/1019112-bsa-product-guide-emea-co-200332-engb.pdf","736b61a56824c7d9f9e07be0119aa31dd1b0c504060c0907b8441a37ad9a99c3","identity: PDF p. 50, exact visible linked model RRZZVV-65D-R6N43V2","Identity-only entry from the ANDREW EMEA selection guide. Individual product URL is observed in the PDF annotation; its current availability is not guaranteed. Numerical mechanics / RF await exact-model sheet review. Regional catalogue inclusion does not establish Australian use or current supply.","","","","","","","","https://www.andrew.com/products/base-station-antennas/antennas/itemrrzzvv-65d-r6n43v2/","","","","","","","","","","","","","","Unavailable","","{""front"":""Exact wind and dimension source pages are not verified."",""side"":""Exact wind and dimension source pages are not verified."",""rear"":""Exact wind and dimension source pages are not verified."",""max"":""Maximum-force direction and matching reference area are not established; no maximum coefficient is inferred.""}"
"PANEL-RECHECK-147","CommScope / ANDREW","RRZZVV-65D-R6NV3","Passive","catalogue","","","","","Exact variant not verified","","","","","","","","","","Exact variant sheet needed","","","","","","","CO-200332.2-EN.GB (08/26)","2026-10-02","","","","","https://de.andrew.com/globalassets/digizuite/1019112-bsa-product-guide-emea-co-200332-engb.pdf","736b61a56824c7d9f9e07be0119aa31dd1b0c504060c0907b8441a37ad9a99c3","identity: PDF p. 50, exact visible linked model RRZZVV-65D-R6NV3","Identity-only entry from the ANDREW EMEA selection guide. Individual product URL is observed in the PDF annotation; its current availability is not guaranteed. Numerical mechanics / RF await exact-model sheet review. Regional catalogue inclusion does not establish Australian use or current supply.","","","","","","","","https://www.andrew.com/products/base-station-antennas/antennas/itemrrzzvv-65d-r6nv3/","","","","","","","","","","","","","","Unavailable","","{""front"":""Exact wind and dimension source pages are not verified."",""side"":""Exact wind and dimension source pages are not verified."",""rear"":""Exact wind and dimension source pages are not verified."",""max"":""Maximum-force direction and matching reference area are not established; no maximum coefficient is inferred.""}"
"PANEL-RECHECK-148","CommScope / ANDREW","RRZZVV-65B-R6NV3","Passive","catalogue","","","","","Exact variant not verified","","","","","","","","","","Exact variant sheet needed","","","","","","","CO-200332.2-EN.GB (08/26)","2026-10-02","","","","","https://de.andrew.com/globalassets/digizuite/1019112-bsa-product-guide-emea-co-200332-engb.pdf","736b61a56824c7d9f9e07be0119aa31dd1b0c504060c0907b8441a37ad9a99c3","identity: PDF p. 50, exact visible linked model RRZZVV-65B-R6NV3","Identity-only entry from the ANDREW EMEA selection guide. Individual product URL is observed in the PDF annotation; its current availability is not guaranteed. Numerical mechanics / RF await exact-model sheet review. Regional catalogue inclusion does not establish Australian use or current supply.","","","","","","","","https://www.andrew.com/products/base-station-antennas/antennas/itemrrzzvv-65b-r6nv3/","","","","","","","","","","","","","","Unavailable","","{""front"":""Exact wind and dimension source pages are not verified."",""side"":""Exact wind and dimension source pages are not verified."",""rear"":""Exact wind and dimension source pages are not verified."",""max"":""Maximum-force direction and matching reference area are not established; no maximum coefficient is inferred.""}"
"PANEL-RECHECK-149","CommScope / ANDREW","RRZZVV-65B-R6NV4","Passive","catalogue","","","","","Exact variant not verified","","","","","","","","","","Exact variant sheet needed","","","","","","","CO-200332.2-EN.GB (08/26)","2026-10-02","","","","","https://de.andrew.com/globalassets/digizuite/1019112-bsa-product-guide-emea-co-200332-engb.pdf","736b61a56824c7d9f9e07be0119aa31dd1b0c504060c0907b8441a37ad9a99c3","identity: PDF p. 50, exact visible linked model RRZZVV-65B-R6NV4","Identity-only entry from the ANDREW EMEA selection guide. Individual product URL is observed in the PDF annotation; its current availability is not guaranteed. Numerical mechanics / RF await exact-model sheet review. Regional catalogue inclusion does not establish Australian use or current supply.","","","","","","","","https://www.andrew.com/products/base-station-antennas/antennas/itemrrzzvv-65b-r6nv4/","","","","","","","","","","","","","","Unavailable","","{""front"":""Exact wind and dimension source pages are not verified."",""side"":""Exact wind and dimension source pages are not verified."",""rear"":""Exact wind and dimension source pages are not verified."",""max"":""Maximum-force direction and matching reference area are not established; no maximum coefficient is inferred.""}"
"PANEL-RECHECK-150","CommScope / ANDREW","RRZZVV-65D-R8N43D","Passive","catalogue","","","","","Exact variant not verified","","","","","","","","","","Exact variant sheet needed","","","","","","","CO-200332.2-EN.GB (08/26)","2026-10-02","","","","","https://de.andrew.com/globalassets/digizuite/1019112-bsa-product-guide-emea-co-200332-engb.pdf","736b61a56824c7d9f9e07be0119aa31dd1b0c504060c0907b8441a37ad9a99c3","identity: PDF p. 50, exact visible linked model RRZZVV-65D-R8N43D","Identity-only entry from the ANDREW EMEA selection guide. Individual product URL is observed in the PDF annotation; its current availability is not guaranteed. Numerical mechanics / RF await exact-model sheet review. Regional catalogue inclusion does not establish Australian use or current supply.","","","","","","","","https://www.andrew.com/products/base-station-antennas/antennas/itemrrzzvv-65d-r8n43d/","","","","","","","","","","","","","","Unavailable","","{""front"":""Exact wind and dimension source pages are not verified."",""side"":""Exact wind and dimension source pages are not verified."",""rear"":""Exact wind and dimension source pages are not verified."",""max"":""Maximum-force direction and matching reference area are not established; no maximum coefficient is inferred.""}"
"PANEL-RECHECK-151","CommScope / ANDREW","RRZZVV-65B-R8NV3D","Passive","catalogue","","","","","Exact variant not verified","","","","","","","","","","Exact variant sheet needed","","","","","","","CO-200332.2-EN.GB (08/26)","2026-10-02","","","","","https://de.andrew.com/globalassets/digizuite/1019112-bsa-product-guide-emea-co-200332-engb.pdf","736b61a56824c7d9f9e07be0119aa31dd1b0c504060c0907b8441a37ad9a99c3","identity: PDF p. 50, exact visible linked model RRZZVV-65B-R8NV3D","Identity-only entry from the ANDREW EMEA selection guide. Individual product URL is observed in the PDF annotation; its current availability is not guaranteed. Numerical mechanics / RF await exact-model sheet review. Regional catalogue inclusion does not establish Australian use or current supply.","","","","","","","","https://www.andrew.com/products/base-station-antennas/antennas/itemrrzzvv-65b-r8nv3d/","","","","","","","","","","","","","","Unavailable","","{""front"":""Exact wind and dimension source pages are not verified."",""side"":""Exact wind and dimension source pages are not verified."",""rear"":""Exact wind and dimension source pages are not verified."",""max"":""Maximum-force direction and matching reference area are not established; no maximum coefficient is inferred.""}"
"PANEL-RECHECK-152","CommScope / ANDREW","RRZZHHTT-65A-R7N43","Passive","catalogue","","","","","Exact variant not verified","","","","","","","","","","Exact variant sheet needed","","","","","","","CO-200332.2-EN.GB (08/26)","2026-10-02","","","","","https://de.andrew.com/globalassets/digizuite/1019112-bsa-product-guide-emea-co-200332-engb.pdf","736b61a56824c7d9f9e07be0119aa31dd1b0c504060c0907b8441a37ad9a99c3","identity: PDF p. 51, exact visible linked model RRZZHHTT-65A-R7N43","Identity-only entry from the ANDREW EMEA selection guide. Individual product URL is observed in the PDF annotation; its current availability is not guaranteed. Numerical mechanics / RF await exact-model sheet review. Regional catalogue inclusion does not establish Australian use or current supply.","","","","","","","","https://www.andrew.com/products/base-station-antennas/antennas/itemrrzzhhtt-65a-r7n43/","","","","","","","","","","","","","","Unavailable","","{""front"":""Exact wind and dimension source pages are not verified."",""side"":""Exact wind and dimension source pages are not verified."",""rear"":""Exact wind and dimension source pages are not verified."",""max"":""Maximum-force direction and matching reference area are not established; no maximum coefficient is inferred.""}"
"PANEL-RECHECK-153","CommScope / ANDREW","RRZZHHTT-65B-R7N43","Passive","catalogue","","","","","Exact variant not verified","","","","","","","","","","Exact variant sheet needed","","","","","","","CO-200332.2-EN.GB (08/26)","2026-10-02","","","","","https://de.andrew.com/globalassets/digizuite/1019112-bsa-product-guide-emea-co-200332-engb.pdf","736b61a56824c7d9f9e07be0119aa31dd1b0c504060c0907b8441a37ad9a99c3","identity: PDF p. 51, exact visible linked model RRZZHHTT-65B-R7N43","Identity-only entry from the ANDREW EMEA selection guide. Individual product URL is observed in the PDF annotation; its current availability is not guaranteed. Numerical mechanics / RF await exact-model sheet review. Regional catalogue inclusion does not establish Australian use or current supply.","","","","","","","","https://www.andrew.com/products/base-station-antennas/antennas/itemrrzzhhtt-65b-r7n43/","","","","","","","","","","","","","","Unavailable","","{""front"":""Exact wind and dimension source pages are not verified."",""side"":""Exact wind and dimension source pages are not verified."",""rear"":""Exact wind and dimension source pages are not verified."",""max"":""Maximum-force direction and matching reference area are not established; no maximum coefficient is inferred.""}"
"PANEL-RECHECK-154","CommScope / ANDREW","RRZZHHTT-65B-R8NV3","Passive","catalogue","","","","","Exact variant not verified","","","","","","","","","","Exact variant sheet needed","","","","","","","CO-200332.2-EN.GB (08/26)","2026-10-02","","","","","https://de.andrew.com/globalassets/digizuite/1019112-bsa-product-guide-emea-co-200332-engb.pdf","736b61a56824c7d9f9e07be0119aa31dd1b0c504060c0907b8441a37ad9a99c3","identity: PDF p. 51, exact visible linked model RRZZHHTT-65B-R8NV3","Identity-only entry from the ANDREW EMEA selection guide. Individual product URL is observed in the PDF annotation; its current availability is not guaranteed. Numerical mechanics / RF await exact-model sheet review. Regional catalogue inclusion does not establish Australian use or current supply.","","","","","","","","https://www.andrew.com/products/base-station-antennas/antennas/itemrrzzhhtt-65b-r8nv3/","","","","","","","","","","","","","","Unavailable","","{""front"":""Exact wind and dimension source pages are not verified."",""side"":""Exact wind and dimension source pages are not verified."",""rear"":""Exact wind and dimension source pages are not verified."",""max"":""Maximum-force direction and matching reference area are not established; no maximum coefficient is inferred.""}"
"PANEL-RECHECK-155","CommScope / ANDREW","RRZZHHTT-65BR7N43F","Passive","catalogue","","","","","Exact variant not verified","","","","","","","","","","Exact variant sheet needed","","","","","","","CO-200332.2-EN.GB (08/26)","2026-10-02","","","","","https://de.andrew.com/globalassets/digizuite/1019112-bsa-product-guide-emea-co-200332-engb.pdf","736b61a56824c7d9f9e07be0119aa31dd1b0c504060c0907b8441a37ad9a99c3","identity: PDF p. 51, exact visible linked model RRZZHHTT-65BR7N43F","Identity-only entry from the ANDREW EMEA selection guide. Individual product URL is observed in the PDF annotation; its current availability is not guaranteed. Numerical mechanics / RF await exact-model sheet review. Regional catalogue inclusion does not establish Australian use or current supply.","","","","","","","","https://www.andrew.com/products/base-station-antennas/antennas/itemrrzzhhtt-65br7n43f/","","","","","","","","","","","","","","Unavailable","","{""front"":""Exact wind and dimension source pages are not verified."",""side"":""Exact wind and dimension source pages are not verified."",""rear"":""Exact wind and dimension source pages are not verified."",""max"":""Maximum-force direction and matching reference area are not established; no maximum coefficient is inferred.""}"
"PANEL-RECHECK-156","CommScope / ANDREW","RRZZHHTT-65AR7N43F","Passive","catalogue","","","","","Exact variant not verified","","","","","","","","","","Exact variant sheet needed","","","","","","","CO-200332.2-EN.GB (08/26)","2026-10-02","","","","","https://de.andrew.com/globalassets/digizuite/1019112-bsa-product-guide-emea-co-200332-engb.pdf","736b61a56824c7d9f9e07be0119aa31dd1b0c504060c0907b8441a37ad9a99c3","identity: PDF p. 51, exact visible linked model RRZZHHTT-65AR7N43F","Identity-only entry from the ANDREW EMEA selection guide. Individual product URL is observed in the PDF annotation; its current availability is not guaranteed. Numerical mechanics / RF await exact-model sheet review. Regional catalogue inclusion does not establish Australian use or current supply.","","","","","","","","https://www.andrew.com/products/base-station-antennas/antennas/itemrrzzhhtt-65ar7n43f/","","","","","","","","","","","","","","Unavailable","","{""front"":""Exact wind and dimension source pages are not verified."",""side"":""Exact wind and dimension source pages are not verified."",""rear"":""Exact wind and dimension source pages are not verified."",""max"":""Maximum-force direction and matching reference area are not established; no maximum coefficient is inferred.""}"
"PANEL-RECHECK-157","CommScope / ANDREW","RRZZV4-65D-R8N43","Passive","catalogue","","","","","Exact variant not verified","","","","","","","","","","Exact variant sheet needed","","","","","","","CO-200332.2-EN.GB (08/26)","2026-10-02","","","","","https://de.andrew.com/globalassets/digizuite/1019112-bsa-product-guide-emea-co-200332-engb.pdf","736b61a56824c7d9f9e07be0119aa31dd1b0c504060c0907b8441a37ad9a99c3","identity: PDF p. 51, exact visible linked model RRZZV4-65D-R8N43","Identity-only entry from the ANDREW EMEA selection guide. Individual product URL is observed in the PDF annotation; its current availability is not guaranteed. Numerical mechanics / RF await exact-model sheet review. Regional catalogue inclusion does not establish Australian use or current supply.","","","","","","","","https://www.andrew.com/products/base-station-antennas/antennas/itemrrzzv4-65d-r8n43/","","","","","","","","","","","","","","Unavailable","","{""front"":""Exact wind and dimension source pages are not verified."",""side"":""Exact wind and dimension source pages are not verified."",""rear"":""Exact wind and dimension source pages are not verified."",""max"":""Maximum-force direction and matching reference area are not established; no maximum coefficient is inferred.""}"
"PANEL-RECHECK-158","CommScope / ANDREW","RRZZV4-65D-R8NV1","Passive","catalogue","","","","","Exact variant not verified","","","","","","","","","","Exact variant sheet needed","","","","","","","CO-200332.2-EN.GB (08/26)","2026-10-02","","","","","https://de.andrew.com/globalassets/digizuite/1019112-bsa-product-guide-emea-co-200332-engb.pdf","736b61a56824c7d9f9e07be0119aa31dd1b0c504060c0907b8441a37ad9a99c3","identity: PDF p. 51, exact visible linked model RRZZV4-65D-R8NV1","Identity-only entry from the ANDREW EMEA selection guide. Individual product URL is observed in the PDF annotation; its current availability is not guaranteed. Numerical mechanics / RF await exact-model sheet review. Regional catalogue inclusion does not establish Australian use or current supply.","","","","","","","","https://www.andrew.com/products/base-station-antennas/antennas/itemrrzzv4-65d-r8nv1/","","","","","","","","","","","","","","Unavailable","","{""front"":""Exact wind and dimension source pages are not verified."",""side"":""Exact wind and dimension source pages are not verified."",""rear"":""Exact wind and dimension source pages are not verified."",""max"":""Maximum-force direction and matching reference area are not established; no maximum coefficient is inferred.""}"
"PANEL-RECHECK-159","CommScope / ANDREW","RRZZV4-65D-R8NV3","Passive","catalogue","","","","","Exact variant not verified","","","","","","","","","","Exact variant sheet needed","","","","","","","CO-200332.2-EN.GB (08/26)","2026-10-02","","","","","https://de.andrew.com/globalassets/digizuite/1019112-bsa-product-guide-emea-co-200332-engb.pdf","736b61a56824c7d9f9e07be0119aa31dd1b0c504060c0907b8441a37ad9a99c3","identity: PDF p. 51, exact visible linked model RRZZV4-65D-R8NV3","Identity-only entry from the ANDREW EMEA selection guide. Individual product URL is observed in the PDF annotation; its current availability is not guaranteed. Numerical mechanics / RF await exact-model sheet review. Regional catalogue inclusion does not establish Australian use or current supply.","","","","","","","","https://www.andrew.com/products/base-station-antennas/antennas/itemrrzzv4-65d-r8nv3/","","","","","","","","","","","","","","Unavailable","","{""front"":""Exact wind and dimension source pages are not verified."",""side"":""Exact wind and dimension source pages are not verified."",""rear"":""Exact wind and dimension source pages are not verified."",""max"":""Maximum-force direction and matching reference area are not established; no maximum coefficient is inferred.""}"
"PANEL-RECHECK-160","CommScope / ANDREW","EGRZV4-65D-R8N43","Passive","catalogue","","","","","Exact variant not verified","","","","","","","","","","Exact variant sheet needed","","","","","","","CO-200332.2-EN.GB (08/26)","2026-10-02","","","","","https://de.andrew.com/globalassets/digizuite/1019112-bsa-product-guide-emea-co-200332-engb.pdf","736b61a56824c7d9f9e07be0119aa31dd1b0c504060c0907b8441a37ad9a99c3","identity: PDF p. 51, exact visible linked model EGRZV4-65D-R8N43","Identity-only entry from the ANDREW EMEA selection guide. Individual product URL is observed in the PDF annotation; its current availability is not guaranteed. Numerical mechanics / RF await exact-model sheet review. Regional catalogue inclusion does not establish Australian use or current supply.","","","","","","","","https://www.andrew.com/products/base-station-antennas/antennas/itemegrzv4-65d-r8n43/","","","","","","","","","","","","","","Unavailable","","{""front"":""Exact wind and dimension source pages are not verified."",""side"":""Exact wind and dimension source pages are not verified."",""rear"":""Exact wind and dimension source pages are not verified."",""max"":""Maximum-force direction and matching reference area are not established; no maximum coefficient is inferred.""}"
"PANEL-RECHECK-161","CommScope / ANDREW","EGRZZHHTT-65BR8N43","Passive","catalogue","","","","","Exact variant not verified","","","","","","","","","","Exact variant sheet needed","","","","","","","CO-200332.2-EN.GB (08/26)","2026-10-02","","","","","https://de.andrew.com/globalassets/digizuite/1019112-bsa-product-guide-emea-co-200332-engb.pdf","736b61a56824c7d9f9e07be0119aa31dd1b0c504060c0907b8441a37ad9a99c3","identity: PDF p. 51, exact visible linked model EGRZZHHTT-65BR8N43","Identity-only entry from the ANDREW EMEA selection guide. Individual product URL is observed in the PDF annotation; its current availability is not guaranteed. Numerical mechanics / RF await exact-model sheet review. Regional catalogue inclusion does not establish Australian use or current supply.","","","","","","","","https://www.andrew.com/products/base-station-antennas/antennas/itemegrzzhhtt-65br8n43/","","","","","","","","","","","","","","Unavailable","","{""front"":""Exact wind and dimension source pages are not verified."",""side"":""Exact wind and dimension source pages are not verified."",""rear"":""Exact wind and dimension source pages are not verified."",""max"":""Maximum-force direction and matching reference area are not established; no maximum coefficient is inferred.""}"
"PANEL-RECHECK-162","CommScope / ANDREW","EGRZZHHTT-65A-R8","Passive","catalogue","","","","","Exact variant not verified","","","","","","","","","","Exact variant sheet needed","","","","","","","CO-200332.2-EN.GB (08/26)","2026-10-02","","","","","https://de.andrew.com/globalassets/digizuite/1019112-bsa-product-guide-emea-co-200332-engb.pdf","736b61a56824c7d9f9e07be0119aa31dd1b0c504060c0907b8441a37ad9a99c3","identity: PDF p. 51, exact visible linked model EGRZZHHTT-65A-R8","Identity-only entry from the ANDREW EMEA selection guide. Individual product URL is observed in the PDF annotation; its current availability is not guaranteed. Numerical mechanics / RF await exact-model sheet review. Regional catalogue inclusion does not establish Australian use or current supply.","","","","","","","","https://www.andrew.com/products/base-station-antennas/antennas/itemegrzzhhtt-65a-r8/","","","","","","","","","","","","","","Unavailable","","{""front"":""Exact wind and dimension source pages are not verified."",""side"":""Exact wind and dimension source pages are not verified."",""rear"":""Exact wind and dimension source pages are not verified."",""max"":""Maximum-force direction and matching reference area are not established; no maximum coefficient is inferred.""}"
"PANEL-RECHECK-163","CommScope / ANDREW","RRZZ-65A-R4N47G","Passive","catalogue","","","","","Exact variant not verified","","","","","","","","","","Exact variant sheet needed","","","","","","","CO-200332.2-EN.GB (08/26)","2026-10-02","","","","","https://de.andrew.com/globalassets/digizuite/1019112-bsa-product-guide-emea-co-200332-engb.pdf","736b61a56824c7d9f9e07be0119aa31dd1b0c504060c0907b8441a37ad9a99c3","identity: PDF p. 52, exact visible linked model RRZZ-65A-R4N47G","Identity-only entry from the ANDREW EMEA selection guide. Individual product URL is observed in the PDF annotation; its current availability is not guaranteed. Numerical mechanics / RF await exact-model sheet review. Regional catalogue inclusion does not establish Australian use or current supply.","","","","","","","","https://www.andrew.com/products/base-station-antennas/antennas/itemrrzz-65a-r4n47g/","","","","","","","","","","","","","","Unavailable","","{""front"":""Exact wind and dimension source pages are not verified."",""side"":""Exact wind and dimension source pages are not verified."",""rear"":""Exact wind and dimension source pages are not verified."",""max"":""Maximum-force direction and matching reference area are not established; no maximum coefficient is inferred.""}"
"PANEL-RECHECK-164","CommScope / ANDREW","RRZZ-65A-R4N47V6","Passive","catalogue","","","","","Exact variant not verified","","","","","","","","","","Exact variant sheet needed","","","","","","","CO-200332.2-EN.GB (08/26)","2026-10-02","","","","","https://de.andrew.com/globalassets/digizuite/1019112-bsa-product-guide-emea-co-200332-engb.pdf","736b61a56824c7d9f9e07be0119aa31dd1b0c504060c0907b8441a37ad9a99c3","identity: PDF p. 52, exact visible linked model RRZZ-65A-R4N47V6","Identity-only entry from the ANDREW EMEA selection guide. Individual product URL is observed in the PDF annotation; its current availability is not guaranteed. Numerical mechanics / RF await exact-model sheet review. Regional catalogue inclusion does not establish Australian use or current supply.","","","","","","","","https://www.andrew.com/products/base-station-antennas/antennas/itemrrzz-65a-r4n47v6/","","","","","","","","","","","","","","Unavailable","","{""front"":""Exact wind and dimension source pages are not verified."",""side"":""Exact wind and dimension source pages are not verified."",""rear"":""Exact wind and dimension source pages are not verified."",""max"":""Maximum-force direction and matching reference area are not established; no maximum coefficient is inferred.""}"
"PANEL-RECHECK-165","CommScope / ANDREW","RRZZ-65B-R4N47G","Passive","catalogue","","","","","Exact variant not verified","","","","","","","","","","Exact variant sheet needed","","","","","","","CO-200332.2-EN.GB (08/26)","2026-10-02","","","","","https://de.andrew.com/globalassets/digizuite/1019112-bsa-product-guide-emea-co-200332-engb.pdf","736b61a56824c7d9f9e07be0119aa31dd1b0c504060c0907b8441a37ad9a99c3","identity: PDF p. 52, exact visible linked model RRZZ-65B-R4N47G","Identity-only entry from the ANDREW EMEA selection guide. Individual product URL is observed in the PDF annotation; its current availability is not guaranteed. Numerical mechanics / RF await exact-model sheet review. Regional catalogue inclusion does not establish Australian use or current supply.","","","","","","","","https://www.andrew.com/products/base-station-antennas/antennas/itemrrzz-65b-r4n47g/","","","","","","","","","","","","","","Unavailable","","{""front"":""Exact wind and dimension source pages are not verified."",""side"":""Exact wind and dimension source pages are not verified."",""rear"":""Exact wind and dimension source pages are not verified."",""max"":""Maximum-force direction and matching reference area are not established; no maximum coefficient is inferred.""}"
"PANEL-RECHECK-166","CommScope / ANDREW","RRZZ-65B-R4N47V6","Passive","catalogue","","","","","Exact variant not verified","","","","","","","","","","Exact variant sheet needed","","","","","","","CO-200332.2-EN.GB (08/26)","2026-10-02","","","","","https://de.andrew.com/globalassets/digizuite/1019112-bsa-product-guide-emea-co-200332-engb.pdf","736b61a56824c7d9f9e07be0119aa31dd1b0c504060c0907b8441a37ad9a99c3","identity: PDF p. 52, exact visible linked model RRZZ-65B-R4N47V6","Identity-only entry from the ANDREW EMEA selection guide. Individual product URL is observed in the PDF annotation; its current availability is not guaranteed. Numerical mechanics / RF await exact-model sheet review. Regional catalogue inclusion does not establish Australian use or current supply.","","","","","","","","https://www.andrew.com/products/base-station-antennas/antennas/itemrrzz-65b-r4n47v6/","","","","","","","","","","","","","","Unavailable","","{""front"":""Exact wind and dimension source pages are not verified."",""side"":""Exact wind and dimension source pages are not verified."",""rear"":""Exact wind and dimension source pages are not verified."",""max"":""Maximum-force direction and matching reference area are not established; no maximum coefficient is inferred.""}"
"PANEL-RECHECK-167","CommScope / ANDREW","RRZZ-65D-R4N47G","Passive","catalogue","","","","","Exact variant not verified","","","","","","","","","","Exact variant sheet needed","","","","","","","CO-200332.2-EN.GB (08/26)","2026-10-02","","","","","https://de.andrew.com/globalassets/digizuite/1019112-bsa-product-guide-emea-co-200332-engb.pdf","736b61a56824c7d9f9e07be0119aa31dd1b0c504060c0907b8441a37ad9a99c3","identity: PDF p. 52, exact visible linked model RRZZ-65D-R4N47G","Identity-only entry from the ANDREW EMEA selection guide. Individual product URL is observed in the PDF annotation; its current availability is not guaranteed. Numerical mechanics / RF await exact-model sheet review. Regional catalogue inclusion does not establish Australian use or current supply.","","","","","","","","https://www.andrew.com/products/base-station-antennas/antennas/itemrrzz-65d-r4n47g/","","","","","","","","","","","","","","Unavailable","","{""front"":""Exact wind and dimension source pages are not verified."",""side"":""Exact wind and dimension source pages are not verified."",""rear"":""Exact wind and dimension source pages are not verified."",""max"":""Maximum-force direction and matching reference area are not established; no maximum coefficient is inferred.""}"
"PANEL-RECHECK-168","CommScope / ANDREW","RRZZ-65D-R4N47V6","Passive","catalogue","","","","","Exact variant not verified","","","","","","","","","","Exact variant sheet needed","","","","","","","CO-200332.2-EN.GB (08/26)","2026-10-02","","","","","https://de.andrew.com/globalassets/digizuite/1019112-bsa-product-guide-emea-co-200332-engb.pdf","736b61a56824c7d9f9e07be0119aa31dd1b0c504060c0907b8441a37ad9a99c3","identity: PDF p. 52, exact visible linked model RRZZ-65D-R4N47V6","Identity-only entry from the ANDREW EMEA selection guide. Individual product URL is observed in the PDF annotation; its current availability is not guaranteed. Numerical mechanics / RF await exact-model sheet review. Regional catalogue inclusion does not establish Australian use or current supply.","","","","","","","","https://www.andrew.com/products/base-station-antennas/antennas/itemrrzz-65d-r4n47v6/","","","","","","","","","","","","","","Unavailable","","{""front"":""Exact wind and dimension source pages are not verified."",""side"":""Exact wind and dimension source pages are not verified."",""rear"":""Exact wind and dimension source pages are not verified."",""max"":""Maximum-force direction and matching reference area are not established; no maximum coefficient is inferred.""}"
"PANEL-RECHECK-169","CommScope / ANDREW","RRV4-65B-R6N47V6","Passive","catalogue","","","","","Exact variant not verified","","","","","","","","","","Exact variant sheet needed","","","","","","","CO-200332.2-EN.GB (08/26)","2026-10-02","","","","","https://de.andrew.com/globalassets/digizuite/1019112-bsa-product-guide-emea-co-200332-engb.pdf","736b61a56824c7d9f9e07be0119aa31dd1b0c504060c0907b8441a37ad9a99c3","identity: PDF p. 53, exact visible linked model RRV4-65B-R6N47V6","Identity-only entry from the ANDREW EMEA selection guide. Individual product URL is observed in the PDF annotation; its current availability is not guaranteed. Numerical mechanics / RF await exact-model sheet review. Regional catalogue inclusion does not establish Australian use or current supply.","","","","","","","","https://www.andrew.com/products/base-station-antennas/antennas/itemrrv4-65b-r6n47v6/","","","","","","","","","","","","","","Unavailable","","{""front"":""Exact wind and dimension source pages are not verified."",""side"":""Exact wind and dimension source pages are not verified."",""rear"":""Exact wind and dimension source pages are not verified."",""max"":""Maximum-force direction and matching reference area are not established; no maximum coefficient is inferred.""}"
"PANEL-RECHECK-170","CommScope / ANDREW","RRZZVV-65A-R6N47G","Passive","catalogue","","","","","Exact variant not verified","","","","","","","","","","Exact variant sheet needed","","","","","","","CO-200332.2-EN.GB (08/26)","2026-10-02","","","","","https://de.andrew.com/globalassets/digizuite/1019112-bsa-product-guide-emea-co-200332-engb.pdf","736b61a56824c7d9f9e07be0119aa31dd1b0c504060c0907b8441a37ad9a99c3","identity: PDF p. 53, exact visible linked model RRZZVV-65A-R6N47G","Identity-only entry from the ANDREW EMEA selection guide. Individual product URL is observed in the PDF annotation; its current availability is not guaranteed. Numerical mechanics / RF await exact-model sheet review. Regional catalogue inclusion does not establish Australian use or current supply.","","","","","","","","https://www.andrew.com/products/base-station-antennas/antennas/itemrrzzvv-65a-r6n47g/","","","","","","","","","","","","","","Unavailable","","{""front"":""Exact wind and dimension source pages are not verified."",""side"":""Exact wind and dimension source pages are not verified."",""rear"":""Exact wind and dimension source pages are not verified."",""max"":""Maximum-force direction and matching reference area are not established; no maximum coefficient is inferred.""}"
"PANEL-RECHECK-171","CommScope / ANDREW","RRZZVV-65A-R6N47V6","Passive","catalogue","","","","","Exact variant not verified","","","","","","","","","","Exact variant sheet needed","","","","","","","CO-200332.2-EN.GB (08/26)","2026-10-02","","","","","https://de.andrew.com/globalassets/digizuite/1019112-bsa-product-guide-emea-co-200332-engb.pdf","736b61a56824c7d9f9e07be0119aa31dd1b0c504060c0907b8441a37ad9a99c3","identity: PDF p. 53, exact visible linked model RRZZVV-65A-R6N47V6","Identity-only entry from the ANDREW EMEA selection guide. Individual product URL is observed in the PDF annotation; its current availability is not guaranteed. Numerical mechanics / RF await exact-model sheet review. Regional catalogue inclusion does not establish Australian use or current supply.","","","","","","","","https://www.andrew.com/products/base-station-antennas/antennas/itemrrzzvv-65a-r6n47v6/","","","","","","","","","","","","","","Unavailable","","{""front"":""Exact wind and dimension source pages are not verified."",""side"":""Exact wind and dimension source pages are not verified."",""rear"":""Exact wind and dimension source pages are not verified."",""max"":""Maximum-force direction and matching reference area are not established; no maximum coefficient is inferred.""}"
"PANEL-RECHECK-172","CommScope / ANDREW","RRZZVV-65B-R6N47G","Passive","catalogue","","","","","Exact variant not verified","","","","","","","","","","Exact variant sheet needed","","","","","","","CO-200332.2-EN.GB (08/26)","2026-10-02","","","","","https://de.andrew.com/globalassets/digizuite/1019112-bsa-product-guide-emea-co-200332-engb.pdf","736b61a56824c7d9f9e07be0119aa31dd1b0c504060c0907b8441a37ad9a99c3","identity: PDF p. 53, exact visible linked model RRZZVV-65B-R6N47G","Identity-only entry from the ANDREW EMEA selection guide. Individual product URL is observed in the PDF annotation; its current availability is not guaranteed. Numerical mechanics / RF await exact-model sheet review. Regional catalogue inclusion does not establish Australian use or current supply.","","","","","","","","https://www.andrew.com/products/base-station-antennas/antennas/itemrrzzvv-65b-r6n47g/","","","","","","","","","","","","","","Unavailable","","{""front"":""Exact wind and dimension source pages are not verified."",""side"":""Exact wind and dimension source pages are not verified."",""rear"":""Exact wind and dimension source pages are not verified."",""max"":""Maximum-force direction and matching reference area are not established; no maximum coefficient is inferred.""}"
"PANEL-RECHECK-173","CommScope / ANDREW","RRZZVV-65B-R6N47V6","Passive","catalogue","","","","","Exact variant not verified","","","","","","","","","","Exact variant sheet needed","","","","","","","CO-200332.2-EN.GB (08/26)","2026-10-02","","","","","https://de.andrew.com/globalassets/digizuite/1019112-bsa-product-guide-emea-co-200332-engb.pdf","736b61a56824c7d9f9e07be0119aa31dd1b0c504060c0907b8441a37ad9a99c3","identity: PDF p. 53, exact visible linked model RRZZVV-65B-R6N47V6","Identity-only entry from the ANDREW EMEA selection guide. Individual product URL is observed in the PDF annotation; its current availability is not guaranteed. Numerical mechanics / RF await exact-model sheet review. Regional catalogue inclusion does not establish Australian use or current supply.","","","","","","","","https://www.andrew.com/products/base-station-antennas/antennas/itemrrzzvv-65b-r6n47v6/","","","","","","","","","","","","","","Unavailable","","{""front"":""Exact wind and dimension source pages are not verified."",""side"":""Exact wind and dimension source pages are not verified."",""rear"":""Exact wind and dimension source pages are not verified."",""max"":""Maximum-force direction and matching reference area are not established; no maximum coefficient is inferred.""}"
"PANEL-RECHECK-174","CommScope / ANDREW","RRZZVV-65BR6N47V6P","Passive","catalogue","","","","","Exact variant not verified","","","","","","","","","","Exact variant sheet needed","","","","","","","CO-200332.2-EN.GB (08/26)","2026-10-02","","","","","https://de.andrew.com/globalassets/digizuite/1019112-bsa-product-guide-emea-co-200332-engb.pdf","736b61a56824c7d9f9e07be0119aa31dd1b0c504060c0907b8441a37ad9a99c3","identity: PDF p. 53, exact visible linked model RRZZVV-65BR6N47V6P","Identity-only entry from the ANDREW EMEA selection guide. Individual product URL is observed in the PDF annotation; its current availability is not guaranteed. Numerical mechanics / RF await exact-model sheet review. Regional catalogue inclusion does not establish Australian use or current supply.","","","","","","","","https://www.andrew.com/products/base-station-antennas/antennas/itemrrzzvv-65br6n47v6p/","","","","","","","","","","","","","","Unavailable","","{""front"":""Exact wind and dimension source pages are not verified."",""side"":""Exact wind and dimension source pages are not verified."",""rear"":""Exact wind and dimension source pages are not verified."",""max"":""Maximum-force direction and matching reference area are not established; no maximum coefficient is inferred.""}"
"PANEL-RECHECK-175","CommScope / ANDREW","RRZZVV-65D-R6N47G","Passive","catalogue","","","","","Exact variant not verified","","","","","","","","","","Exact variant sheet needed","","","","","","","CO-200332.2-EN.GB (08/26)","2026-10-02","","","","","https://de.andrew.com/globalassets/digizuite/1019112-bsa-product-guide-emea-co-200332-engb.pdf","736b61a56824c7d9f9e07be0119aa31dd1b0c504060c0907b8441a37ad9a99c3","identity: PDF p. 53, exact visible linked model RRZZVV-65D-R6N47G","Identity-only entry from the ANDREW EMEA selection guide. Individual product URL is observed in the PDF annotation; its current availability is not guaranteed. Numerical mechanics / RF await exact-model sheet review. Regional catalogue inclusion does not establish Australian use or current supply.","","","","","","","","https://www.andrew.com/products/base-station-antennas/antennas/itemrrzzvv-65d-r6n47g/","","","","","","","","","","","","","","Unavailable","","{""front"":""Exact wind and dimension source pages are not verified."",""side"":""Exact wind and dimension source pages are not verified."",""rear"":""Exact wind and dimension source pages are not verified."",""max"":""Maximum-force direction and matching reference area are not established; no maximum coefficient is inferred.""}"
"PANEL-RECHECK-176","CommScope / ANDREW","RRZZVV-65D-R6N47V6","Passive","catalogue","","","","","Exact variant not verified","","","","","","","","","","Exact variant sheet needed","","","","","","","CO-200332.2-EN.GB (08/26)","2026-10-02","","","","","https://de.andrew.com/globalassets/digizuite/1019112-bsa-product-guide-emea-co-200332-engb.pdf","736b61a56824c7d9f9e07be0119aa31dd1b0c504060c0907b8441a37ad9a99c3","identity: PDF p. 53, exact visible linked model RRZZVV-65D-R6N47V6","Identity-only entry from the ANDREW EMEA selection guide. Individual product URL is observed in the PDF annotation; its current availability is not guaranteed. Numerical mechanics / RF await exact-model sheet review. Regional catalogue inclusion does not establish Australian use or current supply.","","","","","","","","https://www.andrew.com/products/base-station-antennas/antennas/itemrrzzvv-65d-r6n47v6/","","","","","","","","","","","","","","Unavailable","","{""front"":""Exact wind and dimension source pages are not verified."",""side"":""Exact wind and dimension source pages are not verified."",""rear"":""Exact wind and dimension source pages are not verified."",""max"":""Maximum-force direction and matching reference area are not established; no maximum coefficient is inferred.""}"
"PANEL-RECHECK-177","CommScope / ANDREW","DB654DG65A-C","Passive","catalogue","","","","","Exact variant not verified","","","","","","","","","","Exact variant sheet needed","","","","","","","CO-200332.2-EN.GB (08/26)","2026-10-02","","","","","https://de.andrew.com/globalassets/digizuite/1019112-bsa-product-guide-emea-co-200332-engb.pdf","736b61a56824c7d9f9e07be0119aa31dd1b0c504060c0907b8441a37ad9a99c3","identity: PDF p. 54, exact visible linked model DB654DG65A-C","Identity-only entry from the ANDREW EMEA selection guide. Individual product URL is observed in the PDF annotation; its current availability is not guaranteed. Numerical mechanics / RF await exact-model sheet review. Regional catalogue inclusion does not establish Australian use or current supply.","","","","","","","","https://www.andrew.com/products/base-station-antennas/antennas/itemdb654dg65a-c/","","","","","","","","","","","","","","Unavailable","","{""front"":""Exact wind and dimension source pages are not verified."",""side"":""Exact wind and dimension source pages are not verified."",""rear"":""Exact wind and dimension source pages are not verified."",""max"":""Maximum-force direction and matching reference area are not established; no maximum coefficient is inferred.""}"
"PANEL-RECHECK-178","CommScope / ANDREW","LDX-3319DS-VTM","Passive","catalogue","","","","","Exact variant not verified","","","","","","","","","","Exact variant sheet needed","","","","","","","CO-200332.2-EN.GB (08/26)","2026-10-02","","","","","https://de.andrew.com/globalassets/digizuite/1019112-bsa-product-guide-emea-co-200332-engb.pdf","736b61a56824c7d9f9e07be0119aa31dd1b0c504060c0907b8441a37ad9a99c3","identity: PDF p. 54, exact visible linked model LDX-3319DS-VTM","Identity-only entry from the ANDREW EMEA selection guide. Individual product URL is observed in the PDF annotation; its current availability is not guaranteed. Numerical mechanics / RF await exact-model sheet review. Regional catalogue inclusion does not establish Australian use or current supply.","","","","","","","","https://www.andrew.com/products/base-station-antennas/antennas/itemldx-3319ds-vtm/","","","","","","","","","","","","","","Unavailable","","{""front"":""Exact wind and dimension source pages are not verified."",""side"":""Exact wind and dimension source pages are not verified."",""rear"":""Exact wind and dimension source pages are not verified."",""max"":""Maximum-force direction and matching reference area are not established; no maximum coefficient is inferred.""}"
"PANEL-RECHECK-179","CommScope / ANDREW","RPX310B-T2H","Passive","catalogue","","","","","Exact variant not verified","","","","","","","","","","Exact variant sheet needed","","","","","","","CO-200332.2-EN.GB (08/26)","2026-10-02","","","","","https://de.andrew.com/globalassets/digizuite/1019112-bsa-product-guide-emea-co-200332-engb.pdf","736b61a56824c7d9f9e07be0119aa31dd1b0c504060c0907b8441a37ad9a99c3","identity: PDF p. 54, exact visible linked model RPX310B-T2H","Identity-only entry from the ANDREW EMEA selection guide. Individual product URL is observed in the PDF annotation; its current availability is not guaranteed. Numerical mechanics / RF await exact-model sheet review. Regional catalogue inclusion does not establish Australian use or current supply.","","","","","","","","https://www.andrew.com/products/base-station-antennas/antennas/itemrpx310b-t2h/","","","","","","","","","","","","","","Unavailable","","{""front"":""Exact wind and dimension source pages are not verified."",""side"":""Exact wind and dimension source pages are not verified."",""rear"":""Exact wind and dimension source pages are not verified."",""max"":""Maximum-force direction and matching reference area are not established; no maximum coefficient is inferred.""}"
"PANEL-RECHECK-180","CommScope / ANDREW","R-65B-R1VB01","Passive","catalogue","","","","","Exact variant not verified","","","","","","","","","","Exact variant sheet needed","","","","","","","CO-200332.2-EN.GB (08/26)","2026-10-02","","","","","https://de.andrew.com/globalassets/digizuite/1019112-bsa-product-guide-emea-co-200332-engb.pdf","736b61a56824c7d9f9e07be0119aa31dd1b0c504060c0907b8441a37ad9a99c3","identity: PDF p. 54, exact visible linked model R-65B-R1VB01","Identity-only entry from the ANDREW EMEA selection guide. Individual product URL is observed in the PDF annotation; its current availability is not guaranteed. Numerical mechanics / RF await exact-model sheet review. Regional catalogue inclusion does not establish Australian use or current supply.","","","","","","","","https://www.andrew.com/products/base-station-antennas/antennas/itemr-65b-r1vb01/","","","","","","","","","","","","","","Unavailable","","{""front"":""Exact wind and dimension source pages are not verified."",""side"":""Exact wind and dimension source pages are not verified."",""rear"":""Exact wind and dimension source pages are not verified."",""max"":""Maximum-force direction and matching reference area are not established; no maximum coefficient is inferred.""}"
"PANEL-RECHECK-181","CommScope / ANDREW","R-65C-R1VB","Passive","catalogue","","","","","Exact variant not verified","","","","","","","","","","Exact variant sheet needed","","","","","","","CO-200332.2-EN.GB (08/26)","2026-10-02","","","","","https://de.andrew.com/globalassets/digizuite/1019112-bsa-product-guide-emea-co-200332-engb.pdf","736b61a56824c7d9f9e07be0119aa31dd1b0c504060c0907b8441a37ad9a99c3","identity: PDF p. 54, exact visible linked model R-65C-R1VB","Identity-only entry from the ANDREW EMEA selection guide. Individual product URL is observed in the PDF annotation; its current availability is not guaranteed. Numerical mechanics / RF await exact-model sheet review. Regional catalogue inclusion does not establish Australian use or current supply.","","","","","","","","https://www.andrew.com/products/base-station-antennas/antennas/itemr-65c-r1vb/","","","","","","","","","","","","","","Unavailable","","{""front"":""Exact wind and dimension source pages are not verified."",""side"":""Exact wind and dimension source pages are not verified."",""rear"":""Exact wind and dimension source pages are not verified."",""max"":""Maximum-force direction and matching reference area are not established; no maximum coefficient is inferred.""}"
"PANEL-RECHECK-182","CommScope / ANDREW","R-65C-R1VB-V401","Passive","catalogue","","","","","Exact variant not verified","","","","","","","","","","Exact variant sheet needed","","","","","","","CO-200332.2-EN.GB (08/26)","2026-10-02","","","","","https://de.andrew.com/globalassets/digizuite/1019112-bsa-product-guide-emea-co-200332-engb.pdf","736b61a56824c7d9f9e07be0119aa31dd1b0c504060c0907b8441a37ad9a99c3","identity: PDF p. 54, exact visible linked model R-65C-R1VB-V401","Identity-only entry from the ANDREW EMEA selection guide. Individual product URL is observed in the PDF annotation; its current availability is not guaranteed. Numerical mechanics / RF await exact-model sheet review. Regional catalogue inclusion does not establish Australian use or current supply.","","","","","","","","https://www.andrew.com/products/base-station-antennas/antennas/itemr-65c-r1vb-v401/","","","","","","","","","","","","","","Unavailable","","{""front"":""Exact wind and dimension source pages are not verified."",""side"":""Exact wind and dimension source pages are not verified."",""rear"":""Exact wind and dimension source pages are not verified."",""max"":""Maximum-force direction and matching reference area are not established; no maximum coefficient is inferred.""}"
"PANEL-RECHECK-183","CommScope / ANDREW","RR-65B-R2","Passive","catalogue","","","","","Exact variant not verified","","","","","","","","","","Exact variant sheet needed","","","","","","","CO-200332.2-EN.GB (08/26)","2026-10-02","","","","","https://de.andrew.com/globalassets/digizuite/1019112-bsa-product-guide-emea-co-200332-engb.pdf","736b61a56824c7d9f9e07be0119aa31dd1b0c504060c0907b8441a37ad9a99c3","identity: PDF p. 55, exact visible linked model RR-65B-R2","Identity-only entry from the ANDREW EMEA selection guide. Individual product URL is observed in the PDF annotation; its current availability is not guaranteed. Numerical mechanics / RF await exact-model sheet review. Regional catalogue inclusion does not establish Australian use or current supply.","","","","","","","","https://www.andrew.com/products/base-station-antennas/antennas/itemrr-65b-r2/","","","","","","","","","","","","","","Unavailable","","{""front"":""Exact wind and dimension source pages are not verified."",""side"":""Exact wind and dimension source pages are not verified."",""rear"":""Exact wind and dimension source pages are not verified."",""max"":""Maximum-force direction and matching reference area are not established; no maximum coefficient is inferred.""}"
"PANEL-RECHECK-184","CommScope / ANDREW","RR-65A-R2VB","Passive","catalogue","","","","","Exact variant not verified","","","","","","","","","","Exact variant sheet needed","","","","","","","CO-200332.2-EN.GB (08/26)","2026-10-02","","","","","https://de.andrew.com/globalassets/digizuite/1019112-bsa-product-guide-emea-co-200332-engb.pdf","736b61a56824c7d9f9e07be0119aa31dd1b0c504060c0907b8441a37ad9a99c3","identity: PDF p. 55, exact visible linked model RR-65A-R2VB","Identity-only entry from the ANDREW EMEA selection guide. Individual product URL is observed in the PDF annotation; its current availability is not guaranteed. Numerical mechanics / RF await exact-model sheet review. Regional catalogue inclusion does not establish Australian use or current supply.","","","","","","","","https://www.andrew.com/products/base-station-antennas/antennas/itemrr-65a-r2vb/","","","","","","","","","","","","","","Unavailable","","{""front"":""Exact wind and dimension source pages are not verified."",""side"":""Exact wind and dimension source pages are not verified."",""rear"":""Exact wind and dimension source pages are not verified."",""max"":""Maximum-force direction and matching reference area are not established; no maximum coefficient is inferred.""}"
"PANEL-RECHECK-185","CommScope / ANDREW","RR-65B-R2VB01","Passive","catalogue","","","","","Exact variant not verified","","","","","","","","","","Exact variant sheet needed","","","","","","","CO-200332.2-EN.GB (08/26)","2026-10-02","","","","","https://de.andrew.com/globalassets/digizuite/1019112-bsa-product-guide-emea-co-200332-engb.pdf","736b61a56824c7d9f9e07be0119aa31dd1b0c504060c0907b8441a37ad9a99c3","identity: PDF p. 55, exact visible linked model RR-65B-R2VB01","Identity-only entry from the ANDREW EMEA selection guide. Individual product URL is observed in the PDF annotation; its current availability is not guaranteed. Numerical mechanics / RF await exact-model sheet review. Regional catalogue inclusion does not establish Australian use or current supply.","","","","","","","","https://www.andrew.com/products/base-station-antennas/antennas/itemrr-65b-r2vb01/","","","","","","","","","","","","","","Unavailable","","{""front"":""Exact wind and dimension source pages are not verified."",""side"":""Exact wind and dimension source pages are not verified."",""rear"":""Exact wind and dimension source pages are not verified."",""max"":""Maximum-force direction and matching reference area are not established; no maximum coefficient is inferred.""}"
"PANEL-RECHECK-186","CommScope / ANDREW","RR-65C-R2VB-V201","Passive","catalogue","","","","","Exact variant not verified","","","","","","","","","","Exact variant sheet needed","","","","","","","CO-200332.2-EN.GB (08/26)","2026-10-02","","","","","https://de.andrew.com/globalassets/digizuite/1019112-bsa-product-guide-emea-co-200332-engb.pdf","736b61a56824c7d9f9e07be0119aa31dd1b0c504060c0907b8441a37ad9a99c3","identity: PDF p. 55, exact visible linked model RR-65C-R2VB-V201","Identity-only entry from the ANDREW EMEA selection guide. Individual product URL is observed in the PDF annotation; its current availability is not guaranteed. Numerical mechanics / RF await exact-model sheet review. Regional catalogue inclusion does not establish Australian use or current supply.","","","","","","","","https://www.andrew.com/products/base-station-antennas/antennas/itemrr-65c-r2vb-v201/","","","","","","","","","","","","","","Unavailable","","{""front"":""Exact wind and dimension source pages are not verified."",""side"":""Exact wind and dimension source pages are not verified."",""rear"":""Exact wind and dimension source pages are not verified."",""max"":""Maximum-force direction and matching reference area are not established; no maximum coefficient is inferred.""}"
"PANEL-RECHECK-187","CommScope / ANDREW","HBX-9016DS-VTM","Passive","catalogue","","","","","Exact variant not verified","","","","","","","","","","Exact variant sheet needed","","","","","","","CO-200332.2-EN.GB (08/26)","2026-10-02","","","","","https://de.andrew.com/globalassets/digizuite/1019112-bsa-product-guide-emea-co-200332-engb.pdf","736b61a56824c7d9f9e07be0119aa31dd1b0c504060c0907b8441a37ad9a99c3","identity: PDF p. 56, exact visible linked model HBX-9016DS-VTM","Identity-only entry from the ANDREW EMEA selection guide. Individual product URL is observed in the PDF annotation; its current availability is not guaranteed. Numerical mechanics / RF await exact-model sheet review. Regional catalogue inclusion does not establish Australian use or current supply.","","","","","","","","https://www.andrew.com/products/base-station-antennas/antennas/itemhbx-9016ds-vtm/","","","","","","","","","","","","","","Unavailable","","{""front"":""Exact wind and dimension source pages are not verified."",""side"":""Exact wind and dimension source pages are not verified."",""rear"":""Exact wind and dimension source pages are not verified."",""max"":""Maximum-force direction and matching reference area are not established; no maximum coefficient is inferred.""}"
"PANEL-RECHECK-188","CommScope / ANDREW","HBXX-3319DS-VTM","Passive","catalogue","","","","","Exact variant not verified","","","","","","","","","","Exact variant sheet needed","","","","","","","CO-200332.2-EN.GB (08/26)","2026-10-02","","","","","https://de.andrew.com/globalassets/digizuite/1019112-bsa-product-guide-emea-co-200332-engb.pdf","736b61a56824c7d9f9e07be0119aa31dd1b0c504060c0907b8441a37ad9a99c3","identity: PDF p. 57, exact visible linked model HBXX-3319DS-VTM","Identity-only entry from the ANDREW EMEA selection guide. Individual product URL is observed in the PDF annotation; its current availability is not guaranteed. Numerical mechanics / RF await exact-model sheet review. Regional catalogue inclusion does not establish Australian use or current supply.","","","","","","","","https://www.andrew.com/products/base-station-antennas/antennas/itemhbxx-3319ds-vtm/","","","","","","","","","","","","","","Unavailable","","{""front"":""Exact wind and dimension source pages are not verified."",""side"":""Exact wind and dimension source pages are not verified."",""rear"":""Exact wind and dimension source pages are not verified."",""max"":""Maximum-force direction and matching reference area are not established; no maximum coefficient is inferred.""}"
"PANEL-RECHECK-189","CommScope / ANDREW","VV-65A-R2","Passive","catalogue","","","","","Exact variant not verified","","","","","","","","","","Exact variant sheet needed","","","","","","","CO-200332.2-EN.GB (08/26)","2026-10-02","","","","","https://de.andrew.com/globalassets/digizuite/1019112-bsa-product-guide-emea-co-200332-engb.pdf","736b61a56824c7d9f9e07be0119aa31dd1b0c504060c0907b8441a37ad9a99c3","identity: PDF p. 57, exact visible linked model VV-65A-R2","Identity-only entry from the ANDREW EMEA selection guide. Individual product URL is observed in the PDF annotation; its current availability is not guaranteed. Numerical mechanics / RF await exact-model sheet review. Regional catalogue inclusion does not establish Australian use or current supply.","","","","","","","","https://www.andrew.com/products/base-station-antennas/antennas/itemvv-65a-r2/","","","","","","","","","","","","","","Unavailable","","{""front"":""Exact wind and dimension source pages are not verified."",""side"":""Exact wind and dimension source pages are not verified."",""rear"":""Exact wind and dimension source pages are not verified."",""max"":""Maximum-force direction and matching reference area are not established; no maximum coefficient is inferred.""}"
"PANEL-RECHECK-190","CommScope / ANDREW","VV-65A-R2VB-V201","Passive","catalogue","","","","","Exact variant not verified","","","","","","","","","","Exact variant sheet needed","","","","","","","CO-200332.2-EN.GB (08/26)","2026-10-02","","","","","https://de.andrew.com/globalassets/digizuite/1019112-bsa-product-guide-emea-co-200332-engb.pdf","736b61a56824c7d9f9e07be0119aa31dd1b0c504060c0907b8441a37ad9a99c3","identity: PDF p. 57, exact visible linked model VV-65A-R2VB-V201","Identity-only entry from the ANDREW EMEA selection guide. Individual product URL is observed in the PDF annotation; its current availability is not guaranteed. Numerical mechanics / RF await exact-model sheet review. Regional catalogue inclusion does not establish Australian use or current supply.","","","","","","","","https://www.andrew.com/products/base-station-antennas/antennas/itemvv-65a-r2vb-v201/","","","","","","","","","","","","","","Unavailable","","{""front"":""Exact wind and dimension source pages are not verified."",""side"":""Exact wind and dimension source pages are not verified."",""rear"":""Exact wind and dimension source pages are not verified."",""max"":""Maximum-force direction and matching reference area are not established; no maximum coefficient is inferred.""}"
"PANEL-RECHECK-191","CommScope / ANDREW","RV-65S-FVB","Passive","catalogue","","","","","Exact variant not verified","","","","","","","","","","Exact variant sheet needed","","","","","","","CO-200332.2-EN.GB (08/26)","2026-10-02","","","","","https://de.andrew.com/globalassets/digizuite/1019112-bsa-product-guide-emea-co-200332-engb.pdf","736b61a56824c7d9f9e07be0119aa31dd1b0c504060c0907b8441a37ad9a99c3","identity: PDF p. 58, exact visible linked model RV-65S-FVB","Identity-only entry from the ANDREW EMEA selection guide. Individual product URL is observed in the PDF annotation; its current availability is not guaranteed. Numerical mechanics / RF await exact-model sheet review. Regional catalogue inclusion does not establish Australian use or current supply.","","","","","","","","https://www.andrew.com/products/base-station-antennas/antennas/itemrv-65s-fvb/","","","","","","","","","","","","","","Unavailable","","{""front"":""Exact wind and dimension source pages are not verified."",""side"":""Exact wind and dimension source pages are not verified."",""rear"":""Exact wind and dimension source pages are not verified."",""max"":""Maximum-force direction and matching reference area are not established; no maximum coefficient is inferred.""}"
"PANEL-RECHECK-192","CommScope / ANDREW","RVV65B-C3-3XR","Passive","catalogue","","","","","Exact variant not verified","","","","","","","","","","Exact variant sheet needed","","","","","","","CO-200332.2-EN.GB (08/26)","2026-10-02","","","","","https://de.andrew.com/globalassets/digizuite/1019112-bsa-product-guide-emea-co-200332-engb.pdf","736b61a56824c7d9f9e07be0119aa31dd1b0c504060c0907b8441a37ad9a99c3","identity: PDF p. 58, exact visible linked model RVV65B-C3-3XR","Identity-only entry from the ANDREW EMEA selection guide. Individual product URL is observed in the PDF annotation; its current availability is not guaranteed. Numerical mechanics / RF await exact-model sheet review. Regional catalogue inclusion does not establish Australian use or current supply.","","","","","","","","https://www.andrew.com/products/base-station-antennas/antennas/itemrvv65b-c3-3xr/","","","","","","","","","","","","","","Unavailable","","{""front"":""Exact wind and dimension source pages are not verified."",""side"":""Exact wind and dimension source pages are not verified."",""rear"":""Exact wind and dimension source pages are not verified."",""max"":""Maximum-force direction and matching reference area are not established; no maximum coefficient is inferred.""}"
"PANEL-RECHECK-193","CommScope / ANDREW","RZZ-65B-R3V6","Passive","catalogue","","","","","Exact variant not verified","","","","","","","","","","Exact variant sheet needed","","","","","","","CO-200332.2-EN.GB (08/26)","2026-10-02","","","","","https://de.andrew.com/globalassets/digizuite/1019112-bsa-product-guide-emea-co-200332-engb.pdf","736b61a56824c7d9f9e07be0119aa31dd1b0c504060c0907b8441a37ad9a99c3","identity: PDF p. 58, exact visible linked model RZZ-65B-R3V6","Identity-only entry from the ANDREW EMEA selection guide. Individual product URL is observed in the PDF annotation; its current availability is not guaranteed. Numerical mechanics / RF await exact-model sheet review. Regional catalogue inclusion does not establish Australian use or current supply.","","","","","","","","https://www.andrew.com/products/base-station-antennas/antennas/itemrzz-65b-r3v6/","","","","","","","","","","","","","","Unavailable","","{""front"":""Exact wind and dimension source pages are not verified."",""side"":""Exact wind and dimension source pages are not verified."",""rear"":""Exact wind and dimension source pages are not verified."",""max"":""Maximum-force direction and matching reference area are not established; no maximum coefficient is inferred.""}"
"PANEL-RECHECK-194","CommScope / ANDREW","RZZ-65B-R3V6G","Passive","catalogue","","","","","Exact variant not verified","","","","","","","","","","Exact variant sheet needed","","","","","","","CO-200332.2-EN.GB (08/26)","2026-10-02","","","","","https://de.andrew.com/globalassets/digizuite/1019112-bsa-product-guide-emea-co-200332-engb.pdf","736b61a56824c7d9f9e07be0119aa31dd1b0c504060c0907b8441a37ad9a99c3","identity: PDF p. 58, exact visible linked model RZZ-65B-R3V6G","Identity-only entry from the ANDREW EMEA selection guide. Individual product URL is observed in the PDF annotation; its current availability is not guaranteed. Numerical mechanics / RF await exact-model sheet review. Regional catalogue inclusion does not establish Australian use or current supply.","","","","","","","","https://www.andrew.com/products/base-station-antennas/antennas/itemrzz-65b-r3v6g/","","","","","","","","","","","","","","Unavailable","","{""front"":""Exact wind and dimension source pages are not verified."",""side"":""Exact wind and dimension source pages are not verified."",""rear"":""Exact wind and dimension source pages are not verified."",""max"":""Maximum-force direction and matching reference area are not established; no maximum coefficient is inferred.""}"
"PANEL-RECHECK-195","CommScope / ANDREW","RZZ-65D-R3","Passive","catalogue","","","","","Exact variant not verified","","","","","","","","","","Exact variant sheet needed","","","","","","","CO-200332.2-EN.GB (08/26)","2026-10-02","","","","","https://de.andrew.com/globalassets/digizuite/1019112-bsa-product-guide-emea-co-200332-engb.pdf","736b61a56824c7d9f9e07be0119aa31dd1b0c504060c0907b8441a37ad9a99c3","identity: PDF p. 58, exact visible linked model RZZ-65D-R3","Identity-only entry from the ANDREW EMEA selection guide. Individual product URL is observed in the PDF annotation; its current availability is not guaranteed. Numerical mechanics / RF await exact-model sheet review. Regional catalogue inclusion does not establish Australian use or current supply.","","","","","","","","https://www.andrew.com/products/base-station-antennas/antennas/itemrzz-65d-r3/","","","","","","","","","","","","","","Unavailable","","{""front"":""Exact wind and dimension source pages are not verified."",""side"":""Exact wind and dimension source pages are not verified."",""rear"":""Exact wind and dimension source pages are not verified."",""max"":""Maximum-force direction and matching reference area are not established; no maximum coefficient is inferred.""}"
"PANEL-RECHECK-196","CommScope / ANDREW","RZZ-65D-R3V6","Passive","catalogue","","","","","Exact variant not verified","","","","","","","","","","Exact variant sheet needed","","","","","","","CO-200332.2-EN.GB (08/26)","2026-10-02","","","","","https://de.andrew.com/globalassets/digizuite/1019112-bsa-product-guide-emea-co-200332-engb.pdf","736b61a56824c7d9f9e07be0119aa31dd1b0c504060c0907b8441a37ad9a99c3","identity: PDF p. 58, exact visible linked model RZZ-65D-R3V6","Identity-only entry from the ANDREW EMEA selection guide. Individual product URL is observed in the PDF annotation; its current availability is not guaranteed. Numerical mechanics / RF await exact-model sheet review. Regional catalogue inclusion does not establish Australian use or current supply.","","","","","","","","https://www.andrew.com/products/base-station-antennas/antennas/itemrzz-65d-r3v6/","","","","","","","","","","","","","","Unavailable","","{""front"":""Exact wind and dimension source pages are not verified."",""side"":""Exact wind and dimension source pages are not verified."",""rear"":""Exact wind and dimension source pages are not verified."",""max"":""Maximum-force direction and matching reference area are not established; no maximum coefficient is inferred.""}"
"PANEL-RECHECK-197","CommScope / ANDREW","RZZ-65D-R3V6G","Passive","catalogue","","","","","Exact variant not verified","","","","","","","","","","Exact variant sheet needed","","","","","","","CO-200332.2-EN.GB (08/26)","2026-10-02","","","","","https://de.andrew.com/globalassets/digizuite/1019112-bsa-product-guide-emea-co-200332-engb.pdf","736b61a56824c7d9f9e07be0119aa31dd1b0c504060c0907b8441a37ad9a99c3","identity: PDF p. 58, exact visible linked model RZZ-65D-R3V6G","Identity-only entry from the ANDREW EMEA selection guide. Individual product URL is observed in the PDF annotation; its current availability is not guaranteed. Numerical mechanics / RF await exact-model sheet review. Regional catalogue inclusion does not establish Australian use or current supply.","","","","","","","","https://www.andrew.com/products/base-station-antennas/antennas/itemrzz-65d-r3v6g/","","","","","","","","","","","","","","Unavailable","","{""front"":""Exact wind and dimension source pages are not verified."",""side"":""Exact wind and dimension source pages are not verified."",""rear"":""Exact wind and dimension source pages are not verified."",""max"":""Maximum-force direction and matching reference area are not established; no maximum coefficient is inferred.""}"
"PANEL-RECHECK-198","CommScope / ANDREW","RVV-65D-R3VB01","Passive","catalogue","","","","","Exact variant not verified","","","","","","","","","","Exact variant sheet needed","","","","","","","CO-200332.2-EN.GB (08/26)","2026-10-02","","","","","https://de.andrew.com/globalassets/digizuite/1019112-bsa-product-guide-emea-co-200332-engb.pdf","736b61a56824c7d9f9e07be0119aa31dd1b0c504060c0907b8441a37ad9a99c3","identity: PDF p. 58, exact visible linked model RVV-65D-R3VB01","Identity-only entry from the ANDREW EMEA selection guide. Individual product URL is observed in the PDF annotation; its current availability is not guaranteed. Numerical mechanics / RF await exact-model sheet review. Regional catalogue inclusion does not establish Australian use or current supply.","","","","","","","","https://www.andrew.com/products/base-station-antennas/antennas/itemrvv-65d-r3vb01/","","","","","","","","","","","","","","Unavailable","","{""front"":""Exact wind and dimension source pages are not verified."",""side"":""Exact wind and dimension source pages are not verified."",""rear"":""Exact wind and dimension source pages are not verified."",""max"":""Maximum-force direction and matching reference area are not established; no maximum coefficient is inferred.""}"
"PANEL-RECHECK-199","CommScope / ANDREW","RZV-65B-R3","Passive","catalogue","","","","","Exact variant not verified","","","","","","","","","","Exact variant sheet needed","","","","","","","CO-200332.2-EN.GB (08/26)","2026-10-02","","","","","https://de.andrew.com/globalassets/digizuite/1019112-bsa-product-guide-emea-co-200332-engb.pdf","736b61a56824c7d9f9e07be0119aa31dd1b0c504060c0907b8441a37ad9a99c3","identity: PDF p. 59, exact visible linked model RZV-65B-R3","Identity-only entry from the ANDREW EMEA selection guide. Individual product URL is observed in the PDF annotation; its current availability is not guaranteed. Numerical mechanics / RF await exact-model sheet review. Regional catalogue inclusion does not establish Australian use or current supply.","","","","","","","","https://www.andrew.com/products/base-station-antennas/antennas/itemrzv-65b-r3/","","","","","","","","","","","","","","Unavailable","","{""front"":""Exact wind and dimension source pages are not verified."",""side"":""Exact wind and dimension source pages are not verified."",""rear"":""Exact wind and dimension source pages are not verified."",""max"":""Maximum-force direction and matching reference area are not established; no maximum coefficient is inferred.""}"
"PANEL-RECHECK-200","CommScope / ANDREW","RRVV-65B-R4-V2","Passive","catalogue","","","","","Exact variant not verified","","","","","","","","","","Exact variant sheet needed","","","","","","","CO-200332.2-EN.GB (08/26)","2026-10-02","","","","","https://de.andrew.com/globalassets/digizuite/1019112-bsa-product-guide-emea-co-200332-engb.pdf","736b61a56824c7d9f9e07be0119aa31dd1b0c504060c0907b8441a37ad9a99c3","identity: PDF p. 60, exact visible linked model RRVV-65B-R4-V2","Identity-only entry from the ANDREW EMEA selection guide. Individual product URL is observed in the PDF annotation; its current availability is not guaranteed. Numerical mechanics / RF await exact-model sheet review. Regional catalogue inclusion does not establish Australian use or current supply.","","","","","","","","https://www.andrew.com/products/base-station-antennas/antennas/itemrrvv-65b-r4-v2/","","","","","","","","","","","","","","Unavailable","","{""front"":""Exact wind and dimension source pages are not verified."",""side"":""Exact wind and dimension source pages are not verified."",""rear"":""Exact wind and dimension source pages are not verified."",""max"":""Maximum-force direction and matching reference area are not established; no maximum coefficient is inferred.""}"
"PANEL-RECHECK-201","CommScope / ANDREW","RRVV-65B-R4-V4","Passive","catalogue","","","","","Exact variant not verified","","","","","","","","","","Exact variant sheet needed","","","","","","","CO-200332.2-EN.GB (08/26)","2026-10-02","","","","","https://de.andrew.com/globalassets/digizuite/1019112-bsa-product-guide-emea-co-200332-engb.pdf","736b61a56824c7d9f9e07be0119aa31dd1b0c504060c0907b8441a37ad9a99c3","identity: PDF p. 60, exact visible linked model RRVV-65B-R4-V4","Identity-only entry from the ANDREW EMEA selection guide. Individual product URL is observed in the PDF annotation; its current availability is not guaranteed. Numerical mechanics / RF await exact-model sheet review. Regional catalogue inclusion does not establish Australian use or current supply.","","","","","","","","https://www.andrew.com/products/base-station-antennas/antennas/itemrrvv-65b-r4-v4/","","","","","","","","","","","","","","Unavailable","","{""front"":""Exact wind and dimension source pages are not verified."",""side"":""Exact wind and dimension source pages are not verified."",""rear"":""Exact wind and dimension source pages are not verified."",""max"":""Maximum-force direction and matching reference area are not established; no maximum coefficient is inferred.""}"
"PANEL-RECHECK-202","CommScope / ANDREW","RRVV-65D-R4","Passive","catalogue","","","","","Exact variant not verified","","","","","","","","","","Exact variant sheet needed","","","","","","","CO-200332.2-EN.GB (08/26)","2026-10-02","","","","","https://de.andrew.com/globalassets/digizuite/1019112-bsa-product-guide-emea-co-200332-engb.pdf","736b61a56824c7d9f9e07be0119aa31dd1b0c504060c0907b8441a37ad9a99c3","identity: PDF p. 60, exact visible linked model RRVV-65D-R4","Identity-only entry from the ANDREW EMEA selection guide. Individual product URL is observed in the PDF annotation; its current availability is not guaranteed. Numerical mechanics / RF await exact-model sheet review. Regional catalogue inclusion does not establish Australian use or current supply.","","","","","","","","https://www.andrew.com/products/base-station-antennas/antennas/itemrrvv-65d-r4/","","","","","","","","","","","","","","Unavailable","","{""front"":""Exact wind and dimension source pages are not verified."",""side"":""Exact wind and dimension source pages are not verified."",""rear"":""Exact wind and dimension source pages are not verified."",""max"":""Maximum-force direction and matching reference area are not established; no maximum coefficient is inferred.""}"
"PANEL-RECHECK-203","CommScope / ANDREW","RRVV-65D-R4VB","Passive","catalogue","","","","","Exact variant not verified","","","","","","","","","","Exact variant sheet needed","","","","","","","CO-200332.2-EN.GB (08/26)","2026-10-02","","","","","https://de.andrew.com/globalassets/digizuite/1019112-bsa-product-guide-emea-co-200332-engb.pdf","736b61a56824c7d9f9e07be0119aa31dd1b0c504060c0907b8441a37ad9a99c3","identity: PDF p. 60, exact visible linked model RRVV-65D-R4VB","Identity-only entry from the ANDREW EMEA selection guide. Individual product URL is observed in the PDF annotation; its current availability is not guaranteed. Numerical mechanics / RF await exact-model sheet review. Regional catalogue inclusion does not establish Australian use or current supply.","","","","","","","","https://www.andrew.com/products/base-station-antennas/antennas/itemrrvv-65d-r4vb/","","","","","","","","","","","","","","Unavailable","","{""front"":""Exact wind and dimension source pages are not verified."",""side"":""Exact wind and dimension source pages are not verified."",""rear"":""Exact wind and dimension source pages are not verified."",""max"":""Maximum-force direction and matching reference area are not established; no maximum coefficient is inferred.""}"
"PANEL-RECHECK-204","CommScope / ANDREW","RRZZ-65A-R4","Passive","catalogue","","","","","Exact variant not verified","","","","","","","","","","Exact variant sheet needed","","","","","","","CO-200332.2-EN.GB (08/26)","2026-10-02","","","","","https://de.andrew.com/globalassets/digizuite/1019112-bsa-product-guide-emea-co-200332-engb.pdf","736b61a56824c7d9f9e07be0119aa31dd1b0c504060c0907b8441a37ad9a99c3","identity: PDF p. 60, exact visible linked model RRZZ-65A-R4","Identity-only entry from the ANDREW EMEA selection guide. Individual product URL is observed in the PDF annotation; its current availability is not guaranteed. Numerical mechanics / RF await exact-model sheet review. Regional catalogue inclusion does not establish Australian use or current supply.","","","","","","","","https://www.andrew.com/products/base-station-antennas/antennas/itemrrzz-65a-r4/","","","","","","","","","","","","","","Unavailable","","{""front"":""Exact wind and dimension source pages are not verified."",""side"":""Exact wind and dimension source pages are not verified."",""rear"":""Exact wind and dimension source pages are not verified."",""max"":""Maximum-force direction and matching reference area are not established; no maximum coefficient is inferred.""}"
"PANEL-RECHECK-205","CommScope / ANDREW","RRVV-65A-R4VB","Passive","catalogue","","","","","Exact variant not verified","","","","","","","","","","Exact variant sheet needed","","","","","","","CO-200332.2-EN.GB (08/26)","2026-10-02","","","","","https://de.andrew.com/globalassets/digizuite/1019112-bsa-product-guide-emea-co-200332-engb.pdf","736b61a56824c7d9f9e07be0119aa31dd1b0c504060c0907b8441a37ad9a99c3","identity: PDF p. 60, exact visible linked model RRVV-65A-R4VB","Identity-only entry from the ANDREW EMEA selection guide. Individual product URL is observed in the PDF annotation; its current availability is not guaranteed. Numerical mechanics / RF await exact-model sheet review. Regional catalogue inclusion does not establish Australian use or current supply.","","","","","","","","https://www.andrew.com/products/base-station-antennas/antennas/itemrrvv-65a-r4vb/","","","","","","","","","","","","","","Unavailable","","{""front"":""Exact wind and dimension source pages are not verified."",""side"":""Exact wind and dimension source pages are not verified."",""rear"":""Exact wind and dimension source pages are not verified."",""max"":""Maximum-force direction and matching reference area are not established; no maximum coefficient is inferred.""}"
"PANEL-RECHECK-206","CommScope / ANDREW","RRVV-65B-R4VB-V2","Passive","catalogue","","","","","Exact variant not verified","","","","","","","","","","Exact variant sheet needed","","","","","","","CO-200332.2-EN.GB (08/26)","2026-10-02","","","","","https://de.andrew.com/globalassets/digizuite/1019112-bsa-product-guide-emea-co-200332-engb.pdf","736b61a56824c7d9f9e07be0119aa31dd1b0c504060c0907b8441a37ad9a99c3","identity: PDF p. 60, exact visible linked model RRVV-65B-R4VB-V2","Identity-only entry from the ANDREW EMEA selection guide. Individual product URL is observed in the PDF annotation; its current availability is not guaranteed. Numerical mechanics / RF await exact-model sheet review. Regional catalogue inclusion does not establish Australian use or current supply.","","","","","","","","https://www.andrew.com/products/base-station-antennas/antennas/itemrrvv-65b-r4vb-v2/","","","","","","","","","","","","","","Unavailable","","{""front"":""Exact wind and dimension source pages are not verified."",""side"":""Exact wind and dimension source pages are not verified."",""rear"":""Exact wind and dimension source pages are not verified."",""max"":""Maximum-force direction and matching reference area are not established; no maximum coefficient is inferred.""}"
"PANEL-RECHECK-207","CommScope / ANDREW","4P-2L2M-B2","Passive","catalogue","","","","","Exact variant not verified","","","","","","","","","","Exact variant sheet needed","","","","","","","CO-200332.2-EN.GB (08/26)","2026-10-02","","","","","https://de.andrew.com/globalassets/digizuite/1019112-bsa-product-guide-emea-co-200332-engb.pdf","736b61a56824c7d9f9e07be0119aa31dd1b0c504060c0907b8441a37ad9a99c3","identity: PDF p. 60, exact visible linked model 4P-2L2M-B2","Identity-only entry from the ANDREW EMEA selection guide. Individual product URL is observed in the PDF annotation; its current availability is not guaranteed. Numerical mechanics / RF await exact-model sheet review. Regional catalogue inclusion does not establish Australian use or current supply.","","","","","","","","https://www.andrew.com/products/base-station-antennas/antennas/item4p-2l2m-b2/","","","","","","","","","","","","","","Unavailable","","{""front"":""Exact wind and dimension source pages are not verified."",""side"":""Exact wind and dimension source pages are not verified."",""rear"":""Exact wind and dimension source pages are not verified."",""max"":""Maximum-force direction and matching reference area are not established; no maximum coefficient is inferred.""}"
"PANEL-RECHECK-208","CommScope / ANDREW","EGVV65A-FL-C3-4XR","Passive","catalogue","","","","","Exact variant not verified","","","","","","","","","","Exact variant sheet needed","","","","","","","CO-200332.2-EN.GB (08/26)","2026-10-02","","","","","https://de.andrew.com/globalassets/digizuite/1019112-bsa-product-guide-emea-co-200332-engb.pdf","736b61a56824c7d9f9e07be0119aa31dd1b0c504060c0907b8441a37ad9a99c3","identity: PDF p. 60, exact visible linked model EGVV65A-FL-C3-4XR","Identity-only entry from the ANDREW EMEA selection guide. Individual product URL is observed in the PDF annotation; its current availability is not guaranteed. Numerical mechanics / RF await exact-model sheet review. Regional catalogue inclusion does not establish Australian use or current supply.","","","","","","","","https://www.andrew.com/products/base-station-antennas/antennas/itemegvv65a-fl-c3-4xr/","","","","","","","","","","","","","","Unavailable","","{""front"":""Exact wind and dimension source pages are not verified."",""side"":""Exact wind and dimension source pages are not verified."",""rear"":""Exact wind and dimension source pages are not verified."",""max"":""Maximum-force direction and matching reference area are not established; no maximum coefficient is inferred.""}"
"PANEL-RECHECK-209","CommScope / ANDREW","EGVV65B-FL-C3-4XR","Passive","catalogue","","","","","Exact variant not verified","","","","","","","","","","Exact variant sheet needed","","","","","","","CO-200332.2-EN.GB (08/26)","2026-10-02","","","","","https://de.andrew.com/globalassets/digizuite/1019112-bsa-product-guide-emea-co-200332-engb.pdf","736b61a56824c7d9f9e07be0119aa31dd1b0c504060c0907b8441a37ad9a99c3","identity: PDF p. 60, exact visible linked model EGVV65B-FL-C3-4XR","Identity-only entry from the ANDREW EMEA selection guide. Individual product URL is observed in the PDF annotation; its current availability is not guaranteed. Numerical mechanics / RF await exact-model sheet review. Regional catalogue inclusion does not establish Australian use or current supply.","","","","","","","","https://www.andrew.com/products/base-station-antennas/antennas/itemegvv65b-fl-c3-4xr/","","","","","","","","","","","","","","Unavailable","","{""front"":""Exact wind and dimension source pages are not verified."",""side"":""Exact wind and dimension source pages are not verified."",""rear"":""Exact wind and dimension source pages are not verified."",""max"":""Maximum-force direction and matching reference area are not established; no maximum coefficient is inferred.""}"
"PANEL-RECHECK-210","CommScope / ANDREW","RV3-65D-R4-V2","Passive","catalogue","","","","","Exact variant not verified","","","","","","","","","","Exact variant sheet needed","","","","","","","CO-200332.2-EN.GB (08/26)","2026-10-02","","","","","https://de.andrew.com/globalassets/digizuite/1019112-bsa-product-guide-emea-co-200332-engb.pdf","736b61a56824c7d9f9e07be0119aa31dd1b0c504060c0907b8441a37ad9a99c3","identity: PDF p. 61, exact visible linked model RV3-65D-R4-V2","Identity-only entry from the ANDREW EMEA selection guide. Individual product URL is observed in the PDF annotation; its current availability is not guaranteed. Numerical mechanics / RF await exact-model sheet review. Regional catalogue inclusion does not establish Australian use or current supply.","","","","","","","","https://www.andrew.com/products/base-station-antennas/antennas/itemrv3-65d-r4-v2/","","","","","","","","","","","","","","Unavailable","","{""front"":""Exact wind and dimension source pages are not verified."",""side"":""Exact wind and dimension source pages are not verified."",""rear"":""Exact wind and dimension source pages are not verified."",""max"":""Maximum-force direction and matching reference area are not established; no maximum coefficient is inferred.""}"
"PANEL-RECHECK-211","CommScope / ANDREW","RV3-65D-R4-V3","Passive","catalogue","","","","","Exact variant not verified","","","","","","","","","","Exact variant sheet needed","","","","","","","CO-200332.2-EN.GB (08/26)","2026-10-02","","","","","https://de.andrew.com/globalassets/digizuite/1019112-bsa-product-guide-emea-co-200332-engb.pdf","736b61a56824c7d9f9e07be0119aa31dd1b0c504060c0907b8441a37ad9a99c3","identity: PDF p. 61, exact visible linked model RV3-65D-R4-V3","Identity-only entry from the ANDREW EMEA selection guide. Individual product URL is observed in the PDF annotation; its current availability is not guaranteed. Numerical mechanics / RF await exact-model sheet review. Regional catalogue inclusion does not establish Australian use or current supply.","","","","","","","","https://www.andrew.com/products/base-station-antennas/antennas/itemrv3-65d-r4-v3/","","","","","","","","","","","","","","Unavailable","","{""front"":""Exact wind and dimension source pages are not verified."",""side"":""Exact wind and dimension source pages are not verified."",""rear"":""Exact wind and dimension source pages are not verified."",""max"":""Maximum-force direction and matching reference area are not established; no maximum coefficient is inferred.""}"
"PANEL-RECHECK-212","CommScope / ANDREW","RZVV-65A-R4-V4","Passive","catalogue","","","","","Exact variant not verified","","","","","","","","","","Exact variant sheet needed","","","","","","","CO-200332.2-EN.GB (08/26)","2026-10-02","","","","","https://de.andrew.com/globalassets/digizuite/1019112-bsa-product-guide-emea-co-200332-engb.pdf","736b61a56824c7d9f9e07be0119aa31dd1b0c504060c0907b8441a37ad9a99c3","identity: PDF p. 61, exact visible linked model RZVV-65A-R4-V4","Identity-only entry from the ANDREW EMEA selection guide. Individual product URL is observed in the PDF annotation; its current availability is not guaranteed. Numerical mechanics / RF await exact-model sheet review. Regional catalogue inclusion does not establish Australian use or current supply.","","","","","","","","https://www.andrew.com/products/base-station-antennas/antennas/itemrzvv-65a-r4-v4/","","","","","","","","","","","","","","Unavailable","","{""front"":""Exact wind and dimension source pages are not verified."",""side"":""Exact wind and dimension source pages are not verified."",""rear"":""Exact wind and dimension source pages are not verified."",""max"":""Maximum-force direction and matching reference area are not established; no maximum coefficient is inferred.""}"
"PANEL-RECHECK-213","CommScope / ANDREW","RRVV-85D-R4N43","Passive","catalogue","","","","","Exact variant not verified","","","","","","","","","","Exact variant sheet needed","","","","","","","CO-200332.2-EN.GB (08/26)","2026-10-02","","","","","https://de.andrew.com/globalassets/digizuite/1019112-bsa-product-guide-emea-co-200332-engb.pdf","736b61a56824c7d9f9e07be0119aa31dd1b0c504060c0907b8441a37ad9a99c3","identity: PDF p. 61, exact visible linked model RRVV-85D-R4N43","Identity-only entry from the ANDREW EMEA selection guide. Individual product URL is observed in the PDF annotation; its current availability is not guaranteed. Numerical mechanics / RF await exact-model sheet review. Regional catalogue inclusion does not establish Australian use or current supply.","","","","","","","","https://www.andrew.com/products/base-station-antennas/antennas/itemrrvv-85d-r4n43/","","","","","","","","","","","","","","Unavailable","","{""front"":""Exact wind and dimension source pages are not verified."",""side"":""Exact wind and dimension source pages are not verified."",""rear"":""Exact wind and dimension source pages are not verified."",""max"":""Maximum-force direction and matching reference area are not established; no maximum coefficient is inferred.""}"
"PANEL-RECHECK-214","CommScope / ANDREW","RHHTT-65A-R4-V2","Passive","catalogue","","","","","Exact variant not verified","","","","","","","","","","Exact variant sheet needed","","","","","","","CO-200332.2-EN.GB (08/26)","2026-10-02","","","","","https://de.andrew.com/globalassets/digizuite/1019112-bsa-product-guide-emea-co-200332-engb.pdf","736b61a56824c7d9f9e07be0119aa31dd1b0c504060c0907b8441a37ad9a99c3","identity: PDF p. 62, exact visible linked model RHHTT-65A-R4-V2","Identity-only entry from the ANDREW EMEA selection guide. Individual product URL is observed in the PDF annotation; its current availability is not guaranteed. Numerical mechanics / RF await exact-model sheet review. Regional catalogue inclusion does not establish Australian use or current supply.","","","","","","","","https://www.andrew.com/products/base-station-antennas/antennas/itemrhhtt-65a-r4-v2/","","","","","","","","","","","","","","Unavailable","","{""front"":""Exact wind and dimension source pages are not verified."",""side"":""Exact wind and dimension source pages are not verified."",""rear"":""Exact wind and dimension source pages are not verified."",""max"":""Maximum-force direction and matching reference area are not established; no maximum coefficient is inferred.""}"
"PANEL-RECHECK-215","CommScope / ANDREW","10P-4L6M-D5-V2","Passive","catalogue","","","","","Exact variant not verified","","","","","","","","","","Exact variant sheet needed","","","","","","","CO-200332.2-EN.GB (08/26)","2026-10-02","","","","","https://de.andrew.com/globalassets/digizuite/1019112-bsa-product-guide-emea-co-200332-engb.pdf","736b61a56824c7d9f9e07be0119aa31dd1b0c504060c0907b8441a37ad9a99c3","identity: PDF p. 62, exact visible linked model 10P-4L6M-D5-V2","Identity-only entry from the ANDREW EMEA selection guide. Individual product URL is observed in the PDF annotation; its current availability is not guaranteed. Numerical mechanics / RF await exact-model sheet review. Regional catalogue inclusion does not establish Australian use or current supply.","","","","","","","","https://www.andrew.com/products/base-station-antennas/antennas/item10p-4l6m-d5-v2/","","","","","","","","","","","","","","Unavailable","","{""front"":""Exact wind and dimension source pages are not verified."",""side"":""Exact wind and dimension source pages are not verified."",""rear"":""Exact wind and dimension source pages are not verified."",""max"":""Maximum-force direction and matching reference area are not established; no maximum coefficient is inferred.""}"
"PANEL-RECHECK-216","CommScope / ANDREW","KZZVV-65D-R5","Passive","catalogue","","","","","Exact variant not verified","","","","","","","","","","Exact variant sheet needed","","","","","","","CO-200332.2-EN.GB (08/26)","2026-10-02","","","","","https://de.andrew.com/globalassets/digizuite/1019112-bsa-product-guide-emea-co-200332-engb.pdf","736b61a56824c7d9f9e07be0119aa31dd1b0c504060c0907b8441a37ad9a99c3","identity: PDF p. 62, exact visible linked model KZZVV-65D-R5","Identity-only entry from the ANDREW EMEA selection guide. Individual product URL is observed in the PDF annotation; its current availability is not guaranteed. Numerical mechanics / RF await exact-model sheet review. Regional catalogue inclusion does not establish Australian use or current supply.","","","","","","","","https://www.andrew.com/products/base-station-antennas/antennas/itemkzzvv-65d-r5/","","","","","","","","","","","","","","Unavailable","","{""front"":""Exact wind and dimension source pages are not verified."",""side"":""Exact wind and dimension source pages are not verified."",""rear"":""Exact wind and dimension source pages are not verified."",""max"":""Maximum-force direction and matching reference area are not established; no maximum coefficient is inferred.""}"
"PANEL-RECHECK-217","CommScope / ANDREW","RV4PX306R","Passive","catalogue","","","","","Exact variant not verified","","","","","","","","","","Exact variant sheet needed","","","","","","","CO-200332.2-EN.GB (08/26)","2026-10-02","","","","","https://de.andrew.com/globalassets/digizuite/1019112-bsa-product-guide-emea-co-200332-engb.pdf","736b61a56824c7d9f9e07be0119aa31dd1b0c504060c0907b8441a37ad9a99c3","identity: PDF p. 62, exact visible linked model RV4PX306R","Identity-only entry from the ANDREW EMEA selection guide. Individual product URL is observed in the PDF annotation; its current availability is not guaranteed. Numerical mechanics / RF await exact-model sheet review. Regional catalogue inclusion does not establish Australian use or current supply.","","","","","","","","https://www.andrew.com/products/base-station-antennas/antennas/itemrv4px306r/","","","","","","","","","","","","","","Unavailable","","{""front"":""Exact wind and dimension source pages are not verified."",""side"":""Exact wind and dimension source pages are not verified."",""rear"":""Exact wind and dimension source pages are not verified."",""max"":""Maximum-force direction and matching reference area are not established; no maximum coefficient is inferred.""}"
"PANEL-RECHECK-218","CommScope / ANDREW","RRV3-65D-R5","Passive","catalogue","","","","","Exact variant not verified","","","","","","","","","","Exact variant sheet needed","","","","","","","CO-200332.2-EN.GB (08/26)","2026-10-02","","","","","https://de.andrew.com/globalassets/digizuite/1019112-bsa-product-guide-emea-co-200332-engb.pdf","736b61a56824c7d9f9e07be0119aa31dd1b0c504060c0907b8441a37ad9a99c3","identity: PDF p. 63, exact visible linked model RRV3-65D-R5","Identity-only entry from the ANDREW EMEA selection guide. Individual product URL is observed in the PDF annotation; its current availability is not guaranteed. Numerical mechanics / RF await exact-model sheet review. Regional catalogue inclusion does not establish Australian use or current supply.","","","","","","","","https://www.andrew.com/products/base-station-antennas/antennas/itemrrv3-65d-r5/","","","","","","","","","","","","","","Unavailable","","{""front"":""Exact wind and dimension source pages are not verified."",""side"":""Exact wind and dimension source pages are not verified."",""rear"":""Exact wind and dimension source pages are not verified."",""max"":""Maximum-force direction and matching reference area are not established; no maximum coefficient is inferred.""}"
"PANEL-RECHECK-219","CommScope / ANDREW","EGV4-65D-R6","Passive","catalogue","","","","","Exact variant not verified","","","","","","","","","","Exact variant sheet needed","","","","","","","CO-200332.2-EN.GB (08/26)","2026-10-02","","","","","https://de.andrew.com/globalassets/digizuite/1019112-bsa-product-guide-emea-co-200332-engb.pdf","736b61a56824c7d9f9e07be0119aa31dd1b0c504060c0907b8441a37ad9a99c3","identity: PDF p. 64, exact visible linked model EGV4-65D-R6","Identity-only entry from the ANDREW EMEA selection guide. Individual product URL is observed in the PDF annotation; its current availability is not guaranteed. Numerical mechanics / RF await exact-model sheet review. Regional catalogue inclusion does not establish Australian use or current supply.","","","","","","","","https://www.andrew.com/products/base-station-antennas/antennas/itemegv4-65d-r6/","","","","","","","","","","","","","","Unavailable","","{""front"":""Exact wind and dimension source pages are not verified."",""side"":""Exact wind and dimension source pages are not verified."",""rear"":""Exact wind and dimension source pages are not verified."",""max"":""Maximum-force direction and matching reference area are not established; no maximum coefficient is inferred.""}"
"PANEL-RECHECK-220","CommScope / ANDREW","RRV4-85B-R6","Passive","catalogue","","","","","Exact variant not verified","","","","","","","","","","Exact variant sheet needed","","","","","","","CO-200332.2-EN.GB (08/26)","2026-10-02","","","","","https://de.andrew.com/globalassets/digizuite/1019112-bsa-product-guide-emea-co-200332-engb.pdf","736b61a56824c7d9f9e07be0119aa31dd1b0c504060c0907b8441a37ad9a99c3","identity: PDF p. 64, exact visible linked model RRV4-85B-R6","Identity-only entry from the ANDREW EMEA selection guide. Individual product URL is observed in the PDF annotation; its current availability is not guaranteed. Numerical mechanics / RF await exact-model sheet review. Regional catalogue inclusion does not establish Australian use or current supply.","","","","","","","","https://www.andrew.com/products/base-station-antennas/antennas/itemrrv4-85b-r6/","","","","","","","","","","","","","","Unavailable","","{""front"":""Exact wind and dimension source pages are not verified."",""side"":""Exact wind and dimension source pages are not verified."",""rear"":""Exact wind and dimension source pages are not verified."",""max"":""Maximum-force direction and matching reference area are not established; no maximum coefficient is inferred.""}"
"PANEL-RECHECK-221","CommScope / ANDREW","RRV4-65D-R6-V3","Passive","catalogue","","","","","Exact variant not verified","","","","","","","","","","Exact variant sheet needed","","","","","","","CO-200332.2-EN.GB (08/26)","2026-10-02","","","","","https://de.andrew.com/globalassets/digizuite/1019112-bsa-product-guide-emea-co-200332-engb.pdf","736b61a56824c7d9f9e07be0119aa31dd1b0c504060c0907b8441a37ad9a99c3","identity: PDF p. 64, exact visible linked model RRV4-65D-R6-V3","Identity-only entry from the ANDREW EMEA selection guide. Individual product URL is observed in the PDF annotation; its current availability is not guaranteed. Numerical mechanics / RF await exact-model sheet review. Regional catalogue inclusion does not establish Australian use or current supply.","","","","","","","","https://www.andrew.com/products/base-station-antennas/antennas/itemrrv4-65d-r6-v3/","","","","","","","","","","","","","","Unavailable","","{""front"":""Exact wind and dimension source pages are not verified."",""side"":""Exact wind and dimension source pages are not verified."",""rear"":""Exact wind and dimension source pages are not verified."",""max"":""Maximum-force direction and matching reference area are not established; no maximum coefficient is inferred.""}"
"PANEL-RECHECK-222","CommScope / ANDREW","RRV4-65B-R6","Passive","catalogue","","","","","Exact variant not verified","","","","","","","","","","Exact variant sheet needed","","","","","","","CO-200332.2-EN.GB (08/26)","2026-10-02","","","","","https://de.andrew.com/globalassets/digizuite/1019112-bsa-product-guide-emea-co-200332-engb.pdf","736b61a56824c7d9f9e07be0119aa31dd1b0c504060c0907b8441a37ad9a99c3","identity: PDF p. 64, exact visible linked model RRV4-65B-R6","Identity-only entry from the ANDREW EMEA selection guide. Individual product URL is observed in the PDF annotation; its current availability is not guaranteed. Numerical mechanics / RF await exact-model sheet review. Regional catalogue inclusion does not establish Australian use or current supply.","","","","","","","","https://www.andrew.com/products/base-station-antennas/antennas/itemrrv4-65b-r6/","","","","","","","","","","","","","","Unavailable","","{""front"":""Exact wind and dimension source pages are not verified."",""side"":""Exact wind and dimension source pages are not verified."",""rear"":""Exact wind and dimension source pages are not verified."",""max"":""Maximum-force direction and matching reference area are not established; no maximum coefficient is inferred.""}"
"PANEL-RECHECK-223","CommScope / ANDREW","RRV4-65C-R6","Passive","catalogue","","","","","Exact variant not verified","","","","","","","","","","Exact variant sheet needed","","","","","","","CO-200332.2-EN.GB (08/26)","2026-10-02","","","","","https://de.andrew.com/globalassets/digizuite/1019112-bsa-product-guide-emea-co-200332-engb.pdf","736b61a56824c7d9f9e07be0119aa31dd1b0c504060c0907b8441a37ad9a99c3","identity: PDF p. 64, exact visible linked model RRV4-65C-R6","Identity-only entry from the ANDREW EMEA selection guide. Individual product URL is observed in the PDF annotation; its current availability is not guaranteed. Numerical mechanics / RF await exact-model sheet review. Regional catalogue inclusion does not establish Australian use or current supply.","","","","","","","","https://www.andrew.com/products/base-station-antennas/antennas/itemrrv4-65c-r6/","","","","","","","","","","","","","","Unavailable","","{""front"":""Exact wind and dimension source pages are not verified."",""side"":""Exact wind and dimension source pages are not verified."",""rear"":""Exact wind and dimension source pages are not verified."",""max"":""Maximum-force direction and matching reference area are not established; no maximum coefficient is inferred.""}"
"PANEL-RECHECK-224","CommScope / ANDREW","RRV4-65B-R6H4","Passive","catalogue","","","","","Exact variant not verified","","","","","","","","","","Exact variant sheet needed","","","","","","","CO-200332.2-EN.GB (08/26)","2026-10-02","","","","","https://de.andrew.com/globalassets/digizuite/1019112-bsa-product-guide-emea-co-200332-engb.pdf","736b61a56824c7d9f9e07be0119aa31dd1b0c504060c0907b8441a37ad9a99c3","identity: PDF p. 64, exact visible linked model RRV4-65B-R6H4","Identity-only entry from the ANDREW EMEA selection guide. Individual product URL is observed in the PDF annotation; its current availability is not guaranteed. Numerical mechanics / RF await exact-model sheet review. Regional catalogue inclusion does not establish Australian use or current supply.","","","","","","","","https://www.andrew.com/products/base-station-antennas/antennas/itemrrv4-65b-r6h4/","","","","","","","","","","","","","","Unavailable","","{""front"":""Exact wind and dimension source pages are not verified."",""side"":""Exact wind and dimension source pages are not verified."",""rear"":""Exact wind and dimension source pages are not verified."",""max"":""Maximum-force direction and matching reference area are not established; no maximum coefficient is inferred.""}"
"PANEL-RECHECK-225","CommScope / ANDREW","RRZZVV-65B-R6H4","Passive","catalogue","","","","","Exact variant not verified","","","","","","","","","","Exact variant sheet needed","","","","","","","CO-200332.2-EN.GB (08/26)","2026-10-02","","","","","https://de.andrew.com/globalassets/digizuite/1019112-bsa-product-guide-emea-co-200332-engb.pdf","736b61a56824c7d9f9e07be0119aa31dd1b0c504060c0907b8441a37ad9a99c3","identity: PDF p. 64, exact visible linked model RRZZVV-65B-R6H4","Identity-only entry from the ANDREW EMEA selection guide. Individual product URL is observed in the PDF annotation; its current availability is not guaranteed. Numerical mechanics / RF await exact-model sheet review. Regional catalogue inclusion does not establish Australian use or current supply.","","","","","","","","https://www.andrew.com/products/base-station-antennas/antennas/itemrrzzvv-65b-r6h4/","","","","","","","","","","","","","","Unavailable","","{""front"":""Exact wind and dimension source pages are not verified."",""side"":""Exact wind and dimension source pages are not verified."",""rear"":""Exact wind and dimension source pages are not verified."",""max"":""Maximum-force direction and matching reference area are not established; no maximum coefficient is inferred.""}"
"PANEL-RECHECK-226","CommScope / ANDREW","RRV4-6585B-R6H4","Passive","catalogue","","","","","Exact variant not verified","","","","","","","","","","Exact variant sheet needed","","","","","","","CO-200332.2-EN.GB (08/26)","2026-10-02","","","","","https://de.andrew.com/globalassets/digizuite/1019112-bsa-product-guide-emea-co-200332-engb.pdf","736b61a56824c7d9f9e07be0119aa31dd1b0c504060c0907b8441a37ad9a99c3","identity: PDF p. 64, exact visible linked model RRV4-6585B-R6H4","Identity-only entry from the ANDREW EMEA selection guide. Individual product URL is observed in the PDF annotation; its current availability is not guaranteed. Numerical mechanics / RF await exact-model sheet review. Regional catalogue inclusion does not establish Australian use or current supply.","","","","","","","","https://www.andrew.com/products/base-station-antennas/antennas/itemrrv4-6585b-r6h4/","","","","","","","","","","","","","","Unavailable","","{""front"":""Exact wind and dimension source pages are not verified."",""side"":""Exact wind and dimension source pages are not verified."",""rear"":""Exact wind and dimension source pages are not verified."",""max"":""Maximum-force direction and matching reference area are not established; no maximum coefficient is inferred.""}"
"PANEL-RECHECK-227","CommScope / ANDREW","RRV4-65B-R6-PS","Passive","catalogue","","","","","Exact variant not verified","","","","","","","","","","Exact variant sheet needed","","","","","","","CO-200332.2-EN.GB (08/26)","2026-10-02","","","","","https://de.andrew.com/globalassets/digizuite/1019112-bsa-product-guide-emea-co-200332-engb.pdf","736b61a56824c7d9f9e07be0119aa31dd1b0c504060c0907b8441a37ad9a99c3","identity: PDF p. 64, exact visible linked model RRV4-65B-R6-PS","Identity-only entry from the ANDREW EMEA selection guide. Individual product URL is observed in the PDF annotation; its current availability is not guaranteed. Numerical mechanics / RF await exact-model sheet review. Regional catalogue inclusion does not establish Australian use or current supply.","","","","","","","","https://www.andrew.com/products/base-station-antennas/antennas/itemrrv4-65b-r6-ps/","","","","","","","","","","","","","","Unavailable","","{""front"":""Exact wind and dimension source pages are not verified."",""side"":""Exact wind and dimension source pages are not verified."",""rear"":""Exact wind and dimension source pages are not verified."",""max"":""Maximum-force direction and matching reference area are not established; no maximum coefficient is inferred.""}"
"PANEL-RECHECK-228","CommScope / ANDREW","RRV4-65D-R6VB-V6","Passive","catalogue","","","","","Exact variant not verified","","","","","","","","","","Exact variant sheet needed","","","","","","","CO-200332.2-EN.GB (08/26)","2026-10-02","","","","","https://de.andrew.com/globalassets/digizuite/1019112-bsa-product-guide-emea-co-200332-engb.pdf","736b61a56824c7d9f9e07be0119aa31dd1b0c504060c0907b8441a37ad9a99c3","identity: PDF p. 65, exact visible linked model RRV4-65D-R6VB-V6","Identity-only entry from the ANDREW EMEA selection guide. Individual product URL is observed in the PDF annotation; its current availability is not guaranteed. Numerical mechanics / RF await exact-model sheet review. Regional catalogue inclusion does not establish Australian use or current supply.","","","","","","","","https://www.andrew.com/products/base-station-antennas/antennas/itemrrv4-65d-r6vb-v6/","","","","","","","","","","","","","","Unavailable","","{""front"":""Exact wind and dimension source pages are not verified."",""side"":""Exact wind and dimension source pages are not verified."",""rear"":""Exact wind and dimension source pages are not verified."",""max"":""Maximum-force direction and matching reference area are not established; no maximum coefficient is inferred.""}"
"PANEL-RECHECK-229","CommScope / ANDREW","RRV4-65B-R6VB","Passive","catalogue","","","","","Exact variant not verified","","","","","","","","","","Exact variant sheet needed","","","","","","","CO-200332.2-EN.GB (08/26)","2026-10-02","","","","","https://de.andrew.com/globalassets/digizuite/1019112-bsa-product-guide-emea-co-200332-engb.pdf","736b61a56824c7d9f9e07be0119aa31dd1b0c504060c0907b8441a37ad9a99c3","identity: PDF p. 65, exact visible linked model RRV4-65B-R6VB","Identity-only entry from the ANDREW EMEA selection guide. Individual product URL is observed in the PDF annotation; its current availability is not guaranteed. Numerical mechanics / RF await exact-model sheet review. Regional catalogue inclusion does not establish Australian use or current supply.","","","","","","","","https://www.andrew.com/products/base-station-antennas/antennas/itemrrv4-65b-r6vb/","","","","","","","","","","","","","","Unavailable","","{""front"":""Exact wind and dimension source pages are not verified."",""side"":""Exact wind and dimension source pages are not verified."",""rear"":""Exact wind and dimension source pages are not verified."",""max"":""Maximum-force direction and matching reference area are not established; no maximum coefficient is inferred.""}"
"PANEL-RECHECK-230","CommScope / ANDREW","RRV4-65B-R6H4VB","Passive","catalogue","","","","","Exact variant not verified","","","","","","","","","","Exact variant sheet needed","","","","","","","CO-200332.2-EN.GB (08/26)","2026-10-02","","","","","https://de.andrew.com/globalassets/digizuite/1019112-bsa-product-guide-emea-co-200332-engb.pdf","736b61a56824c7d9f9e07be0119aa31dd1b0c504060c0907b8441a37ad9a99c3","identity: PDF p. 65, exact visible linked model RRV4-65B-R6H4VB","Identity-only entry from the ANDREW EMEA selection guide. Individual product URL is observed in the PDF annotation; its current availability is not guaranteed. Numerical mechanics / RF await exact-model sheet review. Regional catalogue inclusion does not establish Australian use or current supply.","","","","","","","","https://www.andrew.com/products/base-station-antennas/antennas/itemrrv4-65b-r6h4vb/","","","","","","","","","","","","","","Unavailable","","{""front"":""Exact wind and dimension source pages are not verified."",""side"":""Exact wind and dimension source pages are not verified."",""rear"":""Exact wind and dimension source pages are not verified."",""max"":""Maximum-force direction and matching reference area are not established; no maximum coefficient is inferred.""}"
"PANEL-RECHECK-231","CommScope / ANDREW","RRV4-65D-R6H4VB-V3","Passive","catalogue","","","","","Exact variant not verified","","","","","","","","","","Exact variant sheet needed","","","","","","","CO-200332.2-EN.GB (08/26)","2026-10-02","","","","","https://de.andrew.com/globalassets/digizuite/1019112-bsa-product-guide-emea-co-200332-engb.pdf","736b61a56824c7d9f9e07be0119aa31dd1b0c504060c0907b8441a37ad9a99c3","identity: PDF p. 65, exact visible linked model RRV4-65D-R6H4VB-V3","Identity-only entry from the ANDREW EMEA selection guide. Individual product URL is observed in the PDF annotation; its current availability is not guaranteed. Numerical mechanics / RF await exact-model sheet review. Regional catalogue inclusion does not establish Australian use or current supply.","","","","","","","","https://www.andrew.com/products/base-station-antennas/antennas/itemrrv4-65d-r6h4vb-v3/","","","","","","","","","","","","","","Unavailable","","{""front"":""Exact wind and dimension source pages are not verified."",""side"":""Exact wind and dimension source pages are not verified."",""rear"":""Exact wind and dimension source pages are not verified."",""max"":""Maximum-force direction and matching reference area are not established; no maximum coefficient is inferred.""}"
"PANEL-RECHECK-232","CommScope / ANDREW","EGYHHTT-65A-R6","Passive","catalogue","","","","","Exact variant not verified","","","","","","","","","","Exact variant sheet needed","","","","","","","CO-200332.2-EN.GB (08/26)","2026-10-02","","","","","https://de.andrew.com/globalassets/digizuite/1019112-bsa-product-guide-emea-co-200332-engb.pdf","736b61a56824c7d9f9e07be0119aa31dd1b0c504060c0907b8441a37ad9a99c3","identity: PDF p. 66, exact visible linked model EGYHHTT-65A-R6","Identity-only entry from the ANDREW EMEA selection guide. Individual product URL is observed in the PDF annotation; its current availability is not guaranteed. Numerical mechanics / RF await exact-model sheet review. Regional catalogue inclusion does not establish Australian use or current supply.","","","","","","","","https://www.andrew.com/products/base-station-antennas/antennas/itemegyhhtt-65a-r6/","","","","","","","","","","","","","","Unavailable","","{""front"":""Exact wind and dimension source pages are not verified."",""side"":""Exact wind and dimension source pages are not verified."",""rear"":""Exact wind and dimension source pages are not verified."",""max"":""Maximum-force direction and matching reference area are not established; no maximum coefficient is inferred.""}"
"PANEL-RECHECK-233","CommScope / ANDREW","EGYHHTT-65B-R6","Passive","catalogue","","","","","Exact variant not verified","","","","","","","","","","Exact variant sheet needed","","","","","","","CO-200332.2-EN.GB (08/26)","2026-10-02","","","","","https://de.andrew.com/globalassets/digizuite/1019112-bsa-product-guide-emea-co-200332-engb.pdf","736b61a56824c7d9f9e07be0119aa31dd1b0c504060c0907b8441a37ad9a99c3","identity: PDF p. 66, exact visible linked model EGYHHTT-65B-R6","Identity-only entry from the ANDREW EMEA selection guide. Individual product URL is observed in the PDF annotation; its current availability is not guaranteed. Numerical mechanics / RF await exact-model sheet review. Regional catalogue inclusion does not establish Australian use or current supply.","","","","","","","","https://www.andrew.com/products/base-station-antennas/antennas/itemegyhhtt-65b-r6/","","","","","","","","","","","","","","Unavailable","","{""front"":""Exact wind and dimension source pages are not verified."",""side"":""Exact wind and dimension source pages are not verified."",""rear"":""Exact wind and dimension source pages are not verified."",""max"":""Maximum-force direction and matching reference area are not established; no maximum coefficient is inferred.""}"
"PANEL-RECHECK-234","CommScope / ANDREW","EGZHHTT-65B-R6","Passive","catalogue","","","","","Exact variant not verified","","","","","","","","","","Exact variant sheet needed","","","","","","","CO-200332.2-EN.GB (08/26)","2026-10-02","","","","","https://de.andrew.com/globalassets/digizuite/1019112-bsa-product-guide-emea-co-200332-engb.pdf","736b61a56824c7d9f9e07be0119aa31dd1b0c504060c0907b8441a37ad9a99c3","identity: PDF p. 66, exact visible linked model EGZHHTT-65B-R6","Identity-only entry from the ANDREW EMEA selection guide. Individual product URL is observed in the PDF annotation; its current availability is not guaranteed. Numerical mechanics / RF await exact-model sheet review. Regional catalogue inclusion does not establish Australian use or current supply.","","","","","","","","https://www.andrew.com/products/base-station-antennas/antennas/itemegzhhtt-65b-r6/","","","","","","","","","","","","","","Unavailable","","{""front"":""Exact wind and dimension source pages are not verified."",""side"":""Exact wind and dimension source pages are not verified."",""rear"":""Exact wind and dimension source pages are not verified."",""max"":""Maximum-force direction and matching reference area are not established; no maximum coefficient is inferred.""}"
"PANEL-RECHECK-235","CommScope / ANDREW","EGRV4-65D-R6","Passive","catalogue","","","","","Exact variant not verified","","","","","","","","","","Exact variant sheet needed","","","","","","","CO-200332.2-EN.GB (08/26)","2026-10-02","","","","","https://de.andrew.com/globalassets/digizuite/1019112-bsa-product-guide-emea-co-200332-engb.pdf","736b61a56824c7d9f9e07be0119aa31dd1b0c504060c0907b8441a37ad9a99c3","identity: PDF p. 66, exact visible linked model EGRV4-65D-R6","Identity-only entry from the ANDREW EMEA selection guide. Individual product URL is observed in the PDF annotation; its current availability is not guaranteed. Numerical mechanics / RF await exact-model sheet review. Regional catalogue inclusion does not establish Australian use or current supply.","","","","","","","","https://www.andrew.com/products/base-station-antennas/antennas/itemegrv4-65d-r6/","","","","","","","","","","","","","","Unavailable","","{""front"":""Exact wind and dimension source pages are not verified."",""side"":""Exact wind and dimension source pages are not verified."",""rear"":""Exact wind and dimension source pages are not verified."",""max"":""Maximum-force direction and matching reference area are not established; no maximum coefficient is inferred.""}"
"PANEL-RECHECK-236","CommScope / ANDREW","EGRV4-65B-R7H4","Passive","catalogue","","","","","Exact variant not verified","","","","","","","","","","Exact variant sheet needed","","","","","","","CO-200332.2-EN.GB (08/26)","2026-10-02","","","","","https://de.andrew.com/globalassets/digizuite/1019112-bsa-product-guide-emea-co-200332-engb.pdf","736b61a56824c7d9f9e07be0119aa31dd1b0c504060c0907b8441a37ad9a99c3","identity: PDF p. 66, exact visible linked model EGRV4-65B-R7H4","Identity-only entry from the ANDREW EMEA selection guide. Individual product URL is observed in the PDF annotation; its current availability is not guaranteed. Numerical mechanics / RF await exact-model sheet review. Regional catalogue inclusion does not establish Australian use or current supply.","","","","","","","","https://www.andrew.com/products/base-station-antennas/antennas/itemegrv4-65b-r7h4/","","","","","","","","","","","","","","Unavailable","","{""front"":""Exact wind and dimension source pages are not verified."",""side"":""Exact wind and dimension source pages are not verified."",""rear"":""Exact wind and dimension source pages are not verified."",""max"":""Maximum-force direction and matching reference area are not established; no maximum coefficient is inferred.""}"
"PANEL-RECHECK-237","CommScope / ANDREW","RRZZHHTT-65A-R6H4","Passive","catalogue","","","","","Exact variant not verified","","","","","","","","","","Exact variant sheet needed","","","","","","","CO-200332.2-EN.GB (08/26)","2026-10-02","","","","","https://de.andrew.com/globalassets/digizuite/1019112-bsa-product-guide-emea-co-200332-engb.pdf","736b61a56824c7d9f9e07be0119aa31dd1b0c504060c0907b8441a37ad9a99c3","identity: PDF p. 67, exact visible linked model RRZZHHTT-65A-R6H4","Identity-only entry from the ANDREW EMEA selection guide. Individual product URL is observed in the PDF annotation; its current availability is not guaranteed. Numerical mechanics / RF await exact-model sheet review. Regional catalogue inclusion does not establish Australian use or current supply.","","","","","","","","https://www.andrew.com/products/base-station-antennas/antennas/itemrrzzhhtt-65a-r6h4/","","","","","","","","","","","","","","Unavailable","","{""front"":""Exact wind and dimension source pages are not verified."",""side"":""Exact wind and dimension source pages are not verified."",""rear"":""Exact wind and dimension source pages are not verified."",""max"":""Maximum-force direction and matching reference area are not established; no maximum coefficient is inferred.""}"
"PANEL-RECHECK-238","CommScope / ANDREW","RRZZHHTT-65B-R6H4","Passive","catalogue","","","","","Exact variant not verified","","","","","","","","","","Exact variant sheet needed","","","","","","","CO-200332.2-EN.GB (08/26)","2026-10-02","","","","","https://de.andrew.com/globalassets/digizuite/1019112-bsa-product-guide-emea-co-200332-engb.pdf","736b61a56824c7d9f9e07be0119aa31dd1b0c504060c0907b8441a37ad9a99c3","identity: PDF p. 67, exact visible linked model RRZZHHTT-65B-R6H4","Identity-only entry from the ANDREW EMEA selection guide. Individual product URL is observed in the PDF annotation; its current availability is not guaranteed. Numerical mechanics / RF await exact-model sheet review. Regional catalogue inclusion does not establish Australian use or current supply.","","","","","","","","https://www.andrew.com/products/base-station-antennas/antennas/itemrrzzhhtt-65b-r6h4/","","","","","","","","","","","","","","Unavailable","","{""front"":""Exact wind and dimension source pages are not verified."",""side"":""Exact wind and dimension source pages are not verified."",""rear"":""Exact wind and dimension source pages are not verified."",""max"":""Maximum-force direction and matching reference area are not established; no maximum coefficient is inferred.""}"
"PANEL-RECHECK-239","CommScope / ANDREW","RRZZHHTT-65D-R6","Passive","catalogue","","","","","Exact variant not verified","","","","","","","","","","Exact variant sheet needed","","","","","","","CO-200332.2-EN.GB (08/26)","2026-10-02","","","","","https://de.andrew.com/globalassets/digizuite/1019112-bsa-product-guide-emea-co-200332-engb.pdf","736b61a56824c7d9f9e07be0119aa31dd1b0c504060c0907b8441a37ad9a99c3","identity: PDF p. 67, exact visible linked model RRZZHHTT-65D-R6","Identity-only entry from the ANDREW EMEA selection guide. Individual product URL is observed in the PDF annotation; its current availability is not guaranteed. Numerical mechanics / RF await exact-model sheet review. Regional catalogue inclusion does not establish Australian use or current supply.","","","","","","","","https://www.andrew.com/products/base-station-antennas/antennas/itemrrzzhhtt-65d-r6/","","","","","","","","","","","","","","Unavailable","","{""front"":""Exact wind and dimension source pages are not verified."",""side"":""Exact wind and dimension source pages are not verified."",""rear"":""Exact wind and dimension source pages are not verified."",""max"":""Maximum-force direction and matching reference area are not established; no maximum coefficient is inferred.""}"
"PANEL-RECHECK-240","CommScope / ANDREW","RRZZV4-65D-R6H4","Passive","catalogue","","","","","Exact variant not verified","","","","","","","","","","Exact variant sheet needed","","","","","","","CO-200332.2-EN.GB (08/26)","2026-10-02","","","","","https://de.andrew.com/globalassets/digizuite/1019112-bsa-product-guide-emea-co-200332-engb.pdf","736b61a56824c7d9f9e07be0119aa31dd1b0c504060c0907b8441a37ad9a99c3","identity: PDF p. 67, exact visible linked model RRZZV4-65D-R6H4","Identity-only entry from the ANDREW EMEA selection guide. Individual product URL is observed in the PDF annotation; its current availability is not guaranteed. Numerical mechanics / RF await exact-model sheet review. Regional catalogue inclusion does not establish Australian use or current supply.","","","","","","","","https://www.andrew.com/products/base-station-antennas/antennas/itemrrzzv4-65d-r6h4/","","","","","","","","","","","","","","Unavailable","","{""front"":""Exact wind and dimension source pages are not verified."",""side"":""Exact wind and dimension source pages are not verified."",""rear"":""Exact wind and dimension source pages are not verified."",""max"":""Maximum-force direction and matching reference area are not established; no maximum coefficient is inferred.""}"
"PANEL-RECHECK-241","CommScope / ANDREW","RRZZV4-65B-R8H4","Passive","catalogue","","","","","Exact variant not verified","","","","","","","","","","Exact variant sheet needed","","","","","","","CO-200332.2-EN.GB (08/26)","2026-10-02","","","","","https://de.andrew.com/globalassets/digizuite/1019112-bsa-product-guide-emea-co-200332-engb.pdf","736b61a56824c7d9f9e07be0119aa31dd1b0c504060c0907b8441a37ad9a99c3","identity: PDF p. 67, exact visible linked model RRZZV4-65B-R8H4","Identity-only entry from the ANDREW EMEA selection guide. Individual product URL is observed in the PDF annotation; its current availability is not guaranteed. Numerical mechanics / RF await exact-model sheet review. Regional catalogue inclusion does not establish Australian use or current supply.","","","","","","","","https://www.andrew.com/products/base-station-antennas/antennas/itemrrzzv4-65b-r8h4/","","","","","","","","","","","","","","Unavailable","","{""front"":""Exact wind and dimension source pages are not verified."",""side"":""Exact wind and dimension source pages are not verified."",""rear"":""Exact wind and dimension source pages are not verified."",""max"":""Maximum-force direction and matching reference area are not established; no maximum coefficient is inferred.""}"
"PANEL-RECHECK-242","CommScope / ANDREW","RRZZV4-65D-R8H4","Passive","catalogue","","","","","Exact variant not verified","","","","","","","","","","Exact variant sheet needed","","","","","","","CO-200332.2-EN.GB (08/26)","2026-10-02","","","","","https://de.andrew.com/globalassets/digizuite/1019112-bsa-product-guide-emea-co-200332-engb.pdf","736b61a56824c7d9f9e07be0119aa31dd1b0c504060c0907b8441a37ad9a99c3","identity: PDF p. 67, exact visible linked model RRZZV4-65D-R8H4","Identity-only entry from the ANDREW EMEA selection guide. Individual product URL is observed in the PDF annotation; its current availability is not guaranteed. Numerical mechanics / RF await exact-model sheet review. Regional catalogue inclusion does not establish Australian use or current supply.","","","","","","","","https://www.andrew.com/products/base-station-antennas/antennas/itemrrzzv4-65d-r8h4/","","","","","","","","","","","","","","Unavailable","","{""front"":""Exact wind and dimension source pages are not verified."",""side"":""Exact wind and dimension source pages are not verified."",""rear"":""Exact wind and dimension source pages are not verified."",""max"":""Maximum-force direction and matching reference area are not established; no maximum coefficient is inferred.""}"
"PANEL-RECHECK-243","CommScope / ANDREW","FGKZZV4-65D-R9","Passive","catalogue","","","","","Exact variant not verified","","","","","","","","","","Exact variant sheet needed","","","","","","","CO-200332.2-EN.GB (08/26)","2026-10-02","","","","","https://de.andrew.com/globalassets/digizuite/1019112-bsa-product-guide-emea-co-200332-engb.pdf","736b61a56824c7d9f9e07be0119aa31dd1b0c504060c0907b8441a37ad9a99c3","identity: PDF p. 68, exact visible linked model FGKZZV4-65D-R9","Identity-only entry from the ANDREW EMEA selection guide. Individual product URL is observed in the PDF annotation; its current availability is not guaranteed. Numerical mechanics / RF await exact-model sheet review. Regional catalogue inclusion does not establish Australian use or current supply.","","","","","","","","https://www.andrew.com/products/base-station-antennas/antennas/itemfgkzzv4-65d-r9/","","","","","","","","","","","","","","Unavailable","","{""front"":""Exact wind and dimension source pages are not verified."",""side"":""Exact wind and dimension source pages are not verified."",""rear"":""Exact wind and dimension source pages are not verified."",""max"":""Maximum-force direction and matching reference area are not established; no maximum coefficient is inferred.""}"
"PANEL-RECHECK-244","CommScope / ANDREW","RRZZV6-65B-R10H4","Passive","catalogue","","","","","Exact variant not verified","","","","","","","","","","Exact variant sheet needed","","","","","","","CO-200332.2-EN.GB (08/26)","2026-10-02","","","","","https://de.andrew.com/globalassets/digizuite/1019112-bsa-product-guide-emea-co-200332-engb.pdf","736b61a56824c7d9f9e07be0119aa31dd1b0c504060c0907b8441a37ad9a99c3","identity: PDF p. 68, exact visible linked model RRZZV6-65B-R10H4","Identity-only entry from the ANDREW EMEA selection guide. Individual product URL is observed in the PDF annotation; its current availability is not guaranteed. Numerical mechanics / RF await exact-model sheet review. Regional catalogue inclusion does not establish Australian use or current supply.","","","","","","","","https://www.andrew.com/products/base-station-antennas/antennas/itemrrzzv6-65b-r10h4/","","","","","","","","","","","","","","Unavailable","","{""front"":""Exact wind and dimension source pages are not verified."",""side"":""Exact wind and dimension source pages are not verified."",""rear"":""Exact wind and dimension source pages are not verified."",""max"":""Maximum-force direction and matching reference area are not established; no maximum coefficient is inferred.""}"
"PANEL-RECHECK-245","CommScope / ANDREW","RRZZV6-65D-R10","Passive","catalogue","","","","","Exact variant not verified","","","","","","","","","","Exact variant sheet needed","","","","","","","CO-200332.2-EN.GB (08/26)","2026-10-02","","","","","https://de.andrew.com/globalassets/digizuite/1019112-bsa-product-guide-emea-co-200332-engb.pdf","736b61a56824c7d9f9e07be0119aa31dd1b0c504060c0907b8441a37ad9a99c3","identity: PDF p. 68, exact visible linked model RRZZV6-65D-R10","Identity-only entry from the ANDREW EMEA selection guide. Individual product URL is observed in the PDF annotation; its current availability is not guaranteed. Numerical mechanics / RF await exact-model sheet review. Regional catalogue inclusion does not establish Australian use or current supply.","","","","","","","","https://www.andrew.com/products/base-station-antennas/antennas/itemrrzzv6-65d-r10/","","","","","","","","","","","","","","Unavailable","","{""front"":""Exact wind and dimension source pages are not verified."",""side"":""Exact wind and dimension source pages are not verified."",""rear"":""Exact wind and dimension source pages are not verified."",""max"":""Maximum-force direction and matching reference area are not established; no maximum coefficient is inferred.""}"
"PANEL-RECHECK-246","CommScope / ANDREW","RRZZHHTTVV65CR10V3","Passive","catalogue","","","","","Exact variant not verified","","","","","","","","","","Exact variant sheet needed","","","","","","","CO-200332.2-EN.GB (08/26)","2026-10-02","","","","","https://de.andrew.com/globalassets/digizuite/1019112-bsa-product-guide-emea-co-200332-engb.pdf","736b61a56824c7d9f9e07be0119aa31dd1b0c504060c0907b8441a37ad9a99c3","identity: PDF p. 68, exact visible linked model RRZZHHTTVV65CR10V3","Identity-only entry from the ANDREW EMEA selection guide. Individual product URL is observed in the PDF annotation; its current availability is not guaranteed. Numerical mechanics / RF await exact-model sheet review. Regional catalogue inclusion does not establish Australian use or current supply.","","","","","","","","https://www.andrew.com/products/base-station-antennas/antennas/itemrrzzhhttvv65cr10v3/","","","","","","","","","","","","","","Unavailable","","{""front"":""Exact wind and dimension source pages are not verified."",""side"":""Exact wind and dimension source pages are not verified."",""rear"":""Exact wind and dimension source pages are not verified."",""max"":""Maximum-force direction and matching reference area are not established; no maximum coefficient is inferred.""}"
"PANEL-RECHECK-247","CommScope / ANDREW","RRZZV6-65D-R10F","Passive","catalogue","","","","","Exact variant not verified","","","","","","","","","","Exact variant sheet needed","","","","","","","CO-200332.2-EN.GB (08/26)","2026-10-02","","","","","https://de.andrew.com/globalassets/digizuite/1019112-bsa-product-guide-emea-co-200332-engb.pdf","736b61a56824c7d9f9e07be0119aa31dd1b0c504060c0907b8441a37ad9a99c3","identity: PDF p. 68, exact visible linked model RRZZV6-65D-R10F","Identity-only entry from the ANDREW EMEA selection guide. Individual product URL is observed in the PDF annotation; its current availability is not guaranteed. Numerical mechanics / RF await exact-model sheet review. Regional catalogue inclusion does not establish Australian use or current supply.","","","","","","","","https://www.andrew.com/products/base-station-antennas/antennas/itemrrzzv6-65d-r10f/","","","","","","","","","","","","","","Unavailable","","{""front"":""Exact wind and dimension source pages are not verified."",""side"":""Exact wind and dimension source pages are not verified."",""rear"":""Exact wind and dimension source pages are not verified."",""max"":""Maximum-force direction and matching reference area are not established; no maximum coefficient is inferred.""}"
"PANEL-RECHECK-248","CommScope / ANDREW","RRZ4V4-65D-R10V3","Passive","catalogue","","","","","Exact variant not verified","","","","","","","","","","Exact variant sheet needed","","","","","","","CO-200332.2-EN.GB (08/26)","2026-10-02","","","","","https://de.andrew.com/globalassets/digizuite/1019112-bsa-product-guide-emea-co-200332-engb.pdf","736b61a56824c7d9f9e07be0119aa31dd1b0c504060c0907b8441a37ad9a99c3","identity: PDF p. 68, exact visible linked model RRZ4V4-65D-R10V3","Identity-only entry from the ANDREW EMEA selection guide. Individual product URL is observed in the PDF annotation; its current availability is not guaranteed. Numerical mechanics / RF await exact-model sheet review. Regional catalogue inclusion does not establish Australian use or current supply.","","","","","","","","https://www.andrew.com/products/base-station-antennas/antennas/itemrrz4v4-65d-r10v3/","","","","","","","","","","","","","","Unavailable","","{""front"":""Exact wind and dimension source pages are not verified."",""side"":""Exact wind and dimension source pages are not verified."",""rear"":""Exact wind and dimension source pages are not verified."",""max"":""Maximum-force direction and matching reference area are not established; no maximum coefficient is inferred.""}"
"PANEL-RECHECK-249","CommScope / ANDREW","EGRZZHHTTV4-65D-R8","Passive","catalogue","","","","","Exact variant not verified","","","","","","","","","","Exact variant sheet needed","","","","","","","CO-200332.2-EN.GB (08/26)","2026-10-02","","","","","https://de.andrew.com/globalassets/digizuite/1019112-bsa-product-guide-emea-co-200332-engb.pdf","736b61a56824c7d9f9e07be0119aa31dd1b0c504060c0907b8441a37ad9a99c3","identity: PDF p. 68, exact visible linked model EGRZZHHTTV4-65D-R8","Identity-only entry from the ANDREW EMEA selection guide. Individual product URL is observed in the PDF annotation; its current availability is not guaranteed. Numerical mechanics / RF await exact-model sheet review. Regional catalogue inclusion does not establish Australian use or current supply.","","","","","","","","https://www.andrew.com/products/base-station-antennas/antennas/itemegrzzhhttv4-65d-r8/","","","","","","","","","","","","","","Unavailable","","{""front"":""Exact wind and dimension source pages are not verified."",""side"":""Exact wind and dimension source pages are not verified."",""rear"":""Exact wind and dimension source pages are not verified."",""max"":""Maximum-force direction and matching reference area are not established; no maximum coefficient is inferred.""}"
"PANEL-RECHECK-250","CommScope / ANDREW","EGRZZH4T4VV65DR8V2","Passive","catalogue","","","","","Exact variant not verified","","","","","","","","","","Exact variant sheet needed","","","","","","","CO-200332.2-EN.GB (08/26)","2026-10-02","","","","","https://de.andrew.com/globalassets/digizuite/1019112-bsa-product-guide-emea-co-200332-engb.pdf","736b61a56824c7d9f9e07be0119aa31dd1b0c504060c0907b8441a37ad9a99c3","identity: PDF p. 69, exact visible linked model EGRZZH4T4VV65DR8V2","Identity-only entry from the ANDREW EMEA selection guide. Individual product URL is observed in the PDF annotation; its current availability is not guaranteed. Numerical mechanics / RF await exact-model sheet review. Regional catalogue inclusion does not establish Australian use or current supply.","","","","","","","","https://www.andrew.com/products/base-station-antennas/antennas/itemegrzzh4t4vv65dr8v2/","","","","","","","","","","","","","","Unavailable","","{""front"":""Exact wind and dimension source pages are not verified."",""side"":""Exact wind and dimension source pages are not verified."",""rear"":""Exact wind and dimension source pages are not verified."",""max"":""Maximum-force direction and matching reference area are not established; no maximum coefficient is inferred.""}"
"PANEL-RECHECK-251","CommScope / ANDREW","EGRZZH4T4VV65DR10","Passive","catalogue","","","","","Exact variant not verified","","","","","","","","","","Exact variant sheet needed","","","","","","","CO-200332.2-EN.GB (08/26)","2026-10-02","","","","","https://de.andrew.com/globalassets/digizuite/1019112-bsa-product-guide-emea-co-200332-engb.pdf","736b61a56824c7d9f9e07be0119aa31dd1b0c504060c0907b8441a37ad9a99c3","identity: PDF p. 69, exact visible linked model EGRZZH4T4VV65DR10","Identity-only entry from the ANDREW EMEA selection guide. Individual product URL is observed in the PDF annotation; its current availability is not guaranteed. Numerical mechanics / RF await exact-model sheet review. Regional catalogue inclusion does not establish Australian use or current supply.","","","","","","","","https://www.andrew.com/products/base-station-antennas/antennas/itemegrzzh4t4vv65dr10/","","","","","","","","","","","","","","Unavailable","","{""front"":""Exact wind and dimension source pages are not verified."",""side"":""Exact wind and dimension source pages are not verified."",""rear"":""Exact wind and dimension source pages are not verified."",""max"":""Maximum-force direction and matching reference area are not established; no maximum coefficient is inferred.""}"
"PANEL-RECHECK-252","CommScope / ANDREW","R-33D-R1VB01","Passive","catalogue","","","","","Exact variant not verified","","","","","","","","","","Exact variant sheet needed","","","","","","","CO-200332.2-EN.GB (08/26)","2026-10-02","","","","","https://de.andrew.com/globalassets/digizuite/1019112-bsa-product-guide-emea-co-200332-engb.pdf","736b61a56824c7d9f9e07be0119aa31dd1b0c504060c0907b8441a37ad9a99c3","identity: PDF p. 70, exact visible linked model R-33D-R1VB01","Identity-only entry from the ANDREW EMEA selection guide. Individual product URL is observed in the PDF annotation; its current availability is not guaranteed. Numerical mechanics / RF await exact-model sheet review. Regional catalogue inclusion does not establish Australian use or current supply.","","","","","","","","https://www.andrew.com/products/base-station-antennas/antennas/itemr-33d-r1vb01/","","","","","","","","","","","","","","Unavailable","","{""front"":""Exact wind and dimension source pages are not verified."",""side"":""Exact wind and dimension source pages are not verified."",""rear"":""Exact wind and dimension source pages are not verified."",""max"":""Maximum-force direction and matching reference area are not established; no maximum coefficient is inferred.""}"
"PANEL-RECHECK-253","CommScope / ANDREW","R-33D-R1VB-V2","Passive","catalogue","","","","","Exact variant not verified","","","","","","","","","","Exact variant sheet needed","","","","","","","CO-200332.2-EN.GB (08/26)","2026-10-02","","","","","https://de.andrew.com/globalassets/digizuite/1019112-bsa-product-guide-emea-co-200332-engb.pdf","736b61a56824c7d9f9e07be0119aa31dd1b0c504060c0907b8441a37ad9a99c3","identity: PDF p. 70, exact visible linked model R-33D-R1VB-V2","Identity-only entry from the ANDREW EMEA selection guide. Individual product URL is observed in the PDF annotation; its current availability is not guaranteed. Numerical mechanics / RF await exact-model sheet review. Regional catalogue inclusion does not establish Australian use or current supply.","","","","","","","","https://www.andrew.com/products/base-station-antennas/antennas/itemr-33d-r1vb-v2/","","","","","","","","","","","","","","Unavailable","","{""front"":""Exact wind and dimension source pages are not verified."",""side"":""Exact wind and dimension source pages are not verified."",""rear"":""Exact wind and dimension source pages are not verified."",""max"":""Maximum-force direction and matching reference area are not established; no maximum coefficient is inferred.""}"
"PANEL-RECHECK-254","CommScope / ANDREW","RVV-33B-R3","Passive","catalogue","","","","","Exact variant not verified","","","","","","","","","","Exact variant sheet needed","","","","","","","CO-200332.2-EN.GB (08/26)","2026-10-02","","","","","https://de.andrew.com/globalassets/digizuite/1019112-bsa-product-guide-emea-co-200332-engb.pdf","736b61a56824c7d9f9e07be0119aa31dd1b0c504060c0907b8441a37ad9a99c3","identity: PDF p. 70, exact visible linked model RVV-33B-R3","Identity-only entry from the ANDREW EMEA selection guide. Individual product URL is observed in the PDF annotation; its current availability is not guaranteed. Numerical mechanics / RF await exact-model sheet review. Regional catalogue inclusion does not establish Australian use or current supply.","","","","","","","","https://www.andrew.com/products/base-station-antennas/antennas/itemrvv-33b-r3/","","","","","","","","","","","","","","Unavailable","","{""front"":""Exact wind and dimension source pages are not verified."",""side"":""Exact wind and dimension source pages are not verified."",""rear"":""Exact wind and dimension source pages are not verified."",""max"":""Maximum-force direction and matching reference area are not established; no maximum coefficient is inferred.""}"
"PANEL-RECHECK-255","CommScope / ANDREW","GHH-33B-R3","Passive","catalogue","","","","","Exact variant not verified","","","","","","","","","","Exact variant sheet needed","","","","","","","CO-200332.2-EN.GB (08/26)","2026-10-02","","","","","https://de.andrew.com/globalassets/digizuite/1019112-bsa-product-guide-emea-co-200332-engb.pdf","736b61a56824c7d9f9e07be0119aa31dd1b0c504060c0907b8441a37ad9a99c3","identity: PDF p. 70, exact visible linked model GHH-33B-R3","Identity-only entry from the ANDREW EMEA selection guide. Individual product URL is observed in the PDF annotation; its current availability is not guaranteed. Numerical mechanics / RF await exact-model sheet review. Regional catalogue inclusion does not establish Australian use or current supply.","","","","","","","","https://www.andrew.com/products/base-station-antennas/antennas/itemghh-33b-r3/","","","","","","","","","","","","","","Unavailable","","{""front"":""Exact wind and dimension source pages are not verified."",""side"":""Exact wind and dimension source pages are not verified."",""rear"":""Exact wind and dimension source pages are not verified."",""max"":""Maximum-force direction and matching reference area are not established; no maximum coefficient is inferred.""}"
"PANEL-RECHECK-256","CommScope / ANDREW","RVV-45A-R3","Passive","catalogue","","","","","Exact variant not verified","","","","","","","","","","Exact variant sheet needed","","","","","","","CO-200332.2-EN.GB (08/26)","2026-10-02","","","","","https://de.andrew.com/globalassets/digizuite/1019112-bsa-product-guide-emea-co-200332-engb.pdf","736b61a56824c7d9f9e07be0119aa31dd1b0c504060c0907b8441a37ad9a99c3","identity: PDF p. 70, exact visible linked model RVV-45A-R3","Identity-only entry from the ANDREW EMEA selection guide. Individual product URL is observed in the PDF annotation; its current availability is not guaranteed. Numerical mechanics / RF await exact-model sheet review. Regional catalogue inclusion does not establish Australian use or current supply.","","","","","","","","https://www.andrew.com/products/base-station-antennas/antennas/itemrvv-45a-r3/","","","","","","","","","","","","","","Unavailable","","{""front"":""Exact wind and dimension source pages are not verified."",""side"":""Exact wind and dimension source pages are not verified."",""rear"":""Exact wind and dimension source pages are not verified."",""max"":""Maximum-force direction and matching reference area are not established; no maximum coefficient is inferred.""}"
"PANEL-RECHECK-257","CommScope / ANDREW","VV-33A-R2VB","Passive","catalogue","","","","","Exact variant not verified","","","","","","","","","","Exact variant sheet needed","","","","","","","CO-200332.2-EN.GB (08/26)","2026-10-02","","","","","https://de.andrew.com/globalassets/digizuite/1019112-bsa-product-guide-emea-co-200332-engb.pdf","736b61a56824c7d9f9e07be0119aa31dd1b0c504060c0907b8441a37ad9a99c3","identity: PDF p. 70, exact visible linked model VV-33A-R2VB","Identity-only entry from the ANDREW EMEA selection guide. Individual product URL is observed in the PDF annotation; its current availability is not guaranteed. Numerical mechanics / RF await exact-model sheet review. Regional catalogue inclusion does not establish Australian use or current supply.","","","","","","","","https://www.andrew.com/products/base-station-antennas/antennas/itemvv-33a-r2vb/","","","","","","","","","","","","","","Unavailable","","{""front"":""Exact wind and dimension source pages are not verified."",""side"":""Exact wind and dimension source pages are not verified."",""rear"":""Exact wind and dimension source pages are not verified."",""max"":""Maximum-force direction and matching reference area are not established; no maximum coefficient is inferred.""}"
"PANEL-RECHECK-258","CommScope / ANDREW","VV-33A-R2VB-V2","Passive","catalogue","","","","","Exact variant not verified","","","","","","","","","","Exact variant sheet needed","","","","","","","CO-200332.2-EN.GB (08/26)","2026-10-02","","","","","https://de.andrew.com/globalassets/digizuite/1019112-bsa-product-guide-emea-co-200332-engb.pdf","736b61a56824c7d9f9e07be0119aa31dd1b0c504060c0907b8441a37ad9a99c3","identity: PDF p. 70, exact visible linked model VV-33A-R2VB-V2","Identity-only entry from the ANDREW EMEA selection guide. Individual product URL is observed in the PDF annotation; its current availability is not guaranteed. Numerical mechanics / RF await exact-model sheet review. Regional catalogue inclusion does not establish Australian use or current supply.","","","","","","","","https://www.andrew.com/products/base-station-antennas/antennas/itemvv-33a-r2vb-v2/","","","","","","","","","","","","","","Unavailable","","{""front"":""Exact wind and dimension source pages are not verified."",""side"":""Exact wind and dimension source pages are not verified."",""rear"":""Exact wind and dimension source pages are not verified."",""max"":""Maximum-force direction and matching reference area are not established; no maximum coefficient is inferred.""}"
"PANEL-RECHECK-259","CommScope / ANDREW","RRZZ-33B-R4","Passive","catalogue","","","","","Exact variant not verified","","","","","","","","","","Exact variant sheet needed","","","","","","","CO-200332.2-EN.GB (08/26)","2026-10-02","","","","","https://de.andrew.com/globalassets/digizuite/1019112-bsa-product-guide-emea-co-200332-engb.pdf","736b61a56824c7d9f9e07be0119aa31dd1b0c504060c0907b8441a37ad9a99c3","identity: PDF p. 70, exact visible linked model RRZZ-33B-R4","Identity-only entry from the ANDREW EMEA selection guide. Individual product URL is observed in the PDF annotation; its current availability is not guaranteed. Numerical mechanics / RF await exact-model sheet review. Regional catalogue inclusion does not establish Australian use or current supply.","","","","","","","","https://www.andrew.com/products/base-station-antennas/antennas/itemrrzz-33b-r4/","","","","","","","","","","","","","","Unavailable","","{""front"":""Exact wind and dimension source pages are not verified."",""side"":""Exact wind and dimension source pages are not verified."",""rear"":""Exact wind and dimension source pages are not verified."",""max"":""Maximum-force direction and matching reference area are not established; no maximum coefficient is inferred.""}"
"PANEL-RECHECK-260","CommScope / ANDREW","RRZZ-33D-R4","Passive","catalogue","","","","","Exact variant not verified","","","","","","","","","","Exact variant sheet needed","","","","","","","CO-200332.2-EN.GB (08/26)","2026-10-02","","","","","https://de.andrew.com/globalassets/digizuite/1019112-bsa-product-guide-emea-co-200332-engb.pdf","736b61a56824c7d9f9e07be0119aa31dd1b0c504060c0907b8441a37ad9a99c3","identity: PDF p. 70, exact visible linked model RRZZ-33D-R4","Identity-only entry from the ANDREW EMEA selection guide. Individual product URL is observed in the PDF annotation; its current availability is not guaranteed. Numerical mechanics / RF await exact-model sheet review. Regional catalogue inclusion does not establish Australian use or current supply.","","","","","","","","https://www.andrew.com/products/base-station-antennas/antennas/itemrrzz-33d-r4/","","","","","","","","","","","","","","Unavailable","","{""front"":""Exact wind and dimension source pages are not verified."",""side"":""Exact wind and dimension source pages are not verified."",""rear"":""Exact wind and dimension source pages are not verified."",""max"":""Maximum-force direction and matching reference area are not established; no maximum coefficient is inferred.""}"
"PANEL-RECHECK-261","CommScope / ANDREW","RRVV-33B-R2","Passive","catalogue","","","","","Exact variant not verified","","","","","","","","","","Exact variant sheet needed","","","","","","","CO-200332.2-EN.GB (08/26)","2026-10-02","","","","","https://de.andrew.com/globalassets/digizuite/1019112-bsa-product-guide-emea-co-200332-engb.pdf","736b61a56824c7d9f9e07be0119aa31dd1b0c504060c0907b8441a37ad9a99c3","identity: PDF p. 70, exact visible linked model RRVV-33B-R2","Identity-only entry from the ANDREW EMEA selection guide. Individual product URL is observed in the PDF annotation; its current availability is not guaranteed. Numerical mechanics / RF await exact-model sheet review. Regional catalogue inclusion does not establish Australian use or current supply.","","","","","","","","https://www.andrew.com/products/base-station-antennas/antennas/itemrrvv-33b-r2/","","","","","","","","","","","","","","Unavailable","","{""front"":""Exact wind and dimension source pages are not verified."",""side"":""Exact wind and dimension source pages are not verified."",""rear"":""Exact wind and dimension source pages are not verified."",""max"":""Maximum-force direction and matching reference area are not established; no maximum coefficient is inferred.""}"
"PANEL-RECHECK-262","CommScope / ANDREW","B-65B-R1VB","Passive","catalogue","","","","","Exact variant not verified","","","","","","","","","","Exact variant sheet needed","","","","","","","CO-200332.2-EN.GB (08/26)","2026-10-02","","","","","https://de.andrew.com/globalassets/digizuite/1019112-bsa-product-guide-emea-co-200332-engb.pdf","736b61a56824c7d9f9e07be0119aa31dd1b0c504060c0907b8441a37ad9a99c3","identity: PDF p. 70, exact visible linked model B-65B-R1VB","Identity-only entry from the ANDREW EMEA selection guide. Individual product URL is observed in the PDF annotation; its current availability is not guaranteed. Numerical mechanics / RF await exact-model sheet review. Regional catalogue inclusion does not establish Australian use or current supply.","","","","","","","","https://www.andrew.com/products/base-station-antennas/antennas/itemb-65b-r1vb/","","","","","","","","","","","","","","Unavailable","","{""front"":""Exact wind and dimension source pages are not verified."",""side"":""Exact wind and dimension source pages are not verified."",""rear"":""Exact wind and dimension source pages are not verified."",""max"":""Maximum-force direction and matching reference area are not established; no maximum coefficient is inferred.""}"
"PANEL-RECHECK-263","CommScope / ANDREW","B-65B-R1VB01","Passive","catalogue","","","","","Exact variant not verified","","","","","","","","","","Exact variant sheet needed","","","","","","","CO-200332.2-EN.GB (08/26)","2026-10-02","","","","","https://de.andrew.com/globalassets/digizuite/1019112-bsa-product-guide-emea-co-200332-engb.pdf","736b61a56824c7d9f9e07be0119aa31dd1b0c504060c0907b8441a37ad9a99c3","identity: PDF p. 70, exact visible linked model B-65B-R1VB01","Identity-only entry from the ANDREW EMEA selection guide. Individual product URL is observed in the PDF annotation; its current availability is not guaranteed. Numerical mechanics / RF await exact-model sheet review. Regional catalogue inclusion does not establish Australian use or current supply.","","","","","","","","https://www.andrew.com/products/base-station-antennas/antennas/itemb-65b-r1vb01/","","","","","","","","","","","","","","Unavailable","","{""front"":""Exact wind and dimension source pages are not verified."",""side"":""Exact wind and dimension source pages are not verified."",""rear"":""Exact wind and dimension source pages are not verified."",""max"":""Maximum-force direction and matching reference area are not established; no maximum coefficient is inferred.""}"
"PANEL-RECHECK-264","CommScope / ANDREW","R3V6-65B-R9","Passive","catalogue","","","","","Exact variant not verified","","","","","","","","","","Exact variant sheet needed","","","","","","","CO-200332.2-EN.GB (08/26)","2026-10-02","","","","","https://de.andrew.com/globalassets/digizuite/1019112-bsa-product-guide-emea-co-200332-engb.pdf","736b61a56824c7d9f9e07be0119aa31dd1b0c504060c0907b8441a37ad9a99c3","identity: PDF p. 71, exact visible linked model R3V6-65B-R9","Identity-only entry from the ANDREW EMEA selection guide. Individual product URL is observed in the PDF annotation; its current availability is not guaranteed. Numerical mechanics / RF await exact-model sheet review. Regional catalogue inclusion does not establish Australian use or current supply.","","","","","","","","https://www.andrew.com/products/base-station-antennas/antennas/itemr3v6-65b-r9/","","","","","","","","","","","","","","Unavailable","","{""front"":""Exact wind and dimension source pages are not verified."",""side"":""Exact wind and dimension source pages are not verified."",""rear"":""Exact wind and dimension source pages are not verified."",""max"":""Maximum-force direction and matching reference area are not established; no maximum coefficient is inferred.""}"
"PANEL-RECHECK-265","CommScope / ANDREW","R3ZZV4-65B-R9","Passive","catalogue","","","","","Exact variant not verified","","","","","","","","","","Exact variant sheet needed","","","","","","","CO-200332.2-EN.GB (08/26)","2026-10-02","","","","","https://de.andrew.com/globalassets/digizuite/1019112-bsa-product-guide-emea-co-200332-engb.pdf","736b61a56824c7d9f9e07be0119aa31dd1b0c504060c0907b8441a37ad9a99c3","identity: PDF p. 71, exact visible linked model R3ZZV4-65B-R9","Identity-only entry from the ANDREW EMEA selection guide. Individual product URL is observed in the PDF annotation; its current availability is not guaranteed. Numerical mechanics / RF await exact-model sheet review. Regional catalogue inclusion does not establish Australian use or current supply.","","","","","","","","https://www.andrew.com/products/base-station-antennas/antennas/itemr3zzv4-65b-r9/","","","","","","","","","","","","","","Unavailable","","{""front"":""Exact wind and dimension source pages are not verified."",""side"":""Exact wind and dimension source pages are not verified."",""rear"":""Exact wind and dimension source pages are not verified."",""max"":""Maximum-force direction and matching reference area are not established; no maximum coefficient is inferred.""}"
"PANEL-RECHECK-266","CommScope / ANDREW","RRCZV4-65B-R8","Passive","catalogue","","","","","Exact variant not verified","","","","","","","","","","Exact variant sheet needed","","","","","","","CO-200332.2-EN.GB (08/26)","2026-10-02","","","","","https://de.andrew.com/globalassets/digizuite/1019112-bsa-product-guide-emea-co-200332-engb.pdf","736b61a56824c7d9f9e07be0119aa31dd1b0c504060c0907b8441a37ad9a99c3","identity: PDF p. 71, exact visible linked model RRCZV4-65B-R8","Identity-only entry from the ANDREW EMEA selection guide. Individual product URL is observed in the PDF annotation; its current availability is not guaranteed. Numerical mechanics / RF await exact-model sheet review. Regional catalogue inclusion does not establish Australian use or current supply.","","","","","","","","https://www.andrew.com/products/base-station-antennas/antennas/itemrrczv4-65b-r8/","","","","","","","","","","","","","","Unavailable","","{""front"":""Exact wind and dimension source pages are not verified."",""side"":""Exact wind and dimension source pages are not verified."",""rear"":""Exact wind and dimension source pages are not verified."",""max"":""Maximum-force direction and matching reference area are not established; no maximum coefficient is inferred.""}"
"PANEL-RECHECK-267","CommScope / ANDREW","RRZZV4-6590D-R5V4","Passive","catalogue","","","","","Exact variant not verified","","","","","","","","","","Exact variant sheet needed","","","","","","","CO-200332.2-EN.GB (08/26)","2026-10-02","","","","","https://de.andrew.com/globalassets/digizuite/1019112-bsa-product-guide-emea-co-200332-engb.pdf","736b61a56824c7d9f9e07be0119aa31dd1b0c504060c0907b8441a37ad9a99c3","identity: PDF p. 72, exact visible linked model RRZZV4-6590D-R5V4","Identity-only entry from the ANDREW EMEA selection guide. Individual product URL is observed in the PDF annotation; its current availability is not guaranteed. Numerical mechanics / RF await exact-model sheet review. Regional catalogue inclusion does not establish Australian use or current supply.","","","","","","","","https://www.andrew.com/products/base-station-antennas/antennas/itemrrzzv4-6590d-r5v4/","","","","","","","","","","","","","","Unavailable","","{""front"":""Exact wind and dimension source pages are not verified."",""side"":""Exact wind and dimension source pages are not verified."",""rear"":""Exact wind and dimension source pages are not verified."",""max"":""Maximum-force direction and matching reference area are not established; no maximum coefficient is inferred.""}"
"PANEL-RECHECK-268","CommScope / ANDREW","RRZZV4T4S4-6590DR7","Passive","catalogue","","","","","Exact variant not verified","","","","","","","","","","Exact variant sheet needed","","","","","","","CO-200332.2-EN.GB (08/26)","2026-10-02","","","","","https://de.andrew.com/globalassets/digizuite/1019112-bsa-product-guide-emea-co-200332-engb.pdf","736b61a56824c7d9f9e07be0119aa31dd1b0c504060c0907b8441a37ad9a99c3","identity: PDF p. 72, exact visible linked model RRZZV4T4S4-6590DR7","Identity-only entry from the ANDREW EMEA selection guide. Individual product URL is observed in the PDF annotation; its current availability is not guaranteed. Numerical mechanics / RF await exact-model sheet review. Regional catalogue inclusion does not establish Australian use or current supply.","","","","","","","","https://www.andrew.com/products/base-station-antennas/antennas/itemrrzzv4t4s4-6590dr7/","","","","","","","","","","","","","","Unavailable","","{""front"":""Exact wind and dimension source pages are not verified."",""side"":""Exact wind and dimension source pages are not verified."",""rear"":""Exact wind and dimension source pages are not verified."",""max"":""Maximum-force direction and matching reference area are not established; no maximum coefficient is inferred.""}"
"PANEL-RECHECK-269","CommScope / ANDREW","O2P-2L-B1","Passive","catalogue","","","","","Exact variant not verified","","","","","","","","","","Exact variant sheet needed","","","","","","","CO-200332.2-EN.GB (08/26)","2026-10-02","","","","","https://de.andrew.com/globalassets/digizuite/1019112-bsa-product-guide-emea-co-200332-engb.pdf","736b61a56824c7d9f9e07be0119aa31dd1b0c504060c0907b8441a37ad9a99c3","identity: PDF p. 73, exact visible linked model O2P-2L-B1","Identity-only entry from the ANDREW EMEA selection guide. Individual product URL is observed in the PDF annotation; its current availability is not guaranteed. Numerical mechanics / RF await exact-model sheet review. Regional catalogue inclusion does not establish Australian use or current supply.","","","","","","","","https://www.andrew.com/products/base-station-antennas/antennas/itemo2p-2l-b1/","","","","","","","","","","","","","","Unavailable","","{""front"":""Exact wind and dimension source pages are not verified."",""side"":""Exact wind and dimension source pages are not verified."",""rear"":""Exact wind and dimension source pages are not verified."",""max"":""Maximum-force direction and matching reference area are not established; no maximum coefficient is inferred.""}"
"PANEL-RECHECK-270","CommScope / ANDREW","O2P-2L-MT2","Passive","catalogue","","","","","Exact variant not verified","","","","","","","","","","Exact variant sheet needed","","","","","","","CO-200332.2-EN.GB (08/26)","2026-10-02","","","","","https://de.andrew.com/globalassets/digizuite/1019112-bsa-product-guide-emea-co-200332-engb.pdf","736b61a56824c7d9f9e07be0119aa31dd1b0c504060c0907b8441a37ad9a99c3","identity: PDF p. 73, exact visible linked model O2P-2L-MT2","Identity-only entry from the ANDREW EMEA selection guide. Individual product URL is observed in the PDF annotation; its current availability is not guaranteed. Numerical mechanics / RF await exact-model sheet review. Regional catalogue inclusion does not establish Australian use or current supply.","","","","","","","","https://www.andrew.com/products/base-station-antennas/antennas/itemo2p-2l-mt2/","","","","","","","","","","","","","","Unavailable","","{""front"":""Exact wind and dimension source pages are not verified."",""side"":""Exact wind and dimension source pages are not verified."",""rear"":""Exact wind and dimension source pages are not verified."",""max"":""Maximum-force direction and matching reference area are not established; no maximum coefficient is inferred.""}"
"PANEL-RECHECK-271","CommScope / ANDREW","3X-V65A-3XR","Passive","catalogue","","","","","Exact variant not verified","","","","","","","","","","Exact variant sheet needed","","","","","","","CO-200332.2-EN.GB (08/26)","2026-10-02","","","","","https://de.andrew.com/globalassets/digizuite/1019112-bsa-product-guide-emea-co-200332-engb.pdf","736b61a56824c7d9f9e07be0119aa31dd1b0c504060c0907b8441a37ad9a99c3","identity: PDF p. 73, exact visible linked model 3X-V65A-3XR","Identity-only entry from the ANDREW EMEA selection guide. Individual product URL is observed in the PDF annotation; its current availability is not guaranteed. Numerical mechanics / RF await exact-model sheet review. Regional catalogue inclusion does not establish Australian use or current supply.","","","","","","","","https://www.andrew.com/products/base-station-antennas/antennas/item3x-v65a-3xr/","","","","","","","","","","","","","","Unavailable","","{""front"":""Exact wind and dimension source pages are not verified."",""side"":""Exact wind and dimension source pages are not verified."",""rear"":""Exact wind and dimension source pages are not verified."",""max"":""Maximum-force direction and matching reference area are not established; no maximum coefficient is inferred.""}"
"PANEL-RECHECK-272","CommScope / ANDREW","3X-RVV-65A-R9","Passive","catalogue","","","","","Exact variant not verified","","","","","","","","","","Exact variant sheet needed","","","","","","","CO-200332.2-EN.GB (08/26)","2026-10-02","","","","","https://de.andrew.com/globalassets/digizuite/1019112-bsa-product-guide-emea-co-200332-engb.pdf","736b61a56824c7d9f9e07be0119aa31dd1b0c504060c0907b8441a37ad9a99c3","identity: PDF p. 73, exact visible linked model 3X-RVV-65A-R9","Identity-only entry from the ANDREW EMEA selection guide. Individual product URL is observed in the PDF annotation; its current availability is not guaranteed. Numerical mechanics / RF await exact-model sheet review. Regional catalogue inclusion does not establish Australian use or current supply.","","","","","","","","https://www.andrew.com/products/base-station-antennas/antennas/item3x-rvv-65a-r9/","","","","","","","","","","","","","","Unavailable","","{""front"":""Exact wind and dimension source pages are not verified."",""side"":""Exact wind and dimension source pages are not verified."",""rear"":""Exact wind and dimension source pages are not verified."",""max"":""Maximum-force direction and matching reference area are not established; no maximum coefficient is inferred.""}"
"PANEL-RECHECK-273","CommScope / ANDREW","3X-S4-90M-R3","Passive","catalogue","","","","","Exact variant not verified","","","","","","","","","","Exact variant sheet needed","","","","","","","CO-200332.2-EN.GB (08/26)","2026-10-02","","","","","https://de.andrew.com/globalassets/digizuite/1019112-bsa-product-guide-emea-co-200332-engb.pdf","736b61a56824c7d9f9e07be0119aa31dd1b0c504060c0907b8441a37ad9a99c3","identity: PDF p. 73, exact visible linked model 3X-S4-90M-R3","Identity-only entry from the ANDREW EMEA selection guide. Individual product URL is observed in the PDF annotation; its current availability is not guaranteed. Numerical mechanics / RF await exact-model sheet review. Regional catalogue inclusion does not establish Australian use or current supply.","","","","","","","","https://www.andrew.com/products/base-station-antennas/antennas/item3x-s4-90m-r3/","","","","","","","","","","","","","","Unavailable","","{""front"":""Exact wind and dimension source pages are not verified."",""side"":""Exact wind and dimension source pages are not verified."",""rear"":""Exact wind and dimension source pages are not verified."",""max"":""Maximum-force direction and matching reference area are not established; no maximum coefficient is inferred.""}"
"PANEL-RECHECK-274","CommScope / ANDREW","3X-KVVSS-65A-R9","Passive","catalogue","","","","","Exact variant not verified","","","","","","","","","","Exact variant sheet needed","","","","","","","CO-200332.2-EN.GB (08/26)","2026-10-02","","","","","https://de.andrew.com/globalassets/digizuite/1019112-bsa-product-guide-emea-co-200332-engb.pdf","736b61a56824c7d9f9e07be0119aa31dd1b0c504060c0907b8441a37ad9a99c3","identity: PDF p. 73, exact visible linked model 3X-KVVSS-65A-R9","Identity-only entry from the ANDREW EMEA selection guide. Individual product URL is observed in the PDF annotation; its current availability is not guaranteed. Numerical mechanics / RF await exact-model sheet review. Regional catalogue inclusion does not establish Australian use or current supply.","","","","","","","","https://www.andrew.com/products/base-station-antennas/antennas/item3x-kvvss-65a-r9/","","","","","","","","","","","","","","Unavailable","","{""front"":""Exact wind and dimension source pages are not verified."",""side"":""Exact wind and dimension source pages are not verified."",""rear"":""Exact wind and dimension source pages are not verified."",""max"":""Maximum-force direction and matching reference area are not established; no maximum coefficient is inferred.""}"
"PANEL-RECHECK-275","CommScope / ANDREW","3X-RRV4-65B-R12","Passive","catalogue","","","","","Exact variant not verified","","","","","","","","","","Exact variant sheet needed","","","","","","","CO-200332.2-EN.GB (08/26)","2026-10-02","","","","","https://de.andrew.com/globalassets/digizuite/1019112-bsa-product-guide-emea-co-200332-engb.pdf","736b61a56824c7d9f9e07be0119aa31dd1b0c504060c0907b8441a37ad9a99c3","identity: PDF p. 73, exact visible linked model 3X-RRV4-65B-R12","Identity-only entry from the ANDREW EMEA selection guide. Individual product URL is observed in the PDF annotation; its current availability is not guaranteed. Numerical mechanics / RF await exact-model sheet review. Regional catalogue inclusion does not establish Australian use or current supply.","","","","","","","","https://www.andrew.com/products/base-station-antennas/antennas/item3x-rrv4-65b-r12/","","","","","","","","","","","","","","Unavailable","","{""front"":""Exact wind and dimension source pages are not verified."",""side"":""Exact wind and dimension source pages are not verified."",""rear"":""Exact wind and dimension source pages are not verified."",""max"":""Maximum-force direction and matching reference area are not established; no maximum coefficient is inferred.""}"
"PANEL-RECHECK-276","CommScope / ANDREW","1X-RRV4-65B-R4","Passive","catalogue","","","","","Exact variant not verified","","","","","","","","","","Exact variant sheet needed","","","","","","","CO-200332.2-EN.GB (08/26)","2026-10-02","","","","","https://de.andrew.com/globalassets/digizuite/1019112-bsa-product-guide-emea-co-200332-engb.pdf","736b61a56824c7d9f9e07be0119aa31dd1b0c504060c0907b8441a37ad9a99c3","identity: PDF p. 73, exact visible linked model 1X-RRV4-65B-R4","Identity-only entry from the ANDREW EMEA selection guide. Individual product URL is observed in the PDF annotation; its current availability is not guaranteed. Numerical mechanics / RF await exact-model sheet review. Regional catalogue inclusion does not establish Australian use or current supply.","","","","","","","","https://www.andrew.com/products/base-station-antennas/antennas/item1x-rrv4-65b-r4/","","","","","","","","","","","","","","Unavailable","","{""front"":""Exact wind and dimension source pages are not verified."",""side"":""Exact wind and dimension source pages are not verified."",""rear"":""Exact wind and dimension source pages are not verified."",""max"":""Maximum-force direction and matching reference area are not established; no maximum coefficient is inferred.""}"
"PANEL-RECHECK-277","CommScope / ANDREW","3X-KVVS4-65B-R12","Passive","catalogue","","","","","Exact variant not verified","","","","","","","","","","Exact variant sheet needed","","","","","","","CO-200332.2-EN.GB (08/26)","2026-10-02","","","","","https://de.andrew.com/globalassets/digizuite/1019112-bsa-product-guide-emea-co-200332-engb.pdf","736b61a56824c7d9f9e07be0119aa31dd1b0c504060c0907b8441a37ad9a99c3","identity: PDF p. 73, exact visible linked model 3X-KVVS4-65B-R12","Identity-only entry from the ANDREW EMEA selection guide. Individual product URL is observed in the PDF annotation; its current availability is not guaranteed. Numerical mechanics / RF await exact-model sheet review. Regional catalogue inclusion does not establish Australian use or current supply.","","","","","","","","https://www.andrew.com/products/base-station-antennas/antennas/item3x-kvvs4-65b-r12/","","","","","","","","","","","","","","Unavailable","","{""front"":""Exact wind and dimension source pages are not verified."",""side"":""Exact wind and dimension source pages are not verified."",""rear"":""Exact wind and dimension source pages are not verified."",""max"":""Maximum-force direction and matching reference area are not established; no maximum coefficient is inferred.""}"
"PANEL-RECHECK-278","CommScope / ANDREW","3X-KVVQ4-65B-R12","Passive","catalogue","","","","","Exact variant not verified","","","","","","","","","","Exact variant sheet needed","","","","","","","CO-200332.2-EN.GB (08/26)","2026-10-02","","","","","https://de.andrew.com/globalassets/digizuite/1019112-bsa-product-guide-emea-co-200332-engb.pdf","736b61a56824c7d9f9e07be0119aa31dd1b0c504060c0907b8441a37ad9a99c3","identity: PDF p. 73, exact visible linked model 3X-KVVQ4-65B-R12","Identity-only entry from the ANDREW EMEA selection guide. Individual product URL is observed in the PDF annotation; its current availability is not guaranteed. Numerical mechanics / RF await exact-model sheet review. Regional catalogue inclusion does not establish Australian use or current supply.","","","","","","","","https://www.andrew.com/products/base-station-antennas/antennas/item3x-kvvq4-65b-r12/","","","","","","","","","","","","","","Unavailable","","{""front"":""Exact wind and dimension source pages are not verified."",""side"":""Exact wind and dimension source pages are not verified."",""rear"":""Exact wind and dimension source pages are not verified."",""max"":""Maximum-force direction and matching reference area are not established; no maximum coefficient is inferred.""}"
"PANEL-RECHECK-279","CommScope / ANDREW","3X-KKV4S4-65B-R15","Passive","catalogue","","","","","Exact variant not verified","","","","","","","","","","Exact variant sheet needed","","","","","","","CO-200332.2-EN.GB (08/26)","2026-10-02","","","","","https://de.andrew.com/globalassets/digizuite/1019112-bsa-product-guide-emea-co-200332-engb.pdf","736b61a56824c7d9f9e07be0119aa31dd1b0c504060c0907b8441a37ad9a99c3","identity: PDF p. 73, exact visible linked model 3X-KKV4S4-65B-R15","Identity-only entry from the ANDREW EMEA selection guide. Individual product URL is observed in the PDF annotation; its current availability is not guaranteed. Numerical mechanics / RF await exact-model sheet review. Regional catalogue inclusion does not establish Australian use or current supply.","","","","","","","","https://www.andrew.com/products/base-station-antennas/antennas/item3x-kkv4s4-65b-r15/","","","","","","","","","","","","","","Unavailable","","{""front"":""Exact wind and dimension source pages are not verified."",""side"":""Exact wind and dimension source pages are not verified."",""rear"":""Exact wind and dimension source pages are not verified."",""max"":""Maximum-force direction and matching reference area are not established; no maximum coefficient is inferred.""}"
"PANEL-RECHECK-280","CommScope / ANDREW","3X-RRZZHHTTS4-BR24","Passive","catalogue","","","","","Exact variant not verified","","","","","","","","","","Exact variant sheet needed","","","","","","","CO-200332.2-EN.GB (08/26)","2026-10-02","","","","","https://de.andrew.com/globalassets/digizuite/1019112-bsa-product-guide-emea-co-200332-engb.pdf","736b61a56824c7d9f9e07be0119aa31dd1b0c504060c0907b8441a37ad9a99c3","identity: PDF p. 73, exact visible linked model 3X-RRZZHHTTS4-BR24","Identity-only entry from the ANDREW EMEA selection guide. Individual product URL is observed in the PDF annotation; its current availability is not guaranteed. Numerical mechanics / RF await exact-model sheet review. Regional catalogue inclusion does not establish Australian use or current supply.","","","","","","","","https://www.andrew.com/products/base-station-antennas/antennas/item3x-rrzzhhtts4-br24/","","","","","","","","","","","","","","Unavailable","","{""front"":""Exact wind and dimension source pages are not verified."",""side"":""Exact wind and dimension source pages are not verified."",""rear"":""Exact wind and dimension source pages are not verified."",""max"":""Maximum-force direction and matching reference area are not established; no maximum coefficient is inferred.""}"
"PANEL-RECHECK-281","CommScope / ANDREW","1X-RRZZHHTTS4-BR8","Passive","catalogue","","","","","Exact variant not verified","","","","","","","","","","Exact variant sheet needed","","","","","","","CO-200332.2-EN.GB (08/26)","2026-10-02","","","","","https://de.andrew.com/globalassets/digizuite/1019112-bsa-product-guide-emea-co-200332-engb.pdf","736b61a56824c7d9f9e07be0119aa31dd1b0c504060c0907b8441a37ad9a99c3","identity: PDF p. 74, exact visible linked model 1X-RRZZHHTTS4-BR8","Identity-only entry from the ANDREW EMEA selection guide. Individual product URL is observed in the PDF annotation; its current availability is not guaranteed. Numerical mechanics / RF await exact-model sheet review. Regional catalogue inclusion does not establish Australian use or current supply.","","","","","","","","https://www.andrew.com/products/base-station-antennas/antennas/item1x-rrzzhhtts4-br8/","","","","","","","","","","","","","","Unavailable","","{""front"":""Exact wind and dimension source pages are not verified."",""side"":""Exact wind and dimension source pages are not verified."",""rear"":""Exact wind and dimension source pages are not verified."",""max"":""Maximum-force direction and matching reference area are not established; no maximum coefficient is inferred.""}"
"PANEL-RECHECK-282","CommScope / ANDREW","2X-RRZZHHTTS4-BR16","Passive","catalogue","","","","","Exact variant not verified","","","","","","","","","","Exact variant sheet needed","","","","","","","CO-200332.2-EN.GB (08/26)","2026-10-02","","","","","https://de.andrew.com/globalassets/digizuite/1019112-bsa-product-guide-emea-co-200332-engb.pdf","736b61a56824c7d9f9e07be0119aa31dd1b0c504060c0907b8441a37ad9a99c3","identity: PDF p. 74, exact visible linked model 2X-RRZZHHTTS4-BR16","Identity-only entry from the ANDREW EMEA selection guide. Individual product URL is observed in the PDF annotation; its current availability is not guaranteed. Numerical mechanics / RF await exact-model sheet review. Regional catalogue inclusion does not establish Australian use or current supply.","","","","","","","","https://www.andrew.com/products/base-station-antennas/antennas/item2x-rrzzhhtts4-br16/","","","","","","","","","","","","","","Unavailable","","{""front"":""Exact wind and dimension source pages are not verified."",""side"":""Exact wind and dimension source pages are not verified."",""rear"":""Exact wind and dimension source pages are not verified."",""max"":""Maximum-force direction and matching reference area are not established; no maximum coefficient is inferred.""}"
"PANEL-RECHECK-283","CommScope / ANDREW","V17-010-01-A0-E","Passive","catalogue","","","","","Exact variant not verified","","","","","","","","","","Exact variant sheet needed","","","","","","","CO-200332.2-EN.GB (08/26)","2026-10-02","","","","","https://de.andrew.com/globalassets/digizuite/1019112-bsa-product-guide-emea-co-200332-engb.pdf","736b61a56824c7d9f9e07be0119aa31dd1b0c504060c0907b8441a37ad9a99c3","identity: PDF p. 76, exact visible linked model V17-010-01-A0-E","Identity-only entry from the ANDREW EMEA selection guide. Individual product URL is observed in the PDF annotation; its current availability is not guaranteed. Numerical mechanics / RF await exact-model sheet review. Regional catalogue inclusion does not establish Australian use or current supply.","","","","","","","","https://www.andrew.com/products/base-station-antennas/antennas/itemv17-010-01-a0-e/","","","","","","","","","","","","","","Unavailable","","{""front"":""Exact wind and dimension source pages are not verified."",""side"":""Exact wind and dimension source pages are not verified."",""rear"":""Exact wind and dimension source pages are not verified."",""max"":""Maximum-force direction and matching reference area are not established; no maximum coefficient is inferred.""}"
"PANEL-RECHECK-284","CommScope / ANDREW","V40-010-01-A0-E","Passive","catalogue","","","","","Exact variant not verified","","","","","","","","","","Exact variant sheet needed","","","","","","","CO-200332.2-EN.GB (08/26)","2026-10-02","","","","","https://de.andrew.com/globalassets/digizuite/1019112-bsa-product-guide-emea-co-200332-engb.pdf","736b61a56824c7d9f9e07be0119aa31dd1b0c504060c0907b8441a37ad9a99c3","identity: PDF p. 76, exact visible linked model V40-010-01-A0-E","Identity-only entry from the ANDREW EMEA selection guide. Individual product URL is observed in the PDF annotation; its current availability is not guaranteed. Numerical mechanics / RF await exact-model sheet review. Regional catalogue inclusion does not establish Australian use or current supply.","","","","","","","","https://www.andrew.com/products/base-station-antennas/antennas/itemv40-010-01-a0-e/","","","","","","","","","","","","","","Unavailable","","{""front"":""Exact wind and dimension source pages are not verified."",""side"":""Exact wind and dimension source pages are not verified."",""rear"":""Exact wind and dimension source pages are not verified."",""max"":""Maximum-force direction and matching reference area are not established; no maximum coefficient is inferred.""}"
"PANEL-RECHECK-285","CommScope / ANDREW","V17-001-01-A0-E","Passive","catalogue","","","","","Exact variant not verified","","","","","","","","","","Exact variant sheet needed","","","","","","","CO-200332.2-EN.GB (08/26)","2026-10-02","","","","","https://de.andrew.com/globalassets/digizuite/1019112-bsa-product-guide-emea-co-200332-engb.pdf","736b61a56824c7d9f9e07be0119aa31dd1b0c504060c0907b8441a37ad9a99c3","identity: PDF p. 76, exact visible linked model V17-001-01-A0-E","Identity-only entry from the ANDREW EMEA selection guide. Individual product URL is observed in the PDF annotation; its current availability is not guaranteed. Numerical mechanics / RF await exact-model sheet review. Regional catalogue inclusion does not establish Australian use or current supply.","","","","","","","","https://www.andrew.com/products/base-station-antennas/antennas/itemv17-001-01-a0-e/","","","","","","","","","","","","","","Unavailable","","{""front"":""Exact wind and dimension source pages are not verified."",""side"":""Exact wind and dimension source pages are not verified."",""rear"":""Exact wind and dimension source pages are not verified."",""max"":""Maximum-force direction and matching reference area are not established; no maximum coefficient is inferred.""}"
"PANEL-RECHECK-286","CommScope / ANDREW","V37-001-01-A0-E","Passive","catalogue","","","","","Exact variant not verified","","","","","","","","","","Exact variant sheet needed","","","","","","","CO-200332.2-EN.GB (08/26)","2026-10-02","","","","","https://de.andrew.com/globalassets/digizuite/1019112-bsa-product-guide-emea-co-200332-engb.pdf","736b61a56824c7d9f9e07be0119aa31dd1b0c504060c0907b8441a37ad9a99c3","identity: PDF p. 76, exact visible linked model V37-001-01-A0-E","Identity-only entry from the ANDREW EMEA selection guide. Individual product URL is observed in the PDF annotation; its current availability is not guaranteed. Numerical mechanics / RF await exact-model sheet review. Regional catalogue inclusion does not establish Australian use or current supply.","","","","","","","","https://www.andrew.com/products/base-station-antennas/antennas/itemv37-001-01-a0-e/","","","","","","","","","","","","","","Unavailable","","{""front"":""Exact wind and dimension source pages are not verified."",""side"":""Exact wind and dimension source pages are not verified."",""rear"":""Exact wind and dimension source pages are not verified."",""max"":""Maximum-force direction and matching reference area are not established; no maximum coefficient is inferred.""}"
"PANEL-RECHECK-287","CommScope / ANDREW","V54-001-01-A0-E","Passive","catalogue","","","","","Exact variant not verified","","","","","","","","","","Exact variant sheet needed","","","","","","","CO-200332.2-EN.GB (08/26)","2026-10-02","","","","","https://de.andrew.com/globalassets/digizuite/1019112-bsa-product-guide-emea-co-200332-engb.pdf","736b61a56824c7d9f9e07be0119aa31dd1b0c504060c0907b8441a37ad9a99c3","identity: PDF p. 76, exact visible linked model V54-001-01-A0-E","Identity-only entry from the ANDREW EMEA selection guide. Individual product URL is observed in the PDF annotation; its current availability is not guaranteed. Numerical mechanics / RF await exact-model sheet review. Regional catalogue inclusion does not establish Australian use or current supply.","","","","","","","","https://www.andrew.com/products/base-station-antennas/antennas/itemv54-001-01-a0-e/","","","","","","","","","","","","","","Unavailable","","{""front"":""Exact wind and dimension source pages are not verified."",""side"":""Exact wind and dimension source pages are not verified."",""rear"":""Exact wind and dimension source pages are not verified."",""max"":""Maximum-force direction and matching reference area are not established; no maximum coefficient is inferred.""}"
"PANEL-RECHECK-288","CommScope / ANDREW","V35-011-01-A0-E","Passive","catalogue","","","","","Exact variant not verified","","","","","","","","","","Exact variant sheet needed","","","","","","","CO-200332.2-EN.GB (08/26)","2026-10-02","","","","","https://de.andrew.com/globalassets/digizuite/1019112-bsa-product-guide-emea-co-200332-engb.pdf","736b61a56824c7d9f9e07be0119aa31dd1b0c504060c0907b8441a37ad9a99c3","identity: PDF p. 76, exact visible linked model V35-011-01-A0-E","Identity-only entry from the ANDREW EMEA selection guide. Individual product URL is observed in the PDF annotation; its current availability is not guaranteed. Numerical mechanics / RF await exact-model sheet review. Regional catalogue inclusion does not establish Australian use or current supply.","","","","","","","","https://www.andrew.com/products/base-station-antennas/antennas/itemv35-011-01-a0-e/","","","","","","","","","","","","","","Unavailable","","{""front"":""Exact wind and dimension source pages are not verified."",""side"":""Exact wind and dimension source pages are not verified."",""rear"":""Exact wind and dimension source pages are not verified."",""max"":""Maximum-force direction and matching reference area are not established; no maximum coefficient is inferred.""}"
"PANEL-RECHECK-289","CommScope / ANDREW","V35-012-01-A0-E","Passive","catalogue","","","","","Exact variant not verified","","","","","","","","","","Exact variant sheet needed","","","","","","","CO-200332.2-EN.GB (08/26)","2026-10-02","","","","","https://de.andrew.com/globalassets/digizuite/1019112-bsa-product-guide-emea-co-200332-engb.pdf","736b61a56824c7d9f9e07be0119aa31dd1b0c504060c0907b8441a37ad9a99c3","identity: PDF p. 76, exact visible linked model V35-012-01-A0-E","Identity-only entry from the ANDREW EMEA selection guide. Individual product URL is observed in the PDF annotation; its current availability is not guaranteed. Numerical mechanics / RF await exact-model sheet review. Regional catalogue inclusion does not establish Australian use or current supply.","","","","","","","","https://www.andrew.com/products/base-station-antennas/antennas/itemv35-012-01-a0-e/","","","","","","","","","","","","","","Unavailable","","{""front"":""Exact wind and dimension source pages are not verified."",""side"":""Exact wind and dimension source pages are not verified."",""rear"":""Exact wind and dimension source pages are not verified."",""max"":""Maximum-force direction and matching reference area are not established; no maximum coefficient is inferred.""}"
"PANEL-RECHECK-290","CommScope / ANDREW","RVVSS-50M-F","Passive","catalogue","","","","","Exact variant not verified","","","","","","","","","","Exact variant sheet needed","","","","","","","CO-200332.2-EN.GB (08/26)","2026-10-02","","","","","https://de.andrew.com/globalassets/digizuite/1019112-bsa-product-guide-emea-co-200332-engb.pdf","736b61a56824c7d9f9e07be0119aa31dd1b0c504060c0907b8441a37ad9a99c3","identity: PDF p. 76, exact visible linked model RVVSS-50M-F","Identity-only entry from the ANDREW EMEA selection guide. Individual product URL is observed in the PDF annotation; its current availability is not guaranteed. Numerical mechanics / RF await exact-model sheet review. Regional catalogue inclusion does not establish Australian use or current supply.","","","","","","","","https://www.andrew.com/products/base-station-antennas/antennas/itemrvvss-50m-f/","","","","","","","","","","","","","","Unavailable","","{""front"":""Exact wind and dimension source pages are not verified."",""side"":""Exact wind and dimension source pages are not verified."",""rear"":""Exact wind and dimension source pages are not verified."",""max"":""Maximum-force direction and matching reference area are not established; no maximum coefficient is inferred.""}"
"PANEL-RECHECK-291","CommScope / ANDREW","VS-20T-F0","Passive","catalogue","","","","","Exact variant not verified","","","","","","","","","","Exact variant sheet needed","","","","","","","CO-200332.2-EN.GB (08/26)","2026-10-02","","","","","https://de.andrew.com/globalassets/digizuite/1019112-bsa-product-guide-emea-co-200332-engb.pdf","736b61a56824c7d9f9e07be0119aa31dd1b0c504060c0907b8441a37ad9a99c3","identity: PDF p. 76, exact visible linked model VS-20T-F0","Identity-only entry from the ANDREW EMEA selection guide. Individual product URL is observed in the PDF annotation; its current availability is not guaranteed. Numerical mechanics / RF await exact-model sheet review. Regional catalogue inclusion does not establish Australian use or current supply.","","","","","","","","https://www.andrew.com/products/base-station-antennas/antennas/itemvs-20t-f0/","","","","","","","","","","","","","","Unavailable","","{""front"":""Exact wind and dimension source pages are not verified."",""side"":""Exact wind and dimension source pages are not verified."",""rear"":""Exact wind and dimension source pages are not verified."",""max"":""Maximum-force direction and matching reference area are not established; no maximum coefficient is inferred.""}"
"PANEL-RECHECK-292","CommScope / ANDREW","4SS-15B-R4B","Passive","catalogue","","","","","Exact variant not verified","","","","","","","","","","Exact variant sheet needed","","","","","","","CO-200332.2-EN.GB (08/26)","2026-10-02","","","","","https://de.andrew.com/globalassets/digizuite/1019112-bsa-product-guide-emea-co-200332-engb.pdf","736b61a56824c7d9f9e07be0119aa31dd1b0c504060c0907b8441a37ad9a99c3","identity: PDF p. 77, exact visible linked model 4SS-15B-R4B","Identity-only entry from the ANDREW EMEA selection guide. Individual product URL is observed in the PDF annotation; its current availability is not guaranteed. Numerical mechanics / RF await exact-model sheet review. Regional catalogue inclusion does not establish Australian use or current supply.","","","","","","","","https://www.andrew.com/products/base-station-antennas/antennas/item4ss-15b-r4b/","","","","","","","","","","","","","","Unavailable","","{""front"":""Exact wind and dimension source pages are not verified."",""side"":""Exact wind and dimension source pages are not verified."",""rear"":""Exact wind and dimension source pages are not verified."",""max"":""Maximum-force direction and matching reference area are not established; no maximum coefficient is inferred.""}"
"PANEL-RECHECK-293","CommScope / ANDREW","3FF6VV-2010B-R2B","Passive","catalogue","","","","","Exact variant not verified","","","","","","","","","","Exact variant sheet needed","","","","","","","CO-200332.2-EN.GB (08/26)","2026-10-02","","","","","https://de.andrew.com/globalassets/digizuite/1019112-bsa-product-guide-emea-co-200332-engb.pdf","736b61a56824c7d9f9e07be0119aa31dd1b0c504060c0907b8441a37ad9a99c3","identity: PDF p. 77, exact visible linked model 3FF6VV-2010B-R2B","Identity-only entry from the ANDREW EMEA selection guide. Individual product URL is observed in the PDF annotation; its current availability is not guaranteed. Numerical mechanics / RF await exact-model sheet review. Regional catalogue inclusion does not establish Australian use or current supply.","","","","","","","","https://www.andrew.com/products/base-station-antennas/antennas/item3ff6vv-2010b-r2b/","","","","","","","","","","","","","","Unavailable","","{""front"":""Exact wind and dimension source pages are not verified."",""side"":""Exact wind and dimension source pages are not verified."",""rear"":""Exact wind and dimension source pages are not verified."",""max"":""Maximum-force direction and matching reference area are not established; no maximum coefficient is inferred.""}"
"PANEL-RECHECK-294","CommScope / ANDREW","3FF6VV6SS-B-R3B","Passive","catalogue","","","","","Exact variant not verified","","","","","","","","","","Exact variant sheet needed","","","","","","","CO-200332.2-EN.GB (08/26)","2026-10-02","","","","","https://de.andrew.com/globalassets/digizuite/1019112-bsa-product-guide-emea-co-200332-engb.pdf","736b61a56824c7d9f9e07be0119aa31dd1b0c504060c0907b8441a37ad9a99c3","identity: PDF p. 77, exact visible linked model 3FF6VV6SS-B-R3B","Identity-only entry from the ANDREW EMEA selection guide. Individual product URL is observed in the PDF annotation; its current availability is not guaranteed. Numerical mechanics / RF await exact-model sheet review. Regional catalogue inclusion does not establish Australian use or current supply.","","","","","","","","https://www.andrew.com/products/base-station-antennas/antennas/item3ff6vv6ss-b-r3b/","","","","","","","","","","","","","","Unavailable","","{""front"":""Exact wind and dimension source pages are not verified."",""side"":""Exact wind and dimension source pages are not verified."",""rear"":""Exact wind and dimension source pages are not verified."",""max"":""Maximum-force direction and matching reference area are not established; no maximum coefficient is inferred.""}"
"PANEL-RECHECK-295","CommScope / ANDREW","6VV6SS-10B-R2B","Passive","catalogue","","","","","Exact variant not verified","","","","","","","","","","Exact variant sheet needed","","","","","","","CO-200332.2-EN.GB (08/26)","2026-10-02","","","","","https://de.andrew.com/globalassets/digizuite/1019112-bsa-product-guide-emea-co-200332-engb.pdf","736b61a56824c7d9f9e07be0119aa31dd1b0c504060c0907b8441a37ad9a99c3","identity: PDF p. 77, exact visible linked model 6VV6SS-10B-R2B","Identity-only entry from the ANDREW EMEA selection guide. Individual product URL is observed in the PDF annotation; its current availability is not guaranteed. Numerical mechanics / RF await exact-model sheet review. Regional catalogue inclusion does not establish Australian use or current supply.","","","","","","","","https://www.andrew.com/products/base-station-antennas/antennas/item6vv6ss-10b-r2b/","","","","","","","","","","","","","","Unavailable","","{""front"":""Exact wind and dimension source pages are not verified."",""side"":""Exact wind and dimension source pages are not verified."",""rear"":""Exact wind and dimension source pages are not verified."",""max"":""Maximum-force direction and matching reference area are not established; no maximum coefficient is inferred.""}"
"PANEL-RECHECK-296","CommScope / ANDREW","3X-V65S-C3-3XR","Passive","catalogue","","","","","Exact variant not verified","","","","","","","","","","Exact variant sheet needed","","","","","","","CO-200332.2-EN.GB (08/26)","2026-10-02","","","","","https://de.andrew.com/globalassets/digizuite/1019112-bsa-product-guide-emea-co-200332-engb.pdf","736b61a56824c7d9f9e07be0119aa31dd1b0c504060c0907b8441a37ad9a99c3","identity: PDF p. 78, exact visible linked model 3X-V65S-C3-3XR","Identity-only entry from the ANDREW EMEA selection guide. Individual product URL is observed in the PDF annotation; its current availability is not guaranteed. Numerical mechanics / RF await exact-model sheet review. Regional catalogue inclusion does not establish Australian use or current supply.","","","","","","","","https://www.andrew.com/products/base-station-antennas/antennas/item3x-v65s-c3-3xr/","","","","","","","","","","","","","","Unavailable","","{""front"":""Exact wind and dimension source pages are not verified."",""side"":""Exact wind and dimension source pages are not verified."",""rear"":""Exact wind and dimension source pages are not verified."",""max"":""Maximum-force direction and matching reference area are not established; no maximum coefficient is inferred.""}"
"PANEL-RECHECK-297","CommScope / ANDREW","DB992HG28N-B","Passive","catalogue","","","","","Exact variant not verified","","","","","","","","","","Exact variant sheet needed","","","","","","","CO-200332.2-EN.GB (08/26)","2026-10-02","","","","","https://de.andrew.com/globalassets/digizuite/1019112-bsa-product-guide-emea-co-200332-engb.pdf","736b61a56824c7d9f9e07be0119aa31dd1b0c504060c0907b8441a37ad9a99c3","identity: PDF p. 78, exact visible linked model DB992HG28N-B","Identity-only entry from the ANDREW EMEA selection guide. Individual product URL is observed in the PDF annotation; its current availability is not guaranteed. Numerical mechanics / RF await exact-model sheet review. Regional catalogue inclusion does not establish Australian use or current supply.","","","","","","","","https://www.andrew.com/products/base-station-antennas/antennas/itemdb992hg28n-b/","","","","","","","","","","","","","","Unavailable","","{""front"":""Exact wind and dimension source pages are not verified."",""side"":""Exact wind and dimension source pages are not verified."",""rear"":""Exact wind and dimension source pages are not verified."",""max"":""Maximum-force direction and matching reference area are not established; no maximum coefficient is inferred.""}"
"PANEL-RECHECK-298","CommScope / ANDREW","VV-65T-F-V3","Passive","catalogue","","","","","Exact variant not verified","","","","","","","","","","Exact variant sheet needed","","","","","","","CO-200332.2-EN.GB (08/26)","2026-10-02","","","","","https://de.andrew.com/globalassets/digizuite/1019112-bsa-product-guide-emea-co-200332-engb.pdf","736b61a56824c7d9f9e07be0119aa31dd1b0c504060c0907b8441a37ad9a99c3","identity: PDF p. 78, exact visible linked model VV-65T-F-V3","Identity-only entry from the ANDREW EMEA selection guide. Individual product URL is observed in the PDF annotation; its current availability is not guaranteed. Numerical mechanics / RF await exact-model sheet review. Regional catalogue inclusion does not establish Australian use or current supply.","","","","","","","","https://www.andrew.com/products/base-station-antennas/antennas/itemvv-65t-f-v3/","","","","","","","","","","","","","","Unavailable","","{""front"":""Exact wind and dimension source pages are not verified."",""side"":""Exact wind and dimension source pages are not verified."",""rear"":""Exact wind and dimension source pages are not verified."",""max"":""Maximum-force direction and matching reference area are not established; no maximum coefficient is inferred.""}"
"PANEL-RECHECK-299","CommScope / ANDREW","SS-65T-F","Passive","catalogue","","","","","Exact variant not verified","","","","","","","","","","Exact variant sheet needed","","","","","","","CO-200332.2-EN.GB (08/26)","2026-10-02","","","","","https://de.andrew.com/globalassets/digizuite/1019112-bsa-product-guide-emea-co-200332-engb.pdf","736b61a56824c7d9f9e07be0119aa31dd1b0c504060c0907b8441a37ad9a99c3","identity: PDF p. 78, exact visible linked model SS-65T-F","Identity-only entry from the ANDREW EMEA selection guide. Individual product URL is observed in the PDF annotation; its current availability is not guaranteed. Numerical mechanics / RF await exact-model sheet review. Regional catalogue inclusion does not establish Australian use or current supply.","","","","","","","","https://www.andrew.com/products/base-station-antennas/antennas/itemss-65t-f/","","","","","","","","","","","","","","Unavailable","","{""front"":""Exact wind and dimension source pages are not verified."",""side"":""Exact wind and dimension source pages are not verified."",""rear"":""Exact wind and dimension source pages are not verified."",""max"":""Maximum-force direction and matching reference area are not established; no maximum coefficient is inferred.""}"
"PANEL-RECHECK-300","CommScope / ANDREW","VVSSP-360S-D","Passive","catalogue","","","","","Exact variant not verified","","","","","","","","","","Exact variant sheet needed","","","","","","","CO-200332.2-EN.GB (08/26)","2026-10-02","","","","","https://de.andrew.com/globalassets/digizuite/1019112-bsa-product-guide-emea-co-200332-engb.pdf","736b61a56824c7d9f9e07be0119aa31dd1b0c504060c0907b8441a37ad9a99c3","identity: PDF p. 79, exact visible linked model VVSSP-360S-D","Identity-only entry from the ANDREW EMEA selection guide. Individual product URL is observed in the PDF annotation; its current availability is not guaranteed. Numerical mechanics / RF await exact-model sheet review. Regional catalogue inclusion does not establish Australian use or current supply.","","","","","","","","https://www.andrew.com/products/base-station-antennas/antennas/itemvvssp-360s-d/","","","","","","","","","","","","","","Unavailable","","{""front"":""Exact wind and dimension source pages are not verified."",""side"":""Exact wind and dimension source pages are not verified."",""rear"":""Exact wind and dimension source pages are not verified."",""max"":""Maximum-force direction and matching reference area are not established; no maximum coefficient is inferred.""}"
"PANEL-RECHECK-301","CommScope / ANDREW","VVSSP-360S-F","Passive","catalogue","","","","","Exact variant not verified","","","","","","","","","","Exact variant sheet needed","","","","","","","CO-200332.2-EN.GB (08/26)","2026-10-02","","","","","https://de.andrew.com/globalassets/digizuite/1019112-bsa-product-guide-emea-co-200332-engb.pdf","736b61a56824c7d9f9e07be0119aa31dd1b0c504060c0907b8441a37ad9a99c3","identity: PDF p. 79, exact visible linked model VVSSP-360S-F","Identity-only entry from the ANDREW EMEA selection guide. Individual product URL is observed in the PDF annotation; its current availability is not guaranteed. Numerical mechanics / RF await exact-model sheet review. Regional catalogue inclusion does not establish Australian use or current supply.","","","","","","","","https://www.andrew.com/products/base-station-antennas/antennas/itemvvssp-360s-f/","","","","","","","","","","","","","","Unavailable","","{""front"":""Exact wind and dimension source pages are not verified."",""side"":""Exact wind and dimension source pages are not verified."",""rear"":""Exact wind and dimension source pages are not verified."",""max"":""Maximum-force direction and matching reference area are not established; no maximum coefficient is inferred.""}"
"PANEL-RECHECK-302","CommScope / ANDREW","VVSSP-360S-M","Passive","catalogue","","","","","Exact variant not verified","","","","","","","","","","Exact variant sheet needed","","","","","","","CO-200332.2-EN.GB (08/26)","2026-10-02","","","","","https://de.andrew.com/globalassets/digizuite/1019112-bsa-product-guide-emea-co-200332-engb.pdf","736b61a56824c7d9f9e07be0119aa31dd1b0c504060c0907b8441a37ad9a99c3","identity: PDF p. 79, exact visible linked model VVSSP-360S-M","Identity-only entry from the ANDREW EMEA selection guide. Individual product URL is observed in the PDF annotation; its current availability is not guaranteed. Numerical mechanics / RF await exact-model sheet review. Regional catalogue inclusion does not establish Australian use or current supply.","","","","","","","","https://www.andrew.com/products/base-station-antennas/antennas/itemvvssp-360s-m/","","","","","","","","","","","","","","Unavailable","","{""front"":""Exact wind and dimension source pages are not verified."",""side"":""Exact wind and dimension source pages are not verified."",""rear"":""Exact wind and dimension source pages are not verified."",""max"":""Maximum-force direction and matching reference area are not established; no maximum coefficient is inferred.""}"
"PANEL-RECHECK-303","CommScope / ANDREW","VVSSP-45S-R1BV2","Passive","catalogue","","","","","Exact variant not verified","","","","","","","","","","Exact variant sheet needed","","","","","","","CO-200332.2-EN.GB (08/26)","2026-10-02","","","","","https://de.andrew.com/globalassets/digizuite/1019112-bsa-product-guide-emea-co-200332-engb.pdf","736b61a56824c7d9f9e07be0119aa31dd1b0c504060c0907b8441a37ad9a99c3","identity: PDF p. 79, exact visible linked model VVSSP-45S-R1BV2","Identity-only entry from the ANDREW EMEA selection guide. Individual product URL is observed in the PDF annotation; its current availability is not guaranteed. Numerical mechanics / RF await exact-model sheet review. Regional catalogue inclusion does not establish Australian use or current supply.","","","","","","","","https://www.andrew.com/products/base-station-antennas/antennas/itemvvssp-45s-r1bv2/","","","","","","","","","","","","","","Unavailable","","{""front"":""Exact wind and dimension source pages are not verified."",""side"":""Exact wind and dimension source pages are not verified."",""rear"":""Exact wind and dimension source pages are not verified."",""max"":""Maximum-force direction and matching reference area are not established; no maximum coefficient is inferred.""}"
"PANEL-RECHECK-304","CommScope / ANDREW","VVSSP-65S-R1B","Passive","catalogue","","","","","Exact variant not verified","","","","","","","","","","Exact variant sheet needed","","","","","","","CO-200332.2-EN.GB (08/26)","2026-10-02","","","","","https://de.andrew.com/globalassets/digizuite/1019112-bsa-product-guide-emea-co-200332-engb.pdf","736b61a56824c7d9f9e07be0119aa31dd1b0c504060c0907b8441a37ad9a99c3","identity: PDF p. 79, exact visible linked model VVSSP-65S-R1B","Identity-only entry from the ANDREW EMEA selection guide. Individual product URL is observed in the PDF annotation; its current availability is not guaranteed. Numerical mechanics / RF await exact-model sheet review. Regional catalogue inclusion does not establish Australian use or current supply.","","","","","","","","https://www.andrew.com/products/base-station-antennas/antennas/itemvvssp-65s-r1b/","","","","","","","","","","","","","","Unavailable","","{""front"":""Exact wind and dimension source pages are not verified."",""side"":""Exact wind and dimension source pages are not verified."",""rear"":""Exact wind and dimension source pages are not verified."",""max"":""Maximum-force direction and matching reference area are not established; no maximum coefficient is inferred.""}"
"PANEL-RECHECK-305","CommScope / ANDREW","VVSS-180HS-F2","Passive","catalogue","","","","","Exact variant not verified","","","","","","","","","","Exact variant sheet needed","","","","","","","CO-200332.2-EN.GB (08/26)","2026-10-02","","","","","https://de.andrew.com/globalassets/digizuite/1019112-bsa-product-guide-emea-co-200332-engb.pdf","736b61a56824c7d9f9e07be0119aa31dd1b0c504060c0907b8441a37ad9a99c3","identity: PDF p. 79, exact visible linked model VVSS-180HS-F2","Identity-only entry from the ANDREW EMEA selection guide. Individual product URL is observed in the PDF annotation; its current availability is not guaranteed. Numerical mechanics / RF await exact-model sheet review. Regional catalogue inclusion does not establish Australian use or current supply.","","","","","","","","https://www.andrew.com/products/base-station-antennas/antennas/itemvvss-180hs-f2/","","","","","","","","","","","","","","Unavailable","","{""front"":""Exact wind and dimension source pages are not verified."",""side"":""Exact wind and dimension source pages are not verified."",""rear"":""Exact wind and dimension source pages are not verified."",""max"":""Maximum-force direction and matching reference area are not established; no maximum coefficient is inferred.""}"
"PANEL-RECHECK-306","CommScope / ANDREW","VVSS-65PS-F2","Passive","catalogue","","","","","Exact variant not verified","","","","","","","","","","Exact variant sheet needed","","","","","","","CO-200332.2-EN.GB (08/26)","2026-10-02","","","","","https://de.andrew.com/globalassets/digizuite/1019112-bsa-product-guide-emea-co-200332-engb.pdf","736b61a56824c7d9f9e07be0119aa31dd1b0c504060c0907b8441a37ad9a99c3","identity: PDF p. 79, exact visible linked model VVSS-65PS-F2","Identity-only entry from the ANDREW EMEA selection guide. Individual product URL is observed in the PDF annotation; its current availability is not guaranteed. Numerical mechanics / RF await exact-model sheet review. Regional catalogue inclusion does not establish Australian use or current supply.","","","","","","","","https://www.andrew.com/products/base-station-antennas/antennas/itemvvss-65ps-f2/","","","","","","","","","","","","","","Unavailable","","{""front"":""Exact wind and dimension source pages are not verified."",""side"":""Exact wind and dimension source pages are not verified."",""rear"":""Exact wind and dimension source pages are not verified."",""max"":""Maximum-force direction and matching reference area are not established; no maximum coefficient is inferred.""}"
"PANEL-RECHECK-307","CommScope / ANDREW","V4SSPP-360S-F","Passive","catalogue","","","","","Exact variant not verified","","","","","","","","","","Exact variant sheet needed","","","","","","","CO-200332.2-EN.GB (08/26)","2026-10-02","","","","","https://de.andrew.com/globalassets/digizuite/1019112-bsa-product-guide-emea-co-200332-engb.pdf","736b61a56824c7d9f9e07be0119aa31dd1b0c504060c0907b8441a37ad9a99c3","identity: PDF p. 80, exact visible linked model V4SSPP-360S-F","Identity-only entry from the ANDREW EMEA selection guide. Individual product URL is observed in the PDF annotation; its current availability is not guaranteed. Numerical mechanics / RF await exact-model sheet review. Regional catalogue inclusion does not establish Australian use or current supply.","","","","","","","","https://www.andrew.com/products/base-station-antennas/antennas/itemv4sspp-360s-f/","","","","","","","","","","","","","","Unavailable","","{""front"":""Exact wind and dimension source pages are not verified."",""side"":""Exact wind and dimension source pages are not verified."",""rear"":""Exact wind and dimension source pages are not verified."",""max"":""Maximum-force direction and matching reference area are not established; no maximum coefficient is inferred.""}"
"PANEL-RECHECK-308","CommScope / ANDREW","V4S4-360S-BF2","Passive","catalogue","","","","","Exact variant not verified","","","","","","","","","","Exact variant sheet needed","","","","","","","CO-200332.2-EN.GB (08/26)","2026-10-02","","","","","https://de.andrew.com/globalassets/digizuite/1019112-bsa-product-guide-emea-co-200332-engb.pdf","736b61a56824c7d9f9e07be0119aa31dd1b0c504060c0907b8441a37ad9a99c3","identity: PDF p. 80, exact visible linked model V4S4-360S-BF2","Identity-only entry from the ANDREW EMEA selection guide. Individual product URL is observed in the PDF annotation; its current availability is not guaranteed. Numerical mechanics / RF await exact-model sheet review. Regional catalogue inclusion does not establish Australian use or current supply.","","","","","","","","https://www.andrew.com/products/base-station-antennas/antennas/itemv4s4-360s-bf2/","","","","","","","","","","","","","","Unavailable","","{""front"":""Exact wind and dimension source pages are not verified."",""side"":""Exact wind and dimension source pages are not verified."",""rear"":""Exact wind and dimension source pages are not verified."",""max"":""Maximum-force direction and matching reference area are not established; no maximum coefficient is inferred.""}"
"PANEL-RECHECK-309","CommScope / ANDREW","V4S4-360S-F2","Passive","catalogue","","","","","Exact variant not verified","","","","","","","","","","Exact variant sheet needed","","","","","","","CO-200332.2-EN.GB (08/26)","2026-10-02","","","","","https://de.andrew.com/globalassets/digizuite/1019112-bsa-product-guide-emea-co-200332-engb.pdf","736b61a56824c7d9f9e07be0119aa31dd1b0c504060c0907b8441a37ad9a99c3","identity: PDF p. 80, exact visible linked model V4S4-360S-F2","Identity-only entry from the ANDREW EMEA selection guide. Individual product URL is observed in the PDF annotation; its current availability is not guaranteed. Numerical mechanics / RF await exact-model sheet review. Regional catalogue inclusion does not establish Australian use or current supply.","","","","","","","","https://www.andrew.com/products/base-station-antennas/antennas/itemv4s4-360s-f2/","","","","","","","","","","","","","","Unavailable","","{""front"":""Exact wind and dimension source pages are not verified."",""side"":""Exact wind and dimension source pages are not verified."",""rear"":""Exact wind and dimension source pages are not verified."",""max"":""Maximum-force direction and matching reference area are not established; no maximum coefficient is inferred.""}"
"PANEL-RECHECK-310","CommScope / ANDREW","KKV4S4SS-360A-BF","Passive","catalogue","","","","","Exact variant not verified","","","","","","","","","","Exact variant sheet needed","","","","","","","CO-200332.2-EN.GB (08/26)","2026-10-02","","","","","https://de.andrew.com/globalassets/digizuite/1019112-bsa-product-guide-emea-co-200332-engb.pdf","736b61a56824c7d9f9e07be0119aa31dd1b0c504060c0907b8441a37ad9a99c3","identity: PDF p. 80, exact visible linked model KKV4S4SS-360A-BF","Identity-only entry from the ANDREW EMEA selection guide. Individual product URL is observed in the PDF annotation; its current availability is not guaranteed. Numerical mechanics / RF await exact-model sheet review. Regional catalogue inclusion does not establish Australian use or current supply.","","","","","","","","https://www.andrew.com/products/base-station-antennas/antennas/itemkkv4s4ss-360a-bf/","","","","","","","","","","","","","","Unavailable","","{""front"":""Exact wind and dimension source pages are not verified."",""side"":""Exact wind and dimension source pages are not verified."",""rear"":""Exact wind and dimension source pages are not verified."",""max"":""Maximum-force direction and matching reference area are not established; no maximum coefficient is inferred.""}"
"PANEL-RECHECK-311","CommScope / ANDREW","RRVVSS-360M-M","Passive","catalogue","","","","","Exact variant not verified","","","","","","","","","","Exact variant sheet needed","","","","","","","CO-200332.2-EN.GB (08/26)","2026-10-02","","","","","https://de.andrew.com/globalassets/digizuite/1019112-bsa-product-guide-emea-co-200332-engb.pdf","736b61a56824c7d9f9e07be0119aa31dd1b0c504060c0907b8441a37ad9a99c3","identity: PDF p. 81, exact visible linked model RRVVSS-360M-M","Identity-only entry from the ANDREW EMEA selection guide. Individual product URL is observed in the PDF annotation; its current availability is not guaranteed. Numerical mechanics / RF await exact-model sheet review. Regional catalogue inclusion does not establish Australian use or current supply.","","","","","","","","https://www.andrew.com/products/base-station-antennas/antennas/itemrrvvss-360m-m/","","","","","","","","","","","","","","Unavailable","","{""front"":""Exact wind and dimension source pages are not verified."",""side"":""Exact wind and dimension source pages are not verified."",""rear"":""Exact wind and dimension source pages are not verified."",""max"":""Maximum-force direction and matching reference area are not established; no maximum coefficient is inferred.""}"
"PANEL-RECHECK-318","Nokia","IPAA+","Hybrid","family","","","","","Exact variant not verified","","","","","","","","","","Interleaved Passive Active Antenna platform; exact assembly needed","","","","","","","Public portfolio snapshot, 2 October 2026","2026-10-02","","","","","https://www.nokia.com/radio-access/macro-radios/massive-mimo/","96d5af314bdd1fdf82263809009bc81a6288da41a6e115e5d2ebbdd3d6d24ced","identity: Public massive-MIMO portfolio, IPAA+ section","IPAA+ is a manufacturer platform identity, separate from the older Twin Beam IPAA Australian deployment. Dimensions, mass and wind depend on the selected passive panel, massive-MIMO radio and mounting assembly; no assembly values or Australian use inferred.","","","","","","","","","","","","","","","","","","","","","","Unavailable","","{""front"":""Exact wind and dimension source pages are not verified."",""side"":""Exact wind and dimension source pages are not verified."",""rear"":""Exact wind and dimension source pages are not verified."",""max"":""Maximum-force direction and matching reference area are not established; no maximum coefficient is inferred.""}"
"PANEL-RECHECK-319","Ericsson","AIR 4435 B77D","Active","family","","","","","Exact variant not verified","","","","","","","","","","Manufacturer band label B77D; exact operating range not verified","","","","","","","Public hardware overview snapshot, 2 October 2026","2026-10-02","","","","","https://cradlepoint.ericsson.com/products/radios/antenna-integrated-radio/","c2325d0f2bdf0f28c49f60bfffc3e58ea05106e715e69253072457f6921660d2","identity: Hardware specs: Supported bands / Transmit power / Weight exact variant","Public Ericsson private-network overview identifies this exact variant and lists 6.4 kg. Mounting-kit inclusion, document revision and exact mechanical sheet are not stated, so this overview weight is not adopted into numerical comparison. No Australian operator deployment inferred.","","","","","","","","","","","","","","","","","","","","","","Unavailable","","{""front"":""Exact wind and dimension source pages are not verified."",""side"":""Exact wind and dimension source pages are not verified."",""rear"":""Exact wind and dimension source pages are not verified."",""max"":""Maximum-force direction and matching reference area are not established; no maximum coefficient is inferred.""}"
"PANEL-RECHECK-320","Ericsson","AIR 4435 B41","Active","family","","","","","Exact variant not verified","","","","","","","","","","Manufacturer band label B41; exact operating range not verified","","","","","","","Public hardware overview snapshot, 2 October 2026","2026-10-02","","","","","https://cradlepoint.ericsson.com/products/radios/antenna-integrated-radio/","c2325d0f2bdf0f28c49f60bfffc3e58ea05106e715e69253072457f6921660d2","identity: Hardware specs: Supported bands / Transmit power / Weight exact variant","Public Ericsson private-network overview identifies this exact variant and lists 6.7 kg. Mounting-kit inclusion, document revision and exact mechanical sheet are not stated, so this overview weight is not adopted into numerical comparison. No Australian operator deployment inferred.","","","","","","","","","","","","","","","","","","","","","","Unavailable","","{""front"":""Exact wind and dimension source pages are not verified."",""side"":""Exact wind and dimension source pages are not verified."",""rear"":""Exact wind and dimension source pages are not verified."",""max"":""Maximum-force direction and matching reference area are not established; no maximum coefficient is inferred.""}"
"PANEL-RECHECK-321","Ericsson","AIR 3278 B78K","Active","family","","","","","Exact variant not verified","","","","","","","","","","Manufacturer band label B78K; exact operating range not verified","","","","","","","Public hardware overview snapshot, 2 October 2026","2026-10-02","","","","","https://cradlepoint.ericsson.com/products/radios/antenna-integrated-radio/","c2325d0f2bdf0f28c49f60bfffc3e58ea05106e715e69253072457f6921660d2","identity: Hardware specs: Supported bands / Transmit power / Weight exact variant","Public Ericsson private-network overview identifies this exact variant and lists 25 kg. Mounting-kit inclusion, document revision and exact mechanical sheet are not stated, so this overview weight is not adopted into numerical comparison. No Australian operator deployment inferred.","","","","","","","","","","","","","","","","","","","","","","Unavailable","","{""front"":""Exact wind and dimension source pages are not verified."",""side"":""Exact wind and dimension source pages are not verified."",""rear"":""Exact wind and dimension source pages are not verified."",""max"":""Maximum-force direction and matching reference area are not established; no maximum coefficient is inferred.""}"
